name,primalbound,noncvx_bonmin.obj,noncvx_bonmin.load_time,noncvx_bonmin.calc_time,noncvx_bonmin.solver_time,noncvx_bonmin.python_time,noncvx_bonmin.iter_nr,noncvx_bonmin.NLP_runs,noncvx_bonmin.FNLP_runs,noncvx_bonmin.MIQP_runs,noncvx_bonmin.MILP_runs,noncvx_sbmiqp.obj,noncvx_sbmiqp.dual_obj,noncvx_sbmiqp.load_time,noncvx_sbmiqp.calc_time,noncvx_sbmiqp.iter_nr,noncvx_sbmiqp.NLP_runs,noncvx_sbmiqp.FNLP_runs,noncvx_sbmiqp.MIQP_runs,noncvx_sbmiqp.MILP_runs,noncvx_sbmiqp_ee.obj,noncvx_sbmiqp_ee.dual_obj,noncvx_sbmiqp_ee.load_time,noncvx_sbmiqp_ee.calc_time,noncvx_sbmiqp_ee.iter_nr,noncvx_sbmiqp_ee.NLP_runs,noncvx_sbmiqp_ee.FNLP_runs,noncvx_sbmiqp_ee.MIQP_runs,noncvx_sbmiqp_ee.MILP_runs,noncvx_shot.obj,noncvx_shot.dual_obj,noncvx_shot.calc_time,noncvx_shot.NLP_runs,noncvx_shot.MIP_runs,noncvx_shot.relaxed_MIP_runs
4stufen,116329.6706,116784.99577870706,0,1.4373975777998567,0.7895010000000302,0,0,0,0,0,0,-inf,FAILED,"Integer infeasible: [0.45871302 0.47159651 0.48770787 0.49897205 0.41956766 0.44410436
 0.4755481  0.49794407 0.35243643 0.3942027  0.45206631 0.49588782
 0.26148627 0.31727586 0.41004966 0.49177319 0.1701478  0.22387029
 0.3453399  0.48352776 0.09821255 0.13655661 0.26107188 0.46693856
 0.05234393 0.07478848 0.16851615 0.43367229 0.02691892 0.03885953
 0.09408535 0.3732056  0.3410676  0.34183691 0.34604231 0.34144394
 0.26159519 0.26252448 0.2675856  0.26216892 0.17578383 0.17673717
 0.18192035 0.17648159 0.10196298 0.10270019 0.10672053 0.10254124] (array([ 0,  1,  2,  3,  4,  5,  6,  7,  8,  9, 10, 11, 12, 13, 14, 15, 16,
       17, 18, 19, 20, 21, 22, 23, 24, 25, 26, 27, 28, 29, 30, 31, 32, 33,
       34, 35, 36, 37, 38, 39, 40, 41, 42, 43, 44, 45, 46, 47]),)",NAN,NAN,NAN,NAN,NAN,NAN,-inf,FAILED,"Integer infeasible: [0.45871302 0.47159651 0.48770787 0.49897205 0.41956766 0.44410436
 0.4755481  0.49794407 0.35243643 0.3942027  0.45206631 0.49588782
 0.26148627 0.31727586 0.41004966 0.49177319 0.1701478  0.22387029
 0.3453399  0.48352776 0.09821255 0.13655661 0.26107188 0.46693856
 0.05234393 0.07478848 0.16851615 0.43367229 0.02691892 0.03885953
 0.09408535 0.3732056  0.3410676  0.34183691 0.34604231 0.34144394
 0.26159519 0.26252448 0.2675856  0.26216892 0.17578383 0.17673717
 0.18192035 0.17648159 0.10196298 0.10270019 0.10672053 0.10254124] (array([ 0,  1,  2,  3,  4,  5,  6,  7,  8,  9, 10, 11, 12, 13, 14, 15, 16,
       17, 18, 19, 20, 21, 22, 23, 24, 25, 26, 27, 28, 29, 30, 31, 32, 33,
       34, 35, 36, 37, 38, 39, 40, 41, 42, 43, 44, 45, 46, 47]),)",NAN,NAN,NAN,NAN,NAN,NAN,1.7976931348623157e+308,91797.544247370708,16.171350570999998,19,00240,00
autocorr_bern20-05,-416.0,-407.99999999999,0,0.013936345465481281,0.010671,0,0,0,0,0,0,-384.0000000074941,-384.0000050873999,0.015693099005147815,0.018256793962791562,2,2,0,2,0,-384.0000000074941,-313.16377037391067,0.016003896947950125,0.018235804978758097,2,2,0,2,0,-416.00000000000006,-416.00000000000006,2.502480514,0,0010,10
autocorr_bern20-10,-2936.0,-2887.99999999999,0,0.03412287496030331,0.04719099999999998,0,0,0,0,0,0,-2928.0000000074942,-2928.0000000074942,0.016624197945930064,0.02957203600089997,2,2,0,2,1,-2928.0000000074942,-2812.716012954712,0.01675384200643748,0.025547861005179584,2,2,0,2,0,-2936,-2936,65.634566984,1,0010,10
autocorr_bern20-15,-5960.0,-5819.99999999999,0,0.023506835103034973,0.032231,0,0,0,0,0,0,-5820.000000007494,-5820.000023957375,0.020598553935997188,0.028025067993439734,2,2,0,2,0,-5820.000000007494,-5820.000001907349,0.021286054980009794,0.027406350942328572,2,2,0,2,0,-5960,-5960,200.572152673,3,0010,10
autocorr_bern25-06,-960.0,-927.99999999999,0,0.019732842221856117,0.020444,0,0,0,0,0,0,-944.0000000074941,-944.0000140323688,0.01467669301200658,0.023184268968179822,2,2,0,2,0,-944.0000000074941,-838.3630585372448,0.014823539066128433,0.023358699050731957,2,2,0,2,0,-960,-960,107.260526965,0,0010,10
autocorr_bern25-13,-8148.0,-8063.99999999999,0,0.045006719417870045,0.08379900000000001,0,0,0,0,0,0,-7992.000000007494,-7992.0000405845485,0.024003128986805677,0.023699578014202416,2,2,0,2,0,-7992.000000007494,-7991.999954223633,0.02490214293356985,0.025112836039625108,2,2,0,2,0,-8148.0000000099908,-12237.333333333328,299.98398353299996,3,1000,10
autocorr_bern25-19,-14644.0,-14495.99999999999,0,0.061768037267029285,0.14410399999999993,0,0,0,0,0,0,-14500.000000007494,-14500.000000007494,0.03177523904014379,0.03613783896435052,2,2,0,2,1,-14500.000000007494,-14499.999908447266,0.03372764494270086,0.034328324953094125,2,2,0,2,0,-14588.00000000999,-50151.602684107682,299.970364084,3,1000,10
autocorr_bern25-25,-10664.0,-10431.99999999999,0,0.06536315754055977,0.162809,0,0,0,0,0,0,-10544.000000007494,-10544.000000007494,0.035784902051091194,0.03295519796665758,2,2,0,2,1,-10544.000000007494,-10543.99984741211,0.03626480104867369,0.030248741037212312,2,2,0,2,0,-10656.00000000999,-56506.276976691042,299.965274806,7,1000,10
autocorr_bern30-04,-324.0,-319.99999999999,0,0.013081572018563747,0.010081,0,0,0,0,0,0,-320.0000000074941,-320.0000080923257,0.014669368974864483,0.023048026952892542,2,2,0,2,0,-320.0000000074941,-320.00000095926225,0.014826682978309691,0.023074510041624308,2,2,0,2,0,-324,-324,12.81884233,0,0010,10
autocorr_bern30-08,-2952.0,-2903.99999999999,0,0.04110400751233101,0.06874700000000002,0,0,0,0,0,0,-2904.0000000074942,-2904.0000236123183,0.019972852081991732,0.027361301006749272,2,2,0,2,0,-2904.0000000074942,-2904.000000476837,0.01987541897688061,0.0273515940643847,2,2,0,2,0,-2952.0000000099894,-4921.5724137931002,300.000033706,2,1000,10
autocorr_bern30-15,-15744.0,-15423.99999999999,0,0.054001281037926674,0.10803299999999999,0,0,0,0,0,0,-15424.000000007494,-15424.000000007494,0.033468506997451186,0.03674029198009521,2,2,0,2,1,-15424.000000007494,-15423.999969482422,0.03323992597870529,0.03252020408399403,2,2,0,2,0,-15744.000000009994,-49957.3856624849,299.972882923,5,1000,10
autocorr_bern30-23,-30460.0,-29783.99999999999,0,0.052139824256300926,0.13585599999999998,0,0,0,0,0,0,-30184.000000007494,-30184.000000007494,0.04788121301680803,0.042595575912855566,2,2,0,2,1,-30184.000000007494,-30183.999267578125,0.048497444950044155,0.03988790791481733,2,2,0,2,0,-30276.00000000999,-167436.47619047627,299.94718014,3,1000,10
autocorr_bern30-30,-22888.0,-22567.99999999999,0,0.06470216065645218,0.19161399999999992,0,0,0,0,0,0,-22512.000000007494,-22512.000133532405,0.05447093804832548,0.03624768101144582,2,2,0,2,0,-22512.000000007494,-22512.000122070312,0.05567628308199346,0.037080113077536225,2,2,0,2,0,-22472.00000000999,-141606.57763220393,299.970881655,5,1000,10
autocorr_bern35-04,-384.0,-383.99999999999,0,0.013957311399281025,0.01149,0,0,0,0,0,0,-368.0000000074941,-368.0000082990913,0.016220327001065016,0.021513217012397945,2,2,0,2,0,-368.0000000074941,-367.3700621239841,0.016376622952520847,0.02150357305072248,2,2,0,2,0,-384,-384,66.417047112,0,0010,10
autocorr_bern35-09,-5108.0,-5047.99999999999,0,0.05085981171578169,0.102832,0,0,0,0,0,0,-5080.000000007494,-5080.000040562308,0.02405884105246514,0.033440614002756774,2,2,0,2,0,-5080.000000007494,-4953.07208442688,0.024632859975099564,0.03396597702521831,2,2,0,2,0,-5104.0000000099899,-13184,299.98752314899997,3,1000,10
autocorr_bern35-18,-31168.0,-31071.99999999999,0,0.06068149581551552,0.167928,0,0,0,0,0,0,-30976.000000007494,-30976.000000007494,0.04928365000523627,0.04788383899722248,2,2,0,2,1,-30976.000000007494,-30975.999755859375,0.048399008926935494,0.04158630908932537,2,2,0,2,0,-31072.000000009986,-162241.66284774774,299.97842793,7,1000,10
autocorr_bern35-26,-55288.0,-54863.99999999999,0,0.07983136177062988,0.23428200000000016,0,0,0,0,0,0,-55072.000000007494,-55072.000000007494,0.07212668401189148,0.052002096083015203,2,2,0,2,1,-55072.000000007494,-55071.998046875,0.06983610591851175,0.047499498003162444,2,2,0,2,0,-55096.000000009997,-362226.55759137351,299.928109577,4,1000,10
autocorr_bern35-35fix,-41068.0,-40283.99999999999,0,0.10261924471706152,0.26310099999999936,0,0,0,0,0,0,-40468.000000007494,-40468.00023616041,0.08249726193025708,0.05714881606400013,2,2,0,2,0,-40468.000000007494,-40468.00023616041,0.08321333699859679,0.057408498018048704,2,2,0,2,0,-40284.00000000999,-309919.86345278565,299.920791317,7,1000,10
autocorr_bern40-05,-936.0,-911.99999999999,0,0.018162362277507782,0.020013,0,0,0,0,0,0,-896.0000000074941,-896.0000153363638,0.01981238299049437,0.023566822987049818,2,2,0,2,0,-896.0000000074941,-821.9342109709978,0.02020120096858591,0.024165695998817682,2,2,0,2,0,-936.00000000999,-1287.6563279857398,299.996539529,2,1000,10
autocorr_bern40-10,-8248.0,-8127.99999999999,0,0.05070776119828224,0.11751199999999998,0,0,0,0,0,0,-8144.000000007494,-8144.000000007494,0.030704225064255297,0.029612907906994224,2,2,0,2,1,-8144.000000007494,-8143.999961853027,0.031104424968361855,0.026686540921218693,2,2,0,2,0,-8232.0000000099899,-29590.058999892277,299.981020864,5,1000,10
autocorr_bern40-20,-50576.0,-50055.99999999999,0,0.04523150622844696,0.13671399999999997,0,0,0,0,0,0,-50240.000000007494,-50240.000186307356,0.06401569303125143,0.046865341952070594,2,2,0,2,0,-50240.000000007494,-50240.000186307356,0.06464438408147544,0.05115780292544514,2,2,0,2,0,-50344.00000000999,-298029.09567619237,299.925545374,5,1000,10
autocorr_bern40-30,-94992.0,-93943.99999999999,0,0.09694803692400455,0.27286800000000005,0,0,0,0,0,0,-94576.0000000075,-94576.00026310746,0.1015168430749327,0.057722817989997566,2,2,0,2,0,-94576.0000000075,-94576.00026310746,0.10526171897072345,0.06073299306444824,2,2,0,2,0,-93960.000000010012,-755446.22386350017,299.88107971899996,3,1000,10
autocorr_bern40-40,-67964.0,-67395.99999999999,0,0.08210696280002594,0.28565000000000007,0,0,0,0,0,0,-67392.0000000075,-67392.0000000075,0.11995152407325804,0.06328812800347805,2,2,0,2,1,-67392.0000000075,-67391.9921875,0.12027702003251761,0.06118923902977258,2,2,0,2,0,-65852.000000009997,-566114.03845878714,299.884228238,4,1000,10
autocorr_bern45-05,-1068.0,-1047.99999999999,0,0.043673460371792316,0.06620900000000002,0,0,0,0,0,0,-1024.000000007494,-1024.0000191722534,0.02237562194932252,0.023021387052722275,2,2,0,2,0,-1024.000000007494,-951.9075018167496,0.022759297979064286,0.02367161598522216,2,2,0,2,0,-1064.0000000099899,-1642.3404190126603,300.00515589199995,1,1000,10
autocorr_bern45-11,-12748.0,-12575.99999999999,0,0.05570528097450733,0.14484499999999997,0,0,0,0,0,0,-12520.000000007494,-12520.000000007494,0.037959781009703875,0.039055039058439434,2,2,0,2,1,-12520.000000007494,-12519.99984741211,0.03822291106916964,0.0358094060793519,2,2,0,2,0,-12648.00000000999,-55592.767007046656,299.973831125,3,1000,10
autocorr_bern45-23,-85504.0,-84763.99999999999,0,0.09573884960263968,0.2626639999999999,0,0,0,0,0,0,-84680.0000000075,-84680.00024829406,0.08968987793195993,0.06330085592344403,2,2,0,2,0,-84680.0000000075,-84680.00024829406,0.09082814399152994,0.06275751697830856,2,2,0,2,0,-84852.000000009997,-622725.85608558857,299.898193443,3,1000,10
autocorr_bern45-34,-152784.0,-151280.0,0,0.10529226996004581,0.3160009999999998,0,0,0,0,0,0,-152224.00000000748,-152224.00038964895,0.14233663899358362,0.0807289679069072,2,2,0,2,0,-152224.00000000748,-152224.00038964895,0.14386955800000578,0.0799118570284918,2,2,0,2,0,-151224.00000001001,-1382776.3625000017,299.86160277299996,3,1000,10
autocorr_bern45-45,-112892.0,-111311.99999999999,0,0.17440056428313255,0.3870130000000005,0,0,0,0,0,0,-112004.0000000075,-112004.00063365627,0.16367211507167667,0.07605294801760465,2,2,0,2,0,-112004.0000000075,-112004.00063365627,0.16566612105816603,0.08054126601200551,2,2,0,2,0,-109320.00000001,-1051736.7582649267,299.84159973,4,1000,10
autocorr_bern50-06,-2160.0,-2095.99999999999,0,0.07761550974100828,0.127724,0,0,0,0,0,0,-2064.0000000074942,-2064.0000241272883,0.027112829964607954,0.024503784952685237,2,2,0,2,0,-2064.0000000074942,-2063.999995470047,0.029234573943540454,0.02603153500240296,2,2,0,2,0,-2160.0000000099899,-5582.8227467099505,300.003334788,1,1000,10
autocorr_bern50-13,-23792.0,-23359.99999999999,0,0.08489810675382614,0.191133,0,0,0,0,0,0,-23564.000000007494,-23564.000000007494,0.049901966005563736,0.049503740039654076,2,2,0,2,1,-23564.000000007494,-23563.99951171875,0.05254064197652042,0.04710260103456676,2,2,0,2,0,-23480.000000009986,-133767.76580791923,299.958858493,8,1000,10
autocorr_bern50-25,-125104.0,-123775.99999999999,0,0.07983709406107664,0.26780899999999985,0,0,0,0,0,0,-124268.0000000075,-124268.0000000075,0.11578531190752983,0.06412505090702325,2,2,0,2,1,-124268.0000000075,-124183.4375,0.1164940339513123,0.06215961102861911,2,2,0,2,0,-123844.00000001,-1038408.8803647379,299.891372783,4,1000,10
autocorr_bern55-06,-2400.0,-2303.99999999999,0,0.06823285389691591,0.13556499999999996,0,0,0,0,0,0,-2304.0000000074942,-2304.0000000074942,0.03013051103334874,0.03382831800263375,2,2,0,2,1,-2304.0000000074942,-2303.9999985694885,0.030306261964142323,0.030110865947790444,2,2,0,2,0,-2400.0000000099899,-6716.4523177165829,299.99170313400003,2,1000,10
autocorr_bern55-14,-33272.0,-32871.99999999999,0,0.09299501311033964,0.23530099999999993,0,0,0,0,0,0,-32792.000000007494,-32792.000165952,0.061790456995368004,0.05142487899865955,2,2,0,2,0,-32792.000000007494,-32779.696533203125,0.062352115055546165,0.0506292600184679,2,2,0,2,0,-32776.00000000999,-190264.81584647179,299.960298053,6,1000,10
autocorr_bern60-08,-6792.0,-6647.99999999999,0,0.07259935513138771,0.17762399999999995,0,0,0,0,0,0,-6728.000000007494,-6728.000000007494,0.03985702502541244,0.03743697504978627,2,2,0,2,1,-6728.000000007494,-6727.999912261963,0.04018890706356615,0.0342919189715758,2,2,0,2,0,-6792.0000000099899,-27276.238964760247,299.99527807299995,6,1000,10
autocorr_bern60-15,-45232.0,-44535.99999999999,0,0.07080054376274347,0.25116,0,0,0,0,0,0,-44596.000000007494,-44596.000000007494,0.08066112699452788,0.06269516900647432,2,2,0,2,1,-44596.000000007494,-44595.99951171875,0.07578410301357508,0.05954834702424705,2,2,0,2,0,-44548.000000009997,-275897.99046848051,299.936889764,6,1000,10
batch0812_nc,2687026.784,2687026.7846137383,0,3.171668015420437,1.1896670000000098,0,0,0,0,0,0,2739693.5534726414,2730960.5588709977,0.28618009597994387,0.4766653960105032,4,8,4,3,3,3462291.4131100206,42202392259.03125,0.2843547189841047,0.08101073000580072,2,2,0,2,0,2687026.7795078037,747572.16962811037,0.21818796000000001,2,0020,00
batch_nc,285506.5082,285506.50824410125,0,0.40194120071828365,0.190561000000002,0,0,0,0,0,0,285506.5078974896,285506.5078974896,0.05868459295015782,0.36973314196802676,5,12,7,3,4,355163.1964659082,7742906867.534943,0.07471784099470824,0.02936559298541397,2,2,0,2,0,285506.50789399887,60414.183888101063,0.24436501,3,00160,00
beuster,116329.6706,-inf,FAILED,"Error in Function::call for 'minlp' [BonminInterface] at .../casadi/core/function.cpp:1432:
Error in Function::call for 'minlp' [BonminInterface] at .../casadi/core/function.cpp:361:
.../casadi/interfaces/bonmin/bonmin_interface.cpp:477: Uncaught error in Bonmin",NAN,NAN,NAN,NAN,NAN,NAN,NAN,-inf,FAILED,"Lbg > g(x*,p) + tol:
[0.08019358 0.08019047 0.12846102 0.11454341 0.03690406 0.03690355
 0.04226979 0.04112014]
for indices:
(array([14, 15, 16, 17, 26, 27, 28, 29]),)
Ubg < g(x*,p) - tol:
[0.00322166]
for indices:
(array([96]),)",NAN,NAN,NAN,NAN,NAN,NAN,-inf,FAILED,"Integer infeasible: [0.49876778 0.83650059 0.07942717 0.49529165 0.49755266 0.92082431
 0.47310368 0.64133691 0.49523417 0.96060013 0.73069227 0.77085236
 0.4912996  0.9796846  0.86763442 0.8554761  0.48624817 0.98938727
 0.93731335 0.90536913 0.48248664 0.99285531 0.97286518 0.9360688
 0.48564493 0.99703424 0.99183376 0.95913999 0.50455478 0.9774083
 0.44125158 0.52288972 0.52272433 0.52344825 0.40411273 0.54549871
 0.54517515 0.54659994 0.35432639 0.58891366 0.5883232  0.59099924
 0.27951747 0.66488849 0.6640843  0.66826813 0.480915   0.32063623
 0.16122981] (array([ 0,  1,  2,  3,  4,  5,  6,  7,  8,  9, 10, 11, 12, 13, 14, 15, 16,
       17, 18, 19, 20, 21, 22, 23, 24, 25, 26, 27, 28, 31, 32, 33, 34, 35,
       36, 37, 38, 39, 40, 41, 42, 43, 44, 45, 46, 47, 49, 50, 51]),)",NAN,NAN,NAN,NAN,NAN,NAN,NAN,NAN,NAN,NAN,NAN,NAN
casctanks,9.163479388,9.163479388158715,0,2.9199940403923392,1.817139000000001,0,0,0,0,0,0,9.163479254022507,9.163478711076868,1.7175144649809226,0.9368362409295514,3,4,0,3,2,9.207582470434449,106.55085664149374,1.7211613761028275,0.4530890859896317,2,2,0,2,0,9.1634771241571116,-691.36200000000088,21.941444466,23,00190,00
contvar,809149.8272,-inf,FAILED,"Objective value wrong, with error 4.784745872020721e-09",NAN,NAN,NAN,NAN,NAN,NAN,NAN,809755.5151664973,769976.8599442414,4.393063303083181,305.6030477649765,57,240,0,4,56,813745.1112620134,7018013.5,4.366294736042619,0.2739083470078185,2,2,0,2,0,813386.92992317176,356470.83982225164,303.584944728,46,210450,00
csched1,-30639.25785,-30639.25784500347,0,0.6671804953366518,0.24926799999999427,0,0,0,0,0,0,-29279.167599447588,-29279.167599447588,0.06142093101516366,0.04756861203350127,2,2,0,2,1,-29279.167599447588,-29279.167599447588,0.05214542499743402,0.035141578991897404,2,2,0,2,0,1.7976931348623157e+308,-321528006.44902003,0.12728445800000002,2,0020,00
csched1a,-30430.17682,-30430.176817209325,0,0.10626523103564978,0.08337400000000045,0,0,0,0,0,0,-30279.747114268288,-30279.747114268288,0.026933273999020457,0.02883518789894879,2,2,0,2,1,-30279.747114268288,-29569.83176460862,0.025493007036857307,0.025995907024480402,2,2,0,2,0,-30279.74713313461,-1.7976931348623157e+308,0.076040337,3,0030,00
csched2,-166101.9964,-inf,FAILED,"Ubg < g(x*,p) - tol:
[1.1758709e-09]
for indices:
(array([0]),)",NAN,NAN,NAN,NAN,NAN,NAN,NAN,-162768.7245285173,-166247.1266058711,2.787097916007042,304.8942953100195,63,191,0,2,62,-162768.7245285173,10114485.523436517,2.765469455975108,0.2557488559978083,2,3,0,2,0,-151918.94471747396,-682400764.42573082,6.974089513,3,0030,00
csched2a,-165398.7013,-165398.7012703061,0,2.5575641309842467,1.3652899999999646,0,0,0,0,0,0,-161910.5597424199,-163113.2096947087,0.31107587995938957,43.7496515980456,57,186,0,6,56,-139727.021316857,952773.1379852295,0.2945428069215268,0.11867526301648468,2,2,0,2,0,-145827.60855715349,-1.7976931348623157e+308,1.034648051,12,00120,00
eg_int_s,6.453103159,7.887243024242211,0,0.5176783241331577,0.7991580000000005,0,0,0,0,0,0,7.8872428535184,7.835178618935326,0.21666302799712867,4.4602627489948645,21,23,19,3,20,8.026156090929875,14.603712078229876,0.2035342010203749,0.11720531992614269,2,2,0,2,0,8.3125424198189464,-65370089487504.992,303.861222477,29,210540,00
eniplac,-132117.083,-inf,FAILED,"Error in Function::call for 'minlp' [BonminInterface] at .../casadi/core/function.cpp:1432:
Error in Function::call for 'minlp' [BonminInterface] at .../casadi/core/function.cpp:361:
.../casadi/interfaces/bonmin/bonmin_interface.cpp:477: Uncaught error in Bonmin",NAN,NAN,NAN,NAN,NAN,NAN,NAN,-inf,FAILED,Problem can not be solved - Feasible zone is empty,NAN,NAN,NAN,NAN,NAN,NAN,-inf,FAILED,"Integer infeasible: [0.77765888 0.65464423 0.81852707 0.76719203 0.77765888 0.71093437
 0.76317336 0.76719203 0.77765888 0.71093437 0.76317336 0.76719203
 0.71856537 0.63315131 0.71832797 0.68815228 0.64142609 0.54340951
 0.63642974 0.60155319 0.36623932 0.39811118 0.3528064 ] (array([ 0,  1,  2,  3,  4,  5,  6,  7,  8,  9, 10, 11, 12, 13, 14, 15, 16,
       17, 18, 19, 20, 22, 23]),)",NAN,NAN,NAN,NAN,NAN,NAN,-122729.55726248152,-245835,0.822713999,11,0070,00
ex1221,7.667180069,7.667180068843457,0,0.009042484685778618,0.001902,0,0,0,0,0,0,7.667180068813135,7.667180061604739,0.08663847495336086,0.018049736972898245,2,2,0,2,0,7.667180068813135,7.667180061604739,0.016223193961195648,0.017282303073443472,2,2,0,2,0,7.6671800624164419,5.931112091313345,0.058854804,3,0030,00
ex1222,1.076543083,1.076543083352221,0,0.01849460043013096,0.007079999999999999,0,0,0,0,0,0,1.076543046303249,1.076543046303249,0.01161232404410839,0.01769914699252695,2,2,0,2,1,1.076543046303249,1.1117977419442302,0.011244112974964082,0.014966894057579339,2,2,0,2,0,1.0765430413715027,0.099999999999999645,0.022589831,1,0010,00
ex1224,-0.9434705,-0.9434704999897898,0,0.05274352245032787,0.04229100000000001,0,0,0,0,0,0,-0.9049614980951736,-0.9049614980951736,0.010850201942957938,0.03789483802393079,3,4,0,2,2,-0.9049614980951736,-0.881378412055966,0.010363837005570531,0.016445474000647664,2,2,0,2,0,0,-0.99430989460000008,0.087343818,7,0070,00
ex1225,31.0,31.000000099999887,0,0.06049920804798603,0.042055,0,0,0,0,0,0,31.0,31.0,0.011787034920416772,0.020513467956334352,2,2,0,2,1,31.0,31.346760167962586,0.011565575026907027,0.015024216030724347,2,2,0,2,0,34,27,0.06436820700000001,3,0030,00
ex1226,-17.0,-16.999999999933305,0,0.010119857266545296,0.003287,0,0,0,0,0,0,-17.000000002485578,-17.000000002485578,0.010021754074841738,0.017923651030287147,2,2,0,2,1,-17.000000002485578,-16.999999999999996,0.009639904950745404,0.013383373036049306,2,2,0,2,0,-17.000000006644228,-21,0.039528096,2,0020,00
ex1233,155010.6713,155010.67127821103,0,0.4166327565908432,0.10737300000000044,0,0,0,0,0,0,155010.6712582829,155010.6712582829,0.030455311061814427,0.47201281995512545,4,12,0,3,3,193725.26312672644,384411.5853535993,0.029653211939148605,0.14903311000671238,2,6,0,2,0,191998.24483011852,0,0.596710963,8,0080,00
ex1243,83402.50641,-inf,FAILED,"Error in Function::call for 'minlp' [BonminInterface] at .../casadi/core/function.cpp:1432:
Error in Function::call for 'minlp' [BonminInterface] at .../casadi/core/function.cpp:361:
.../casadi/interfaces/bonmin/bonmin_interface.cpp:477: Uncaught error in Bonmin",NAN,NAN,NAN,NAN,NAN,NAN,NAN,83402.50637986473,83402.50637986473,0.0510036830091849,0.9133299629902467,4,14,1,3,3,98519.01148033654,1448818.0971446729,0.04652405099477619,0.41142991196829826,2,6,1,2,0,129301.61691396052,0,0.239594574,3,0030,00
ex1244,82042.90522,-inf,FAILED,"Lbx > x* for indices:
[[23  0]
 [24  0]
 [25  0]
 [26  0]
 [27  0]
 [28  0]
 [29  0]
 [30  0]
 [31  0]
 [32  0]
 [33  0]
 [34  0]
 [35  0]
 [36  0]
 [37  0]
 [38  0]
 [39  0]
 [40  0]
 [41  0]
 [42  0]
 [43  0]
 [44  0]
 [45  0]
 [46  0]
 [47  0]
 [48  0]
 [49  0]
 [50  0]
 [51  0]
 [52  0]
 [53  0]
 [54  0]
 [55  0]
 [56  0]
 [57  0]
 [58  0]
 [59  0]
 [60  0]
 [61  0]
 [62  0]
 [63  0]
 [64  0]
 [65  0]
 [66  0]
 [67  0]
 [68  0]
 [69  0]
 [70  0]
 [71  0]]
Lbg > g(x*,p) + tol:
[187.36999999  38.14799999 136.11399999  94.23299999 288.26699999
 158.99999999 266.99999999 342.99999999  25.99999999 117.99999999
 175.94499999  16.31999999  48.41999999 118.49099999 519.66499999]
for indices:
(array([ 0,  1,  2,  3,  4, 20, 21, 22, 23, 24, 45, 46, 47, 48, 49]),)
Ubg < g(x*,p) - tol:
[76.99999999 79.99999999 89.99999999 59.99999999 59.99999999 59.99999999]
for indices:
(array([ 40,  41,  42, 109, 110, 111]),)",NAN,NAN,NAN,NAN,NAN,NAN,NAN,82042.90520913157,81550.47669334234,0.07583863392937928,0.6631957809440792,3,9,0,3,2,83596.30938101155,149180.03944318823,0.0718860940542072,0.2506277479697019,2,5,0,2,0,83989.233623760752,0,0.45926436400000004,4,0040,00
ex1252,128893.741,128893.7410135273,0,0.47953456826508045,0.1868949999999986,0,0,0,0,0,0,134471.56050035323,134471.56050035323,0.032614880008623004,0.8165364390006289,8,23,13,4,7,204321.63188185016,5520112946.235718,0.044162100995890796,0.035539314965717494,2,2,0,2,0,134263.58531364441,0,1.9936095980000001,7,00110,00
ex1252a,128893.741,-inf,FAILED,"Error in Function::call for 'minlp' [BonminInterface] at .../casadi/core/function.cpp:1432:
Error in Function::call for 'minlp' [BonminInterface] at .../casadi/core/function.cpp:361:
.../casadi/interfaces/bonmin/bonmin_interface.cpp:477: Uncaught error in Bonmin",NAN,NAN,NAN,NAN,NAN,NAN,NAN,134471.5605003532,134471.5605003532,0.023793536005541682,0.38415671803522855,7,14,5,4,6,151115.72989099473,29224735238.09607,0.022092657047323883,0.025220046984031796,2,2,0,2,0,134263.58531364441,0,3.543297918,7,00110,00
ex3pb,68.00974405,68.00974405134998,0,0.09893524646759033,0.0789410000000004,0,0,0,0,0,0,68.00974395350963,68.00974322150871,0.020849253982305527,0.6292094769887626,10,27,0,4,9,76.41938488690214,1074.7518459753658,0.019043962005525827,0.03319702297449112,2,3,0,2,0,1.7976931348623157e+308,-7088.0000000000337,59.874637546,70,00700,00
feedtray,-13.40599772,-13.405997724434101,0,0.03061315231025219,0.07133800000000001,0,0,0,0,0,0,-13.406005537298213,-13.406005549278966,0.11289763904642314,0.08287974505219609,2,2,0,2,0,-13.406005537298213,-13.406005549278966,0.10842978907749057,0.08162784797605127,2,2,0,2,0,1.7976931348623157e+308,-68.684210519647081,30.622257257999998,1,0010,00
gasnet,6999381.562,-inf,FAILED,"Objective value wrong, with error 1.7976931348623157e+308
Lbx > x* for indices:
[[ 0  0]
 [ 1  0]
 [ 2  0]
 [ 3  0]
 [ 4  0]
 [ 5  0]
 [ 6  0]
 [ 7  0]
 [ 8  0]
 [ 9  0]
 [10  0]
 [11  0]
 [12  0]
 [13  0]
 [14  0]
 [15  0]
 [16  0]
 [17  0]
 [18  0]
 [19  0]
 [20  0]
 [21  0]
 [22  0]
 [23  0]
 [24  0]
 [25  0]
 [26  0]
 [27  0]
 [28  0]
 [29  0]
 [30  0]
 [31  0]
 [32  0]
 [33  0]
 [34  0]
 [35  0]
 [36  0]
 [37  0]
 [38  0]
 [39  0]
 [40  0]
 [41  0]
 [42  0]
 [43  0]
 [44  0]
 [45  0]
 [46  0]
 [47  0]
 [48  0]
 [49  0]
 [50  0]
 [51  0]
 [52  0]
 [53  0]
 [54  0]
 [55  0]
 [56  0]
 [57  0]
 [58  0]
 [59  0]
 [60  0]
 [61  0]
 [62  0]
 [63  0]
 [64  0]
 [65  0]
 [66  0]]
Lbg > g(x*,p) + tol:
[174.99999999 199.99999999]
for indices:
(array([55, 56]),)",NAN,NAN,NAN,NAN,NAN,NAN,NAN,-inf,FAILED,"Lbg > g(x*,p) + tol:
[99.99999893  5.04333784]
for indices:
(array([32, 56]),)
Ubg < g(x*,p) - tol:
[5.56666074e+01 5.56666589e+01 5.56667308e+01 1.99999899e+00
 1.99999899e+00 1.99999899e+00 1.99999899e+00 2.00004094e+00
 8.05098100e-06 8.20326549e-06 8.34275615e-06 8.80195348e-03]
for indices:
(array([ 0,  1,  2,  3,  4,  5,  6,  7,  8,  9, 10, 64]),)",NAN,NAN,NAN,NAN,NAN,NAN,-inf,FAILED,"Lbg > g(x*,p) + tol:
[99.99999893  5.04333784]
for indices:
(array([32, 56]),)
Ubg < g(x*,p) - tol:
[5.56666074e+01 5.56666589e+01 5.56667308e+01 1.99999899e+00
 1.99999899e+00 1.99999899e+00 1.99999899e+00 2.00004094e+00
 8.05098100e-06 8.20326549e-06 8.34275615e-06 8.80195348e-03]
for indices:
(array([ 0,  1,  2,  3,  4,  5,  6,  7,  8,  9, 10, 64]),)",NAN,NAN,NAN,NAN,NAN,NAN,1.7976931348623157e+308,-1.7976931348623157e+308,0.011040629,0,0000,00
gastrans,89.08584,89.0858400001195,0,0.06624151952564716,0.11701800000000002,0,0,0,0,0,0,89.08583979013146,89.08583978999103,0.12940465298015624,0.19470917200669646,2,2,0,2,0,89.08583979013146,89.24603585261043,0.12699529400561005,0.19107934995554388,2,2,0,2,0,NAN,NAN,NAN,NAN,NAN,NAN
gastrans040,0.0,-inf,FAILED,No objective!,NAN,NAN,NAN,NAN,NAN,NAN,NAN,-inf,FAILED,No objective!,NAN,NAN,NAN,NAN,NAN,NAN,-inf,FAILED,No objective!,NAN,NAN,NAN,NAN,NAN,NAN,0,0,2.946414114,1,0010,00
gear2,2.700857149e-12,0.004768456098804485,0,0.13240897189825773,0.07034800000000016,0,0,0,0,0,0,2.727279702363975e-05,5.21215564152541e-15,0.032197809079661965,0.04239970492199063,2,6,0,2,1,2.727279702363975e-05,0.0002453180861144051,0.03204824996646494,0.03395963099319488,2,6,0,2,0,2.3576406580194936e-09,0,0.356954741,42,00420,00
gear3,2.700857149e-12,3.634526501566065e-06,0,0.14533925335854292,0.04001599999999997,0,0,0,0,0,0,2.72645059771712e-08,2.72645059771712e-08,0.010710438014939427,0.024641114054247737,2,4,0,2,1,2.72645059771712e-08,2.6399792310885495e-05,0.010566416080109775,0.019371628062799573,2,4,0,2,0,0.00013622222271739669,0,0.102680561,14,00460,00
gear4,1.643428474,1.643428473988717,0,53.150973617099226,4.064146999982625,0,0,0,0,0,0,120.67522722248653,120.67522722248653,0.009585691965185106,0.033356141997501254,2,3,0,2,1,120.67522722248653,120.67522722248653,0.009288247907534242,0.027180438046343625,2,3,0,2,0,945.99143940676731,0,0.117869219,8,00140,00
ghg_1veh,7.781634885,7.7816348853329,0,0.03311205003410578,0.04354900000000001,0,0,0,0,0,0,7.7816347774115995,7.781634778727875,0.037776138982735574,0.03778672497719526,2,2,0,2,0,7.7816347774115995,7.781634778727875,0.03540269797667861,0.03379977389704436,2,2,0,2,0,1.7976931348623157e+308,-12.535561207688136,6.23197632,6,0090,00
ghg_2veh,7.770904543,7.781634885437892,0,0.8916020169854164,0.5141210000000034,0,0,0,0,0,0,7.770904507805554,7.770904502956748,0.1225306959822774,0.08967515802942216,2,2,0,2,1,7.770904507805554,10.717477106787555,0.11536655109375715,0.07628892199136317,2,2,0,2,0,1.7976931348623157e+308,0,32.611798206,7,0070,00
ghg_3veh,7.75400605,-inf,FAILED,"Error in Function::call for 'minlp' [BonminInterface] at .../casadi/core/function.cpp:1432:
Error in Function::call for 'minlp' [BonminInterface] at .../casadi/core/function.cpp:361:
.../casadi/interfaces/bonmin/bonmin_interface.cpp:477: Uncaught error in Bonmin",NAN,NAN,NAN,NAN,NAN,NAN,NAN,7.770545464283154,7.770961053156212,0.4145761899417266,0.33457288111094385,2,2,0,2,0,7.770545464283154,95870.31628990173,0.39542759803589433,0.33332359709311277,2,2,0,2,0,1.7976931348623157e+308,0,122.199164411,13,00130,00
gkocis,-1.923098738,-1.923098737624322,0,0.0281824404373765,0.0029280000000000026,0,0,0,0,0,0,-1.9230988288847426,-1.9230988288847426,0.02254083496518433,0.08002592204138637,5,8,0,3,4,-1.720971772497526,-1.720971772497526,0.021621037973091006,0.023321787011809647,2,2,0,2,0,-1.9230987633801568,-1.9230987633801568,0.082556478,5,0060,00
heatexch_gen1,154895.933,-inf,FAILED,"Objective value wrong, with error 1.7976931348623157e+308
Lbx > x* for indices:
[[ 0  0]
 [ 1  0]
 [ 2  0]
 [ 3  0]
 [ 4  0]
 [ 5  0]
 [ 6  0]
 [ 7  0]
 [20  0]
 [21  0]
 [22  0]
 [23  0]
 [24  0]
 [25  0]
 [26  0]
 [27  0]
 [28  0]
 [29  0]
 [30  0]
 [31  0]
 [32  0]
 [33  0]
 [34  0]
 [35  0]
 [52  0]
 [53  0]
 [54  0]
 [55  0]
 [56  0]
 [57  0]
 [58  0]
 [59  0]
 [60  0]
 [61  0]
 [62  0]
 [63  0]
 [64  0]
 [65  0]
 [66  0]
 [67  0]
 [80  0]
 [81  0]
 [82  0]
 [83  0]]
Lbg > g(x*,p) + tol:
[3699.99999999 7399.99999999  369.99999999  369.99999999]
for indices:
(array([56, 57, 72, 73]),)
Ubg < g(x*,p) - tol:
[2799.99999999 4399.99999999 9749.99999999 6499.99999999 3599.99999999
 1949.99999999  649.99999999  589.99999999  409.99999999  349.99999999
    9.99999999    9.99999999   19.99999999   19.99999999   14.99999999
   14.99999999   12.99999999   12.99999999  319.99999999  319.99999999]
for indices:
(array([ 58,  59,  60,  61,  62,  63,  76,  77,  78,  79,  80,  81,  82,
        83,  84,  85,  86,  87, 116, 117]),)",NAN,NAN,NAN,NAN,NAN,NAN,NAN,595268.5021631501,133335.07302934444,0.17140603391453624,300.74840554303955,98,311,214,2,97,595268.5021631501,1314451.0555967744,0.16259433899540454,2.787808059947565,2,5,4,2,0,154895.9329592764,100499.99999999985,117.57244975,40,00390,00
heatexch_gen2,635838.8464,-inf,FAILED,"Objective value wrong, with error 1.7976931348623157e+308
Lbx > x* for indices:
[[  0   0]
 [  1   0]
 [  2   0]
 [  3   0]
 [  4   0]
 [  5   0]
 [  6   0]
 [  7   0]
 [  8   0]
 [  9   0]
 [ 10   0]
 [ 11   0]
 [ 28   0]
 [ 29   0]
 [ 30   0]
 [ 31   0]
 [ 32   0]
 [ 33   0]
 [ 34   0]
 [ 35   0]
 [ 36   0]
 [ 37   0]
 [ 38   0]
 [ 39   0]
 [ 40   0]
 [ 41   0]
 [ 42   0]
 [ 43   0]
 [ 44   0]
 [ 45   0]
 [ 46   0]
 [ 47   0]
 [ 48   0]
 [ 69   0]
 [ 70   0]
 [ 71   0]
 [ 72   0]
 [ 73   0]
 [ 74   0]
 [ 75   0]
 [ 76   0]
 [ 77   0]
 [ 78   0]
 [ 79   0]
 [ 80   0]
 [ 81   0]
 [ 82   0]
 [ 83   0]
 [ 84   0]
 [ 85   0]
 [ 86   0]
 [ 87   0]
 [ 88   0]
 [126   0]
 [127   0]
 [128   0]
 [129   0]
 [130   0]
 [131   0]]
Lbg > g(x*,p) + tol:
[1919.99999999 1519.99999999 2159.99999999 7199.99999999 3839.99999999
  319.99999999  379.99999999  359.99999999  359.99999999  319.99999999]
for indices:
(array([ 76,  77,  78,  79,  80, 100, 101, 102, 103, 104]),)
Ubg < g(x*,p) - tol:
[1.08000000e+03 4.00000000e+02 6.00000000e+02 4.00000000e+02
 7.20000000e+02 1.18800000e+04 6.66000000e+03 5.00000000e+02
 4.80000000e+02 4.60000000e+02 3.80000000e+02 3.80000000e+02
 2.90000000e+02 5.99999999e+00 5.99999999e+00 3.99999999e+00
 3.99999999e+00 5.99999999e+00 5.99999999e+00 2.00000000e+01
 2.00000000e+01 1.20000000e+01 1.20000000e+01 1.80000000e+01
 1.80000000e+01 3.20000000e+02 3.20000000e+02 3.20000000e+02
 3.20000000e+02 3.20000000e+02]
for indices:
(array([ 81,  82,  83,  84,  85,  86,  87, 106, 107, 108, 109, 110, 111,
       112, 113, 114, 115, 116, 117, 118, 119, 120, 121, 122, 123, 160,
       161, 162, 163, 164]),)",NAN,NAN,NAN,NAN,NAN,NAN,NAN,1032993.1150004857,659874.0491944242,0.3121747149853036,302.12721821304876,57,255,253,2,56,1032993.1150004857,1046893368948.5,0.3007383190561086,1.11951314995531,2,2,1,2,0,1355902.1694543529,1590.0125080900871,58.75196188,10,0090,00
heatexch_gen3,64843.69761,-inf,FAILED,"Objective value wrong, with error 1.7976931348623157e+308
Lbx > x* for indices:
[[  0   0]
 [  1   0]
 [  2   0]
 [  3   0]
 [  4   0]
 [  5   0]
 [  6   0]
 [  7   0]
 [  8   0]
 [  9   0]
 [ 10   0]
 [ 11   0]
 [ 12   0]
 [ 13   0]
 [ 14   0]
 [ 15   0]
 [ 16   0]
 [ 17   0]
 [ 18   0]
 [ 19   0]
 [ 80   0]
 [ 81   0]
 [ 82   0]
 [ 83   0]
 [ 84   0]
 [ 85   0]
 [ 86   0]
 [ 87   0]
 [ 88   0]
 [ 89   0]
 [ 90   0]
 [ 91   0]
 [ 92   0]
 [ 93   0]
 [ 94   0]
 [ 95   0]
 [ 96   0]
 [ 97   0]
 [ 98   0]
 [ 99   0]
 [100   0]
 [101   0]
 [102   0]
 [103   0]
 [104   0]
 [105   0]
 [106   0]
 [107   0]
 [108   0]
 [109   0]
 [110   0]
 [111   0]
 [112   0]
 [113   0]
 [114   0]
 [115   0]
 [116   0]
 [117   0]
 [118   0]
 [119   0]
 [120   0]
 [121   0]
 [122   0]
 [123   0]
 [124   0]
 [125   0]
 [126   0]
 [127   0]
 [128   0]
 [129   0]
 [130   0]
 [131   0]
 [132   0]
 [133   0]
 [134   0]
 [135   0]
 [136   0]
 [137   0]
 [138   0]
 [139   0]
 [140   0]
 [141   0]
 [142   0]
 [143   0]
 [144   0]
 [145   0]
 [146   0]
 [147   0]
 [148   0]
 [149   0]
 [150   0]
 [151   0]
 [152   0]
 [153   0]
 [154   0]
 [155   0]
 [156   0]
 [157   0]
 [158   0]
 [159   0]
 [160   0]
 [161   0]
 [162   0]
 [163   0]
 [164   0]
 [265   0]
 [266   0]
 [267   0]
 [268   0]
 [269   0]
 [270   0]
 [271   0]
 [272   0]
 [273   0]
 [274   0]
 [275   0]
 [276   0]
 [277   0]
 [278   0]
 [279   0]
 [280   0]
 [281   0]
 [282   0]
 [283   0]
 [284   0]
 [285   0]
 [286   0]
 [287   0]
 [288   0]
 [289   0]
 [290   0]
 [291   0]
 [292   0]
 [293   0]
 [294   0]
 [295   0]
 [296   0]
 [297   0]
 [298   0]
 [299   0]
 [300   0]
 [301   0]
 [302   0]
 [303   0]
 [304   0]
 [305   0]
 [306   0]
 [307   0]
 [308   0]
 [309   0]
 [310   0]
 [311   0]
 [312   0]
 [313   0]
 [314   0]
 [315   0]
 [316   0]
 [317   0]
 [318   0]
 [319   0]
 [320   0]
 [321   0]
 [322   0]
 [323   0]
 [324   0]
 [325   0]
 [326   0]
 [327   0]
 [328   0]
 [329   0]
 [330   0]
 [331   0]
 [332   0]
 [333   0]
 [334   0]
 [335   0]
 [336   0]
 [337   0]
 [338   0]
 [339   0]
 [340   0]
 [341   0]
 [342   0]
 [343   0]
 [344   0]
 [345   0]
 [346   0]
 [347   0]
 [348   0]
 [349   0]
 [350   0]
 [351   0]
 [352   0]
 [353   0]
 [354   0]
 [355   0]
 [356   0]
 [357   0]
 [358   0]
 [359   0]
 [360   0]
 [361   0]
 [362   0]
 [363   0]
 [364   0]
 [510   0]
 [511   0]
 [512   0]
 [513   0]
 [514   0]
 [515   0]
 [516   0]
 [517   0]
 [518   0]
 [519   0]]
Lbg > g(x*,p) + tol:
[ 821.03999999 1460.67999999  970.87999999 1876.13999999 1161.11999999
   93.29999999  137.79999999   65.59999999  148.89999999   65.59999999]
for indices:
(array([260, 261, 262, 263, 264, 300, 301, 302, 303, 304]),)
Ubg < g(x*,p) - tol:
[ 586.95999999 1177.65999999 2384.27999999 1539.71999999 2359.40999999
 1215.99999999 1352.36999999 1857.23999999 3056.90999999 2841.15999999
  759.99999999  647.20999999 1539.71999999 1634.84999999 1544.28999999
  159.99999999  248.89999999  226.69999999  271.09999999  198.89999999
   59.99999999  115.59999999   37.79999999   82.19999999   93.29999999
    8.79999999    8.79999999   10.59999999   10.59999999   14.79999999
   14.79999999   12.59999999   12.59999999   17.69999999   17.69999999
    7.59999999    7.59999999    6.09999999    6.09999999    8.39999999
    8.39999999   17.29999999   17.29999999   13.89999999   13.89999999
   39.99999999   39.99999999   39.99999999   39.99999999   39.99999999]
for indices:
(array([265, 266, 267, 268, 269, 270, 271, 272, 273, 274, 275, 276, 277,
       278, 279, 310, 311, 312, 313, 314, 315, 316, 317, 318, 319, 320,
       321, 322, 323, 324, 325, 326, 327, 328, 329, 330, 331, 332, 333,
       334, 335, 336, 337, 338, 339, 500, 501, 502, 503, 504]),)",NAN,NAN,NAN,NAN,NAN,NAN,NAN,-inf,FAILED,"Objective value wrong, with error 4311319.131742764
Lbx > x* for indices:
[[425   0]
 [428   0]
 [429   0]
 [431   0]
 [434   0]
 [437   0]
 [458   0]
 [461   0]
 [488   0]
 [491   0]
 [501   0]
 [503   0]
 [506   0]]
Lbg > g(x*,p) + tol:
[6.67363165e-07 5.01102507e-08 3.18302537e-06 2.29735501e-06
 4.26082619e-06 1.04717073e-05 3.62118317e-04 4.69973304e-06
 1.15325195e-05 1.59017392e-04 2.68640742e-05 4.05153490e-07
 8.58705636e-06 2.36335196e-03 3.40146741e-06 1.26268458e-05
 1.13994210e-05 8.73694958e-06 3.49310891e-05 8.73691317e-06
 3.49286568e-05 3.05316209e-08 2.03817879e-04 1.14946826e-07
 1.79106375e-04 2.23405068e-05 1.01897637e-06 4.72202072e-05
 1.04710933e-05 9.06311413e-06 1.02423476e-10 1.15236572e-10
 1.14300566e-10 1.14939699e-10 1.14034625e-10 1.07717365e-10
 1.15098057e-08 1.28995843e-10 9.83655066e-11 1.09284882e-10
 1.60959830e-10 1.49265629e-10 6.70408898e-09 9.55814604e-11
 9.27498674e-11 1.25898686e-10 5.11604748e-12 2.94721202e-11
 5.40608543e-12 6.24822758e-12 1.09529414e-10 2.19078113e-10
 5.25443828e-10 3.20290601e-10 8.53028899e-10 6.80000005e-06
 7.08017979e-13 1.08000024e-05 1.47540413e-12 1.36999954e-05
 3.06701986e-12 2.00000056e-06 4.01078069e-14 1.24803046e-12
 2.00000011e-06 1.99999965e-06 1.11162080e-13 4.52222594e-13
 1.11162080e-13 1.11162080e-13 5.48145863e-13]
for indices:
(array([  1,   2,   3,   5,  13,  23,  24,  33,  43,  44,  50,  51,  52,
        53,  55,  56,  58,  72,  74,  92,  94, 102, 105, 106, 109, 110,
       112, 114, 116, 118, 170, 172, 173, 174, 176, 178, 182, 191, 192,
       194, 197, 199, 202, 211, 212, 214, 217, 219, 231, 233, 235, 236,
       237, 238, 239, 241, 242, 244, 246, 248, 249, 250, 253, 254, 256,
       258, 264, 275, 278, 279, 329]),)
Ubg < g(x*,p) - tol:
[2.46261294e-06 3.66511412e-07 7.13752283e-07 1.10028281e-06
 4.84242876e-06 2.96862036e-06 3.27829395e-07 1.76939596e-06
 6.76015742e-07 1.91051975e-06 1.08154039e-06 3.14401154e-06
 7.09693720e-07 5.12835212e-07 1.07074609e-06 2.64716644e-06
 3.56645882e-07 7.05431700e-07 1.07824286e-06 1.76862815e-06
 1.18106949e-06 5.37648203e-07 8.84246390e-06 7.27775071e-04
 8.32775819e-06 2.07521503e-06 5.77883054e-07 4.54702442e-07
 6.26885307e-07 4.36543613e-07 1.00908963e-06 8.57892613e-07
 7.11582904e-04 9.63718248e-07 4.65184084e-07 4.10211794e-07
 5.06367838e-07 5.65042183e-07 1.40980425e-06 2.55384959e-07
 2.22006936e-05 7.38805118e-04 8.54268279e-06 2.15770870e-06
 6.73435463e-07 4.08662172e-07 7.22904358e-07 3.03321994e-07
 9.23648320e-07 8.31097379e-07 7.14615812e-04 9.00463559e-07
 4.39265844e-07 3.95198893e-07 4.80169317e-07 5.48429992e-07
 9.41665552e-10 5.33423497e-06 4.29509439e-07 3.46173124e-04
 5.09589310e-07 1.53818639e-04 5.37426943e-04 2.06147181e-08
 8.78055825e-08 4.05711741e-08 4.30270656e-08 9.61822388e-12
 1.46355068e-10 4.97353372e-09 2.21423281e-08 1.09845618e-08
 5.82700580e-07 3.98171923e-08 1.51171992e-08 1.97830336e-10
 5.43186616e-14 4.19721477e-08 5.50954670e-08 4.64881619e-08
 3.39378811e-08 3.46137108e-12 1.58567891e-11 7.53007944e-11
 6.70499867e-12 1.20292360e-10 3.46009065e-11 6.03012372e-11
 9.83436953e-11 3.67808661e-12 1.16860975e-14 3.79688790e-11
 1.62191659e-11 3.31087667e-11 1.11162080e-13 7.93283107e-13
 1.02065678e-12 1.11162080e-13 1.11162080e-13 1.11162080e-13
 1.24803046e-12 1.11162080e-13 3.38535756e-13 1.11162080e-13
 3.38535756e-13]
for indices:
(array([ 11,  12,  17,  19,  20,  21,  25,  26,  27,  28,  29,  31,  32,
        37,  39,  41,  45,  47,  49,  54,  60,  61,  62,  63,  64,  65,
        66,  67,  68,  69,  70,  71,  73,  75,  76,  77,  78,  79,  80,
        81,  82,  83,  84,  85,  86,  87,  88,  89,  90,  91,  93,  95,
        96,  97,  98,  99, 100, 101, 103, 104, 107, 108, 113, 120, 123,
       125, 127, 129, 133, 134, 135, 140, 143, 146, 151, 152, 153, 154,
       155, 157, 159, 163, 166, 167, 168, 169, 220, 222, 224, 225, 226,
       227, 228, 229, 240, 247, 255, 261, 263, 265, 269, 270, 271, 272,
       273]),)",NAN,NAN,NAN,NAN,NAN,NAN,-inf,FAILED,"Objective value wrong, with error 1307.872023198994
Lbx > x* for indices:
[[425   0]
 [428   0]
 [429   0]
 [431   0]
 [434   0]
 [437   0]
 [458   0]
 [461   0]
 [488   0]
 [491   0]
 [501   0]
 [503   0]
 [506   0]]
Lbg > g(x*,p) + tol:
[6.67363165e-07 5.01102507e-08 3.18302537e-06 2.29735501e-06
 4.26082619e-06 1.04717073e-05 3.62118317e-04 4.69973304e-06
 1.15325195e-05 1.59017392e-04 2.68640742e-05 4.05153490e-07
 8.58705636e-06 2.36335196e-03 3.40146741e-06 1.26268458e-05
 1.13994210e-05 8.73694958e-06 3.49310891e-05 8.73691317e-06
 3.49286568e-05 3.05316209e-08 2.03817879e-04 1.14946826e-07
 1.79106375e-04 2.23405068e-05 1.01897637e-06 4.72202072e-05
 1.04710933e-05 9.06311413e-06 1.02423476e-10 1.15236572e-10
 1.14300566e-10 1.14939699e-10 1.14034625e-10 1.07717365e-10
 1.15098057e-08 1.28995843e-10 9.83655066e-11 1.09284882e-10
 1.60959830e-10 1.49265629e-10 6.70408898e-09 9.55814604e-11
 9.27498674e-11 1.25898686e-10 5.11604748e-12 2.94721202e-11
 5.40608543e-12 6.24822758e-12 1.09529414e-10 2.19078113e-10
 5.25443828e-10 3.20290601e-10 8.53028899e-10 6.80000005e-06
 7.08017979e-13 1.08000024e-05 1.47540413e-12 1.36999954e-05
 3.06701986e-12 2.00000056e-06 4.01078069e-14 1.24803046e-12
 2.00000011e-06 1.99999965e-06 1.11162080e-13 4.52222594e-13
 1.11162080e-13 1.11162080e-13 5.48145863e-13]
for indices:
(array([  1,   2,   3,   5,  13,  23,  24,  33,  43,  44,  50,  51,  52,
        53,  55,  56,  58,  72,  74,  92,  94, 102, 105, 106, 109, 110,
       112, 114, 116, 118, 170, 172, 173, 174, 176, 178, 182, 191, 192,
       194, 197, 199, 202, 211, 212, 214, 217, 219, 231, 233, 235, 236,
       237, 238, 239, 241, 242, 244, 246, 248, 249, 250, 253, 254, 256,
       258, 264, 275, 278, 279, 329]),)
Ubg < g(x*,p) - tol:
[2.46261294e-06 3.66511412e-07 7.13752283e-07 1.10028281e-06
 4.84242876e-06 2.96862036e-06 3.27829395e-07 1.76939596e-06
 6.76015742e-07 1.91051975e-06 1.08154039e-06 3.14401154e-06
 7.09693720e-07 5.12835212e-07 1.07074609e-06 2.64716644e-06
 3.56645882e-07 7.05431700e-07 1.07824286e-06 1.76862815e-06
 1.18106949e-06 5.37648203e-07 8.84246390e-06 7.27775071e-04
 8.32775819e-06 2.07521503e-06 5.77883054e-07 4.54702442e-07
 6.26885307e-07 4.36543613e-07 1.00908963e-06 8.57892613e-07
 7.11582904e-04 9.63718248e-07 4.65184084e-07 4.10211794e-07
 5.06367838e-07 5.65042183e-07 1.40980425e-06 2.55384959e-07
 2.22006936e-05 7.38805118e-04 8.54268279e-06 2.15770870e-06
 6.73435463e-07 4.08662172e-07 7.22904358e-07 3.03321994e-07
 9.23648320e-07 8.31097379e-07 7.14615812e-04 9.00463559e-07
 4.39265844e-07 3.95198893e-07 4.80169317e-07 5.48429992e-07
 9.41665552e-10 5.33423497e-06 4.29509439e-07 3.46173124e-04
 5.09589310e-07 1.53818639e-04 5.37426943e-04 2.06147181e-08
 8.78055825e-08 4.05711741e-08 4.30270656e-08 9.61822388e-12
 1.46355068e-10 4.97353372e-09 2.21423281e-08 1.09845618e-08
 5.82700580e-07 3.98171923e-08 1.51171992e-08 1.97830336e-10
 5.43186616e-14 4.19721477e-08 5.50954670e-08 4.64881619e-08
 3.39378811e-08 3.46137108e-12 1.58567891e-11 7.53007944e-11
 6.70499867e-12 1.20292360e-10 3.46009065e-11 6.03012372e-11
 9.83436953e-11 3.67808661e-12 1.16860975e-14 3.79688790e-11
 1.62191659e-11 3.31087667e-11 1.11162080e-13 7.93283107e-13
 1.02065678e-12 1.11162080e-13 1.11162080e-13 1.11162080e-13
 1.24803046e-12 1.11162080e-13 3.38535756e-13 1.11162080e-13
 3.38535756e-13]
for indices:
(array([ 11,  12,  17,  19,  20,  21,  25,  26,  27,  28,  29,  31,  32,
        37,  39,  41,  45,  47,  49,  54,  60,  61,  62,  63,  64,  65,
        66,  67,  68,  69,  70,  71,  73,  75,  76,  77,  78,  79,  80,
        81,  82,  83,  84,  85,  86,  87,  88,  89,  90,  91,  93,  95,
        96,  97,  98,  99, 100, 101, 103, 104, 107, 108, 113, 120, 123,
       125, 127, 129, 133, 134, 135, 140, 143, 146, 151, 152, 153, 154,
       155, 157, 159, 163, 166, 167, 168, 169, 220, 222, 224, 225, 226,
       227, 228, 229, 240, 247, 255, 261, 263, 265, 269, 270, 271, 272,
       273]),)",NAN,NAN,NAN,NAN,NAN,NAN,1.7976931348623157e+308,783.01806449992148,302.812397895,26,10260,00
heatexch_spec1,154997.3349,154997.33486602953,0,0.4058780474588275,0.08237099999999986,0,0,0,0,0,0,154997.33363762932,154997.33292911306,0.0672639780677855,0.21143618202768266,3,8,0,3,2,166509.5721368665,366321.13053364586,0.06521778798196465,0.08942919003311545,2,5,0,2,0,189521.07147688637,0,0.363185426,5,0050,00
heatexch_spec2,634977.8284,634977.8284008811,0,2.70987272169441,0.6893119999999975,0,0,0,0,0,0,634976.3287780631,634976.3287780631,0.05128067801706493,0.2486348639940843,2,3,0,2,1,634976.3287780631,634976.3287780631,0.051750928978435695,0.23566281993407756,2,3,0,2,0,662477.82838247786,6.3299538074041468,1.063616904,5,0050,00
heatexch_spec3,64141.64425,-inf,FAILED,"Error in Function::call for 'minlp' [BonminInterface] at .../casadi/core/function.cpp:1432:
Error in Function::call for 'minlp' [BonminInterface] at .../casadi/core/function.cpp:361:
.../casadi/interfaces/bonmin/bonmin_interface.cpp:477: Uncaught error in Bonmin",NAN,NAN,NAN,NAN,NAN,NAN,NAN,-inf,FAILED,"Objective value wrong, with error 65120872.887846
Lbg > g(x*,p) + tol:
[3.00000090e-06 1.07999803e-05 3.00000090e-06 1.36999746e-05
 5.99986831e-07 4.00000061e-06 4.00000056e-06 4.00000124e-06
 5.65909431e-13 1.13434362e-12 1.11162080e-13 1.70277781e-12
 3.38535756e-13 5.65909431e-13 1.24803046e-12 3.38535756e-13
 1.24803046e-12]
for indices:
(array([ 3,  5,  7,  9, 10, 14, 16, 18, 21, 22, 23, 24, 30, 31, 32, 33, 34]),)
Ubg < g(x*,p) - tol:
[1.20000108e-05 9.00002521e-06 1.68000068e-05 9.00003158e-06
 1.97000053e-05 1.26000018e-05 1.11000019e-05 8.00002811e-06
 8.00003420e-06 8.00002669e-06 1.00000109e-05 4.00002329e-06
 4.00002579e-06 4.00003057e-06 4.00002898e-06 1.00000145e-05
 1.00000104e-05 2.00002625e-06 2.00003353e-06 2.00002444e-06
 1.11162080e-13 1.11162080e-13 1.11162080e-13 1.11162080e-13
 1.11162080e-13 1.11162080e-13 1.11162080e-13 1.11162080e-13
 1.11162080e-13 1.11162080e-13 1.11162080e-13 1.11162080e-13
 1.11162080e-13 1.11162080e-13 1.11162080e-13 1.11162080e-13
 1.11162080e-13 1.11162080e-13 1.11162080e-13 1.11162080e-13
 1.11162080e-13 1.11162080e-13 1.11162080e-13 1.11162080e-13]
for indices:
(array([  0,   2,   4,   6,   8,  11,  13,  15,  17,  19,  25,  26,  27,
        28,  29,  35,  36,  37,  38,  39,  94,  95,  96,  97,  98,  99,
       104, 105, 106, 107, 108, 109, 114, 115, 116, 117, 118, 119, 124,
       125, 126, 127, 128, 129]),)",NAN,NAN,NAN,NAN,NAN,NAN,-inf,FAILED,"Objective value wrong, with error 833.1512145011296
Lbg > g(x*,p) + tol:
[3.00000090e-06 1.07999803e-05 3.00000090e-06 1.36999746e-05
 5.99986831e-07 4.00000061e-06 4.00000056e-06 4.00000124e-06
 5.65909431e-13 1.13434362e-12 1.11162080e-13 1.70277781e-12
 3.38535756e-13 5.65909431e-13 1.24803046e-12 3.38535756e-13
 1.24803046e-12]
for indices:
(array([ 3,  5,  7,  9, 10, 14, 16, 18, 21, 22, 23, 24, 30, 31, 32, 33, 34]),)
Ubg < g(x*,p) - tol:
[1.20000108e-05 9.00002521e-06 1.68000068e-05 9.00003158e-06
 1.97000053e-05 1.26000018e-05 1.11000019e-05 8.00002811e-06
 8.00003420e-06 8.00002669e-06 1.00000109e-05 4.00002329e-06
 4.00002579e-06 4.00003057e-06 4.00002898e-06 1.00000145e-05
 1.00000104e-05 2.00002625e-06 2.00003353e-06 2.00002444e-06
 1.11162080e-13 1.11162080e-13 1.11162080e-13 1.11162080e-13
 1.11162080e-13 1.11162080e-13 1.11162080e-13 1.11162080e-13
 1.11162080e-13 1.11162080e-13 1.11162080e-13 1.11162080e-13
 1.11162080e-13 1.11162080e-13 1.11162080e-13 1.11162080e-13
 1.11162080e-13 1.11162080e-13 1.11162080e-13 1.11162080e-13
 1.11162080e-13 1.11162080e-13 1.11162080e-13 1.11162080e-13]
for indices:
(array([  0,   2,   4,   6,   8,  11,  13,  15,  17,  19,  25,  26,  27,
        28,  29,  35,  36,  37,  38,  39,  94,  95,  96,  97,  98,  99,
       104, 105, 106, 107, 108, 109, 114, 115, 116, 117, 118, 119, 124,
       125, 126, 127, 128, 129]),)",NAN,NAN,NAN,NAN,NAN,NAN,474754.62461658078,3.0302074294896135,5.942519149,4,0040,00
hybriddynamic_var,1.536415162,1.536415162246069,0,0.10512417647987604,0.028018000000000022,0,0,0,0,0,0,1.536415142589554,1.536415142589554,0.07965250301640481,0.06295863096602261,2,2,0,2,1,1.536415142589554,9.80875969727326,0.08372340200003237,0.06413259403780103,2,2,0,2,0,1.7976931348623157e+308,-1.7976931348623157e+308,0.010786658999999999,0,0000,00
johnall,-224.7301616,-224.73016162120538,0,0.10958206839859486,0.09785414800000002,0,0,0,0,0,0,-224.73016203509988,-224.73016203487933,0.9492097001057118,0.16396041004918516,2,2,0,2,0,-224.73016203509988,-128.61258111765235,0.9447122239507735,0.23938798101153225,2,2,0,2,0,1.7976931348623157e+308,-302.89423495612607,348.10748766,2,1020,00
kport20,31.8092982,-inf,FAILED,"Objective value wrong, with error 1e+50
Lbx > x* for indices:
[[ 0  0]
 [ 1  0]
 [ 2  0]
 [ 3  0]
 [ 4  0]
 [ 5  0]
 [ 6  0]
 [ 7  0]
 [ 8  0]
 [ 9  0]
 [10  0]
 [11  0]
 [12  0]
 [13  0]
 [14  0]
 [15  0]
 [16  0]
 [17  0]
 [18  0]
 [19  0]
 [20  0]
 [21  0]
 [22  0]
 [23  0]
 [24  0]
 [25  0]
 [26  0]
 [27  0]
 [28  0]
 [29  0]
 [30  0]
 [31  0]
 [32  0]
 [33  0]
 [34  0]
 [35  0]
 [36  0]
 [37  0]
 [38  0]
 [39  0]]
Ubg < g(x*,p) - tol:
[0.99999999 0.99999999 0.99999999 0.99999999 0.99999999 0.99999999
 0.99999999 0.99999999 0.99999999 0.99999999 0.99999999 0.99999999
 0.99999999 0.99999999 0.99999999 0.99999999 0.99999999 0.99999999
 0.99999999]
for indices:
(array([ 1,  2,  3,  4,  5,  6,  7,  8,  9, 10, 11, 12, 13, 14, 15, 16, 17,
       18, 19]),)",NAN,NAN,NAN,NAN,NAN,NAN,NAN,32.12573694124036,32.22085486289629,0.11686147598084062,104.4204959020717,49,236,229,5,46,34.829465088601594,2956.538084558517,0.10890472400933504,0.7734279748983681,3,9,7,3,0,1.7976931348623157e+308,27.922267203655863,0.168242357,5,0080,00
kport40,37.17581241,-inf,FAILED,"Objective value wrong, with error 1e+50
Lbx > x* for indices:
[[  0   0]
 [  1   0]
 [  2   0]
 [  3   0]
 [  4   0]
 [  5   0]
 [  6   0]
 [  7   0]
 [  8   0]
 [  9   0]
 [ 10   0]
 [ 11   0]
 [ 12   0]
 [ 13   0]
 [ 14   0]
 [ 15   0]
 [ 16   0]
 [ 17   0]
 [ 18   0]
 [ 19   0]
 [ 20   0]
 [ 21   0]
 [ 22   0]
 [ 23   0]
 [ 24   0]
 [ 25   0]
 [ 26   0]
 [ 27   0]
 [ 28   0]
 [ 29   0]
 [ 30   0]
 [ 31   0]
 [ 32   0]
 [ 33   0]
 [ 34   0]
 [ 35   0]
 [ 36   0]
 [ 37   0]
 [ 38   0]
 [ 39   0]
 [ 40   0]
 [ 41   0]
 [ 42   0]
 [ 43   0]
 [ 44   0]
 [ 45   0]
 [ 46   0]
 [ 47   0]
 [ 48   0]
 [ 49   0]
 [ 50   0]
 [ 51   0]
 [ 52   0]
 [ 53   0]
 [ 54   0]
 [ 55   0]
 [ 56   0]
 [ 57   0]
 [ 58   0]
 [ 59   0]
 [ 60   0]
 [ 61   0]
 [ 62   0]
 [ 63   0]
 [ 64   0]
 [ 65   0]
 [ 66   0]
 [ 67   0]
 [ 68   0]
 [ 69   0]
 [ 70   0]
 [ 71   0]
 [ 72   0]
 [ 73   0]
 [ 74   0]
 [ 75   0]
 [ 76   0]
 [ 77   0]
 [ 78   0]
 [ 79   0]
 [ 80   0]
 [ 81   0]
 [ 82   0]
 [ 83   0]
 [ 84   0]
 [ 85   0]
 [ 86   0]
 [ 87   0]
 [ 88   0]
 [ 89   0]
 [ 90   0]
 [ 91   0]
 [ 92   0]
 [ 93   0]
 [ 94   0]
 [ 95   0]
 [ 96   0]
 [ 97   0]
 [ 98   0]
 [ 99   0]
 [100   0]
 [101   0]
 [102   0]
 [103   0]
 [104   0]
 [105   0]
 [106   0]
 [107   0]
 [108   0]
 [109   0]
 [110   0]
 [111   0]
 [112   0]
 [113   0]]
Ubg < g(x*,p) - tol:
[0.99999999 0.99999999 0.99999999 0.99999999 0.99999999 0.99999999
 0.99999999 0.99999999 0.99999999 0.99999999 0.99999999 0.99999999
 0.99999999 0.99999999 0.99999999 0.99999999 0.99999999 0.99999999
 0.99999999 0.99999999 0.99999999 0.99999999 0.99999999 0.99999999
 0.99999999 0.99999999 0.99999999 0.99999999 0.99999999 0.99999999
 0.99999999 0.99999999 0.99999999 0.99999999 0.99999999 0.99999999
 0.99999999]
for indices:
(array([ 1,  2,  3,  4,  5,  6,  7,  8,  9, 10, 11, 12, 13, 14, 15, 16, 17,
       18, 19, 20, 21, 22, 23, 24, 25, 26, 27, 28, 29, 30, 31, 32, 33, 34,
       35, 36, 37]),)",NAN,NAN,NAN,NAN,NAN,NAN,NAN,38.36177593760969,37.583890125353605,0.28631692798808217,301.05080309999175,56,269,262,2,55,38.36177593760969,92.1861996083062,0.3015983561053872,47.025095113087445,2,5,2,2,0,1.7976931348623157e+308,31.003212105432645,3.146418022,8,00110,00
nvs01,12.46966882,12.46966882156821,0,0.019286587834358215,0.0015209999999999987,0,0,0,0,0,0,12.46966882156821,12.46966882156821,0.031660847016610205,0.033554554102011025,2,5,2,2,1,12.46966882156821,12.952730046898523,0.028527298010885715,0.02675036806613207,2,5,2,2,0,1.7976931348623157e+308,0,0.034584345,1,0040,00
nvs05,5.470934108,-inf,FAILED,"Error in Function::call for 'minlp' [BonminInterface] at .../casadi/core/function.cpp:1432:
Error in Function::call for 'minlp' [BonminInterface] at .../casadi/core/function.cpp:361:
.../casadi/interfaces/bonmin/bonmin_interface.cpp:477: Uncaught error in Bonmin",NAN,NAN,NAN,NAN,NAN,NAN,NAN,7.754215745760408,7.754215745760408,0.013861189945600927,0.2132914859103039,4,6,2,3,3,19.20083830315736,2522326.5589104444,0.011807807022705674,0.11745517805684358,2,2,1,2,0,1.7976931348623157e+308,0.67402220471000007,0.7725883170000001,2,0060,00
nvs08,23.44972735,23.449727347609045,0,0.019379916600883007,0.0014309999999999987,0,0,0,0,0,0,23.4497273467636,23.4497273467636,0.009860724094323814,0.020518593955785036,2,4,0,2,1,23.4497273467636,23.4497273467636,0.01002840104047209,0.0168226599926129,2,4,0,2,0,23.449727344266829,16.389762015158126,0.061856769,3,0030,00
nvs20,230.9221652,230.9221652082297,0,0.05763639975339174,0.009721000000000004,0,0,0,0,0,0,230.92216293970984,229.7077380220426,0.012779894983395934,0.06925682700239122,4,9,0,2,3,230.92216293970984,270.5135798912582,0.01252993498928845,0.02176882396452129,2,3,0,2,0,230.92216350458514,46,1.303105703,13,00130,00
nvs21,-5.6847825,-5.684782499990135,0,0.08266076166182756,0.007042000000000046,0,0,0,0,0,0,-4.952077315682856,-4.952077315682856,0.00992735498584807,0.049983718898147345,4,7,1,3,3,-4.85101451327195,2.974678114276003,0.009712232043966651,0.014913163031451404,2,2,0,2,0,-1.2127536289340017,-25728000.000000004,0.316664341,27,00270,00
nvs22,6.05822,6.05822,0,0.07428165338933468,0.009199000000000034,0,0,0,0,0,0,6.05822,6.05822,0.012325722025707364,0.059940443956293166,3,6,2,2,2,6.05822,1713789.0541851968,0.011908520013093948,0.03548738395329565,2,4,1,2,0,14.521940000000001,1.8263600000000002,0.712017938,12,00120,00
oaer,-1.923098514,-1.9230985027978127,0,0.016921978443861008,0.001596999999999998,0,0,0,0,0,0,-inf,FAILED,Problem can not be solved - Feasible zone is empty,NAN,NAN,NAN,NAN,NAN,NAN,-inf,FAILED,"Integer infeasible: [0.4816642  0.51833581] (array([1, 2]),)",NAN,NAN,NAN,NAN,NAN,NAN,-1.9230985659290898,-1.9252498781626528,0.077414837,5,0050,00
ortez,-9532.039053,-9532.039053348311,0,4.220066155306995,1.3984490000002565,0,0,0,0,0,0,-inf,FAILED,Problem can not be solved - Feasible zone is empty,NAN,NAN,NAN,NAN,NAN,NAN,-inf,FAILED,"Integer infeasible: [0.04321778 0.89022684 0.89022684 0.32933702 0.3202637  0.27371658
 0.67066295 0.67973627 0.72628343] (array([ 2,  5,  8,  9, 10, 11, 15, 16, 17]),)",NAN,NAN,NAN,NAN,NAN,NAN,-9532.0391320331855,-45081.599999999999,3.4694753549999997,26,00260,00
parallel,924.2955507,924.2955507311696,0,0.817912369966507,0.22322000000000114,0,0,0,0,0,0,924.2915486851967,924.2909301160362,0.2368748780572787,0.3929148430470377,2,4,0,2,1,924.2915486851967,9255.402896298605,0.19926367804873735,0.34961437003221363,2,4,0,2,0,2642.7116434911572,-1.7976931348623157e+308,0.471564536,8,0060,00
pooling_epa1,-280.8056329,-inf,FAILED,"Error in Function::call for 'minlp' [BonminInterface] at .../casadi/core/function.cpp:1432:
Error in Function::call for 'minlp' [BonminInterface] at .../casadi/core/function.cpp:361:
.../casadi/interfaces/bonmin/bonmin_interface.cpp:477: Uncaught error in Bonmin",NAN,NAN,NAN,NAN,NAN,NAN,NAN,-280.8060577000714,-280.8060577000715,1.4949906680267304,1.2214468460297212,2,2,0,2,1,-280.8060577000714,-262.45116845042776,1.430937033961527,1.124210838926956,2,2,0,2,0,NAN,NAN,NAN,NAN,NAN,NAN
pooling_epa2,-4567.355812,-inf,FAILED,"Error in Function::call for 'minlp' [BonminInterface] at .../casadi/core/function.cpp:1432:
Error in Function::call for 'minlp' [BonminInterface] at .../casadi/core/function.cpp:361:
.../casadi/interfaces/bonmin/bonmin_interface.cpp:477: Uncaught error in Bonmin",NAN,NAN,NAN,NAN,NAN,NAN,NAN,-3433.6788484650833,-1363.7377098235866,3.566342061967589,2.5499382289126515,2,2,0,2,0,-3433.6788484650833,-1363.7377098235866,3.406243216013536,2.425770903006196,2,2,0,2,0,NAN,NAN,NAN,NAN,NAN,NAN
prob10,3.445503794,3.4455037943363673,0,0.013188552111387253,0.0008819999999999985,0,0,0,0,0,0,3.4455037882283115,3.4455037882283115,0.026701815077103674,0.024234534008428454,2,3,0,2,1,3.4455037882283115,5.058833021833827,0.025090213981457055,0.020184528082609177,2,3,0,2,0,10.312118485241777,-412.40000000000003,0.074236755,2,0020,00
procsel,-1.923098738,-1.9230987377480924,0,0.02719822060316801,0.002791000000000001,0,0,0,0,0,0,-1.411002128193271,-1.411002128193271,0.010648349998518825,0.0188012559665367,2,2,0,2,1,-1.411002128193271,-1.411002128193271,0.010358097963035107,0.013617101009003818,2,2,0,2,0,-1.9230987513698841,-1.9230987513698841,0.057149561,3,0040,00
sfacloc1_2_90,17.89155452,17.961425380075678,0,0.07697236072272062,0.029796078999999993,0,0,0,0,0,0,18.031338030087827,17.986142350088087,0.6183590900618583,0.3104443699121475,2,4,0,2,1,18.031338030087827,897.6507809599862,0.5962133259745315,0.2721872280817479,2,4,0,2,0,1.7976931348623157e+308,0,12.110403755,8,0080,00
sfacloc1_2_95,18.8500827,18.850082699628203,0,0.059426634572446346,0.023262978999999996,0,0,0,0,0,0,18.850070175441356,18.85007020949694,0.3072194040287286,0.18027615593746305,2,2,0,2,0,18.850070175441356,18.85007020949694,0.30307036300655454,0.1775923230452463,2,2,0,2,0,1.7976931348623157e+308,2.0836737861423482,11.898763252999998,7,0070,00
sfacloc1_3_90,11.62198856,11.900062474071976,0,0.08292404748499393,0.033788522,0,0,0,0,0,0,11.900051431868313,11.900051431868313,0.9590412890538573,0.34998863690998405,2,2,0,2,1,11.900051431868313,917.7337933885865,0.9266773749841377,0.3228557950351387,2,2,0,2,0,29.676807154333311,0,13.119994177999999,10,00130,00
sfacloc1_3_95,12.30250678,21.51041329814377,0,0.2551516145467758,0.09530429600000007,0,0,0,0,0,0,12.456719378172272,12.456719419609989,0.5632052760338411,0.2690223370445892,2,2,0,2,0,12.456719378172272,12.456719419609989,0.5500301430001855,0.26140180591028184,2,2,0,2,0,1.7976931348623157e+308,1.3448899543333319,318.116036361,11,1010,00
sfacloc1_4_90,10.45745824,10.572584639792073,0,0.4327896609902382,0.16092933499999995,0,0,0,0,0,0,11.145754337157246,11.859855241614245,1.350113476975821,0.6027332779485732,2,2,0,2,0,11.145754337157246,829.5524047908839,1.3297771411016583,0.599837593967095,2,2,0,2,0,1.7976931348623157e+308,0,44.627214546999994,16,00160,00
sfacloc1_4_95,11.18412235,11.250323494391754,0,0.41402850672602654,0.15898606200000004,0,0,0,0,0,0,11.256016108211245,11.682879156374616,0.8749286020174623,0.5127269650110975,2,2,0,2,0,11.256016108211245,11.682879156374616,0.8583773369900882,0.49671660002786666,2,2,0,2,0,1.7976931348623157e+308,0.73749133166666447,314.626264111,7,1010,00
sfacloc2_2_90,18.59410919,18.681416444056794,0,10.403387784026563,4.346796394999998,0,0,0,0,0,0,18.779944943174286,18.66242918829834,0.7781434640055522,0.4347082629101351,2,4,0,2,1,18.779944943174286,7227.187135117827,0.7630571589106694,0.30751116294413805,2,4,0,2,0,26.149503620061548,0,1.0057235539999998,6,0060,00
sfacloc2_2_95,19.57755165,19.57755165452945,0,4.126993606798351,1.7458244879999987,0,0,0,0,0,0,19.82556521676093,19.825565216760925,0.3879855200648308,0.266459166072309,2,4,0,2,1,19.82556521676093,1997.3939494974911,0.3872973519610241,0.24259286292362958,2,4,0,2,0,23.661779762770372,2.0836759640666656,1.7622763609999998,10,0080,00
sfacloc2_3_90,15.09450105,-inf,FAILED,"Error in Function::call for 'minlp' [BonminInterface] at .../casadi/core/function.cpp:1432:
Error in Function::call for 'minlp' [BonminInterface] at .../casadi/core/function.cpp:361:
.../casadi/interfaces/bonmin/bonmin_interface.cpp:477: Uncaught error in Bonmin",NAN,NAN,NAN,NAN,NAN,NAN,NAN,15.80347036590109,15.796949628804237,1.2874914939748123,0.5650697210803628,2,5,0,2,1,15.80347036590109,1761.8476335941814,1.2576005479786545,0.5153114770073444,2,5,0,2,0,19.105921080026025,0,0.789038427,8,0080,00
sfacloc2_3_95,16.15112012,16.15112012431074,0,30.588460673578084,13.102195917999907,0,0,0,0,0,0,16.729037141363168,16.729037141363168,0.8087665799539536,0.3402928039431572,2,2,0,2,1,16.729037141363168,1234.935538166319,0.7831817480036989,0.3114651549840346,2,2,0,2,0,19.272069530386219,1.3448899543333319,8.355286435,24,00110,00
sfacloc2_4_90,13.41150335,-inf,FAILED,"Error in Function::call for 'minlp' [BonminInterface] at .../casadi/core/function.cpp:1432:
Error in Function::call for 'minlp' [BonminInterface] at .../casadi/core/function.cpp:361:
.../casadi/interfaces/bonmin/bonmin_interface.cpp:477: Uncaught error in Bonmin",NAN,NAN,NAN,NAN,NAN,NAN,NAN,20.410820069452235,20.565147139548177,1.9809890560572967,0.7452047480037436,3,5,0,3,1,21.125140500621537,5544.80951070704,1.9158708429895341,0.3685501420404762,2,2,0,2,0,15.695066271698428,0,0.888161039,9,0090,00
sfacloc2_4_95,14.29917733,-inf,FAILED,"Error in Function::call for 'minlp' [BonminInterface] at .../casadi/core/function.cpp:1432:
Error in Function::call for 'minlp' [BonminInterface] at .../casadi/core/function.cpp:361:
.../casadi/interfaces/bonmin/bonmin_interface.cpp:477: Uncaught error in Bonmin",NAN,NAN,NAN,NAN,NAN,NAN,NAN,25.174087929348566,25.174087929348566,1.3275840081041679,0.3457360410830006,2,2,0,2,1,25.174087929348566,5290.492324879859,1.2667120220139623,0.29558146896306425,2,2,0,2,0,21.985111748318548,0.93822471300000054,3.419013886,7,0070,00
spring,0.8462441005,0.8462456820006636,0,0.15721363574266434,0.02752199999999997,0,0,0,0,0,0,0.8688286159021197,0.8688286159021197,0.03051861294079572,0.11053271102719009,3,8,1,3,2,0.9876579750547234,2.678560858785495,0.029673773096874356,0.06976956292055547,2,6,1,2,0,1.5686403230374262,0.48763959040418858,0.952845053,67,001590,00
st_e15,7.667180069,7.66718006882261,0,0.003668348304927349,0.000162,0,0,0,0,0,0,7.667180068813135,7.667180061604702,0.011472202953882515,0.015066488995216787,2,2,0,2,0,7.667180068813135,7.667180061604702,0.011702966992743313,0.014838958042673767,2,2,0,2,0,7.6671800624164419,5.931112091313345,0.057889616,3,0030,00
st_e29,-0.9434705,-0.9434704999897898,0,0.03223192598670721,0.003597999999999997,0,0,0,0,0,0,-0.9049614980951736,-0.9049614980951736,0.011771137011237442,0.03821078490000218,3,4,0,2,2,-0.9049614980951736,-0.881378412055966,0.012064356938935816,0.017828459036536515,2,2,0,2,0,0,-0.99430989460000008,0.08465563400000001,7,0070,00
st_e32,-1.430407283,-1.430407283332523,0,0.22640164848417044,0.06740899999999983,0,0,0,0,0,0,-1.4304072818874314,-1.4304072819263198,0.04608131106942892,0.12324167601764202,2,2,0,2,1,-1.4304072818874314,14575.591891913675,0.045762283029034734,0.11280434008222073,2,2,0,2,0,1.7976931348623157e+308,-100,4.882817445,25,00250,00
st_e35,64868.07684,-inf,FAILED,"Error in Function::call for 'minlp' [BonminInterface] at .../casadi/core/function.cpp:1432:
Error in Function::call for 'minlp' [BonminInterface] at .../casadi/core/function.cpp:361:
.../casadi/interfaces/bonmin/bonmin_interface.cpp:477: Uncaught error in Bonmin",NAN,NAN,NAN,NAN,NAN,NAN,NAN,-inf,FAILED,"Objective value wrong, with error 126458400.07271072
Lbg > g(x*,p) + tol:
[1979.999999 1619.999999  359.999999 7699.999999  439.999999  348.999999
  319.999999  349.999999]
for indices:
(array([ 0,  1,  2,  4,  9, 10, 11, 13]),)
Ubg < g(x*,p) - tol:
[8599.999999 2759.999999  799.999999  799.999999  799.999999  799.999999
  799.999999  449.999999  799.999999  449.999999  769.999999  299.999999
  299.999999]
for indices:
(array([19, 20, 28, 29, 30, 31, 32, 33, 34, 35, 36, 37, 38]),)",NAN,NAN,NAN,NAN,NAN,NAN,-inf,FAILED,"Integer infeasible: [] (array([], dtype=int64),)",NAN,NAN,NAN,NAN,NAN,NAN,92593.727247660383,0.00029160666764299658,0.454528603,4,0040,00
st_e36,-246.0,-246.0,0,0.007572083733975887,0.0004889999999999997,0,0,0,0,0,0,-244.84344322500846,-198.7880000000055,0.012606584001332521,0.030967654078267515,2,2,0,2,0,-244.84344322500846,-196.0,0.01229655696079135,0.032120657968334854,2,2,0,2,0,-243.85676188641463,-402.50000000000006,0.263881293,8,0080,00
st_e38,7197.727149,7197.7271485243045,0,0.005440323613584042,0.00037700000000000006,0,0,0,0,0,0,7197.7271168279385,7197.7271168279385,0.010042137000709772,0.01781272201333195,2,2,0,2,1,7197.7271168279385,7197.7271168279385,0.011185043025761843,0.014797598938457668,2,2,0,2,0,1.7976931348623157e+308,3422.6745437499999,1.458272002,2,0050,00
st_e40,30.4142135,-inf,FAILED,"Objective value wrong, with error 1.7976931348623157e+308
Lbx > x* for indices:
[[0 0]
 [1 0]
 [2 0]]
Lbg > g(x*,p) + tol:
[28799.99999999 28799.99999999 28799.99999999]
for indices:
(array([1, 2, 3]),)",NAN,NAN,NAN,NAN,NAN,NAN,NAN,-inf,FAILED,"Ubg < g(x*,p) - tol:
[2.34204308 0.69663357]
for indices:
(array([0, 5]),)",NAN,NAN,NAN,NAN,NAN,NAN,-inf,FAILED,"Ubg < g(x*,p) - tol:
[2.34204308 0.69663357]
for indices:
(array([0, 5]),)",NAN,NAN,NAN,NAN,NAN,NAN,1.7976931348623157e+308,28.2426405,0.074995328,1,0040,00
supplychainp1_020306,437551.6764,-inf,FAILED,"Objective value wrong, with error 1.1595042198896408e-08",NAN,NAN,NAN,NAN,NAN,NAN,NAN,437551.64259048045,437551.6425904803,0.17088406695984304,0.15495145705062896,2,3,0,2,1,437551.64259048045,450977.6962302179,0.168238895945251,0.13614541105926037,2,3,0,2,0,438471.72306455148,44.340342882934259,0.270021274,2,0020,00
supplychainr1_020306,437551.183,-inf,FAILED,"Error in Function::call for 'minlp' [BonminInterface] at .../casadi/core/function.cpp:1432:
Error in Function::call for 'minlp' [BonminInterface] at .../casadi/core/function.cpp:361:
.../casadi/interfaces/bonmin/bonmin_interface.cpp:477: Uncaught error in Bonmin",NAN,NAN,NAN,NAN,NAN,NAN,NAN,593974.6145859534,643866.6717797911,0.08724445395637304,0.7000591109972447,5,9,5,4,3,1090900.320397687,366069355.0805497,0.08619454095605761,0.24892260401975363,2,3,2,2,0,438470.94595311274,49310.654912932368,0.6100180350000001,2,0060,00
supplychainr1_030510,860440.1578,-inf,FAILED,"Error in Function::call for 'minlp' [BonminInterface] at .../casadi/core/function.cpp:1432:
Error in Function::call for 'minlp' [BonminInterface] at .../casadi/core/function.cpp:361:
.../casadi/interfaces/bonmin/bonmin_interface.cpp:477: Uncaught error in Bonmin",NAN,NAN,NAN,NAN,NAN,NAN,NAN,886799.9006097147,941396.273736983,0.31844099203590304,2.028530901996419,3,9,5,3,2,1702934.8077678082,2414600566.974045,0.3164974598912522,1.0447538789594546,2,5,3,2,0,860440.15780998068,125674.86047153281,0.9870381420000001,2,0020,00
synheat,154997.3349,154997.33486602973,0,0.4106359640136361,0.08402100000000014,0,0,0,0,0,0,154997.3336582461,154997.33293058418,0.04335791408084333,0.23581977107096463,3,8,0,3,2,166509.57213692094,366321.12873228197,0.041469693067483604,0.09263648104388267,2,5,0,2,0,189521.07147688637,0,0.37648431899999996,5,0050,00
tanksize,1.268643754,1.2686437535708663,0,0.41498437244445086,0.1343459999999999,0,0,0,0,0,0,1.2686437708644467,1.2686437708644467,0.06838588893879205,0.22908530698623508,3,5,1,2,2,1.2686437708643796,61531784.82681666,0.07243910396937281,0.10551387607119977,2,3,0,2,0,NAN,NAN,NAN,NAN,NAN,NAN
transswitch0009p,5296.686204,5296.6862039920325,0,0.09289150405675173,0.02699999999999999,0,0,0,0,0,0,-inf,FAILED,Problem can not be solved - Feasible zone is empty,NAN,NAN,NAN,NAN,NAN,NAN,-inf,FAILED,"Integer infeasible: [0.01883869] (array([0]),)",NAN,NAN,NAN,NAN,NAN,NAN,1.7976931348623157e+308,1188.75,0.9694787319999999,3,0030,00
transswitch0009r,5296.686204,-inf,FAILED,"Objective value wrong, with error 1.7976931348623157e+308
Lbg > g(x*,p) + tol:
[0.80999999 0.80999999 0.80999999 0.80999999 0.80999999 0.80999999
 0.80999999 0.80999999 0.80999999 0.09999999 0.09999999 0.09999999]
for indices:
(array([63, 64, 65, 66, 67, 68, 69, 70, 71, 75, 76, 77]),)
Ubg < g(x*,p) - tol:
[0.89999999 0.99999999 1.24999999 0.29999999 0.34999999 0.49999999]
for indices:
(array([ 92,  94,  96,  98, 100, 102]),)",NAN,NAN,NAN,NAN,NAN,NAN,NAN,-inf,FAILED,"Integer infeasible: [0.14057003 0.14057003 0.14057003 0.14057003 0.14057003 0.14057003
 0.14057003 0.14057003 0.14057003] (array([0, 1, 2, 3, 4, 5, 6, 7, 8]),)",NAN,NAN,NAN,NAN,NAN,NAN,-inf,FAILED,"Integer infeasible: [0.14057003 0.14057003 0.14057003 0.14057003 0.14057003 0.14057003
 0.14057003 0.14057003 0.14057003] (array([0, 1, 2, 3, 4, 5, 6, 7, 8]),)",NAN,NAN,NAN,NAN,NAN,NAN,1.7976931348623157e+308,1188.75,0.329581238,3,0030,00
transswitch0014p,8082.58169,8082.581689604233,0,0.06184041406959295,0.024679817,0,0,0,0,0,0,8082.581682062401,8082.5816820624,0.7169259190559387,0.24141751800198108,2,2,0,2,1,8082.581682062401,8189.764427651819,0.7002627009060234,0.1945262720109895,2,2,0,2,0,1.7976931348623157e+308,0,6.528960131000001,4,0040,00
transswitch0014r,8082.58169,-inf,FAILED,"Objective value wrong, with error 1.7976931348623157e+308
Lbg > g(x*,p) + tol:
[0.88359999 0.88359999 0.88359999 0.88359999 0.88359999 0.88359999
 0.88359999 0.88359999 0.88359999 0.88359999 0.88359999 0.88359999
 0.88359999 0.88359999 0.03899999]
for indices:
(array([134, 135, 136, 137, 138, 139, 140, 141, 142, 143, 144, 145, 146,
       147, 188]),)
Ubg < g(x*,p) - tol:
[0.21699999 0.94199999 0.11199999 0.12699999 0.18999999 0.07499999
 0.47799999 0.07599999 0.29499999 0.08999999 0.03499999 0.06099999
 0.13499999 0.14899999 0.01599999 0.16599999 0.05799999 0.01799999
 0.01599999 0.05799999 0.04999999]
for indices:
(array([170, 171, 172, 175, 176, 177, 179, 180, 182, 183, 184, 185, 186,
       187, 189, 191, 192, 193, 194, 195, 196]),)",NAN,NAN,NAN,NAN,NAN,NAN,NAN,-inf,FAILED,"Integer infeasible: [0.07111202 0.07111202 0.07111202 0.07111202 0.07111202 0.07111202
 0.07111202 0.07111202 0.07111202 0.07111202 0.07111202 0.07111202
 0.07111202 0.07111202 0.07111202 0.07111202 0.07111202 0.07111202
 0.07111202 0.07111202] (array([ 0,  1,  2,  3,  4,  5,  6,  7,  8,  9, 10, 11, 12, 13, 14, 15, 16,
       17, 18, 19]),)",NAN,NAN,NAN,NAN,NAN,NAN,-inf,FAILED,"Integer infeasible: [0.07111202 0.07111202 0.07111202 0.07111202 0.07111202 0.07111202
 0.07111202 0.07111202 0.07111202 0.07111202 0.07111202 0.07111202
 0.07111202 0.07111202 0.07111202 0.07111202 0.07111202 0.07111202
 0.07111202 0.07111202] (array([ 0,  1,  2,  3,  4,  5,  6,  7,  8,  9, 10, 11, 12, 13, 14, 15, 16,
       17, 18, 19]),)",NAN,NAN,NAN,NAN,NAN,NAN,1.7976931348623157e+308,1.2772893859429339e-08,0.902944721,3,0030,00
transswitch0030p,573.9181324,573.9373051027679,0,0.20128667075186968,0.09313431899999998,0,0,0,0,0,0,573.918131532773,573.918131532773,3.161996062961407,0.6240227289963514,2,2,0,2,1,573.918131532773,1892.4310364580451,2.8302466169698164,0.5072458459762856,2,2,0,2,0,1.7976931348623157e+308,2.0624270765477819e-08,20.998851196,3,0030,00
transswitch0030r,573.9181324,-inf,FAILED,"Objective value wrong, with error 1.7976931348623157e+308
Lbg > g(x*,p) + tol:
[0.90249999 0.90249999 0.90249999 0.90249999 0.90249999 0.90249999
 0.90249999 0.90249999 0.90249999 0.90249999 0.90249999 0.90249999
 0.90249999 0.90249999 0.90249999 0.90249999 0.90249999 0.90249999
 0.90249999 0.90249999 0.90249999 0.90249999 0.90249999 0.90249999
 0.90249999 0.90249999 0.90249999 0.90249999 0.90249999 0.90249999]
for indices:
(array([276, 277, 278, 279, 280, 281, 282, 283, 284, 285, 286, 287, 288,
       289, 290, 291, 292, 293, 294, 295, 296, 297, 298, 299, 300, 301,
       302, 303, 304, 305]),)
Ubg < g(x*,p) - tol:
[0.21699999 0.03199999 0.12699999 0.01599999 0.02399999 0.07599999
 0.22799999 0.29999999 0.05799999 0.11199999 0.06199999 0.08199999
 0.03499999 0.08999999 0.03199999 0.09499999 0.02199999 0.17499999
 0.08699999 0.03499999 0.02399999 0.10599999 0.01199999 0.01599999
 0.10899999 0.29999999 0.01999999 0.07499999 0.01599999 0.02499999
 0.01799999 0.05799999 0.00899999 0.03399999 0.00699999 0.11199999
 0.06699999 0.02299999 0.00899999 0.01899999]
for indices:
(array([332, 335, 338, 341, 343, 344, 347, 348, 350, 352, 353, 354, 355,
       356, 357, 358, 359, 360, 361, 363, 365, 366, 367, 368, 371, 372,
       374, 376, 377, 378, 379, 380, 381, 382, 383, 384, 385, 387, 389,
       390]),)",NAN,NAN,NAN,NAN,NAN,NAN,NAN,-inf,FAILED,"Integer infeasible: [0.05062983 0.05062983 0.05062983 0.05062983 0.05062983 0.05062983
 0.05062983 0.05062983 0.05062983 0.05062983 0.05062983 0.05062983
 0.05062983 0.05062983 0.05062983 0.05062983 0.05062983 0.05062983
 0.05062983 0.05062983 0.05062983 0.05062983 0.05062983 0.05062983
 0.05062983 0.05062983 0.05062983 0.05062983 0.05062983 0.05062983
 0.05062983 0.05062983 0.05062983 0.05062983 0.05062983 0.05062983
 0.05062983 0.05062983 0.05062983 0.05062983 0.05062983] (array([ 0,  1,  2,  3,  4,  5,  6,  7,  8,  9, 10, 11, 12, 13, 14, 15, 16,
       17, 18, 19, 20, 21, 22, 23, 24, 25, 26, 27, 28, 29, 30, 31, 32, 33,
       34, 35, 36, 37, 38, 39, 40]),)",NAN,NAN,NAN,NAN,NAN,NAN,-inf,FAILED,"Integer infeasible: [0.05062983 0.05062983 0.05062983 0.05062983 0.05062983 0.05062983
 0.05062983 0.05062983 0.05062983 0.05062983 0.05062983 0.05062983
 0.05062983 0.05062983 0.05062983 0.05062983 0.05062983 0.05062983
 0.05062983 0.05062983 0.05062983 0.05062983 0.05062983 0.05062983
 0.05062983 0.05062983 0.05062983 0.05062983 0.05062983 0.05062983
 0.05062983 0.05062983 0.05062983 0.05062983 0.05062983 0.05062983
 0.05062983 0.05062983 0.05062983 0.05062983 0.05062983] (array([ 0,  1,  2,  3,  4,  5,  6,  7,  8,  9, 10, 11, 12, 13, 14, 15, 16,
       17, 18, 19, 20, 21, 22, 23, 24, 25, 26, 27, 28, 29, 30, 31, 32, 33,
       34, 35, 36, 37, 38, 39, 40]),)",NAN,NAN,NAN,NAN,NAN,NAN,1.7976931348623157e+308,1.7343411270980045e-08,22.082272916,3,0030,00
transswitch0039p,41866.12319,41866.123188680256,0,0.1137470193207264,0.05388487199999998,0,0,0,0,0,0,41866.123169086975,41866.123169086975,4.492923401994631,0.7418231749907136,2,2,0,2,1,41866.123169086975,41987.4934777841,4.002719345036894,0.6158635030733421,2,2,0,2,0,1.7976931348623157e+308,2.0000000034742911,26.104882869,3,0030,00
transswitch0039r,41866.12319,-inf,FAILED,"Objective value wrong, with error 1.7976931348623157e+308
Lbg > g(x*,p) + tol:
[0.88359999 0.88359999 0.88359999 0.88359999 0.88359999 0.88359999
 0.88359999 0.88359999 0.88359999 0.88359999 0.88359999 0.88359999
 0.88359999 0.88359999 0.88359999 0.88359999 0.88359999 0.88359999
 0.88359999 0.88359999 0.88359999 0.88359999 0.88359999 0.88359999
 0.88359999 0.88359999 0.88359999 0.88359999 0.88359999 0.88359999
 0.88359999 0.88359999 0.88359999 0.88359999 0.88359999 0.88359999
 0.88359999 0.88359999 0.88359999 1.39999999 1.49999999 0.66599999
 0.92199999]
for indices:
(array([315, 316, 317, 318, 319, 320, 321, 322, 323, 324, 325, 326, 327,
       328, 329, 330, 331, 332, 333, 334, 335, 336, 337, 338, 339, 340,
       341, 342, 343, 344, 345, 346, 347, 348, 349, 350, 351, 352, 353,
       384, 386, 452, 467]),)
Ubg < g(x*,p) - tol:
[ 0.09199999 11.03999999  0.04599999  2.49999999  0.97599999  3.21999999
  4.99999999  2.33799999  5.21999999  0.06499999  0.08529999  3.19999999
  3.28999999  1.57999999  6.79999999  2.73999999  2.47499999  3.08599999
  2.23999999  1.38999999  2.80999999  2.05999999  2.83499999  0.44199999
  0.02399999  1.83999999  0.83999999  1.76599999  0.87999999  1.52999999
  0.32299999  0.29999999  1.02999999  1.14999999  0.84599999  0.47199999
  0.16999999  0.75499999  0.27599999  0.26899999]
for indices:
(array([396, 404, 406, 414, 415, 417, 418, 421, 422, 423, 426, 429, 430,
       432, 434, 435, 437, 438, 439, 440, 441, 442, 443, 444, 446, 447,
       450, 451, 455, 458, 459, 461, 463, 464, 466, 468, 469, 470, 471,
       472]),)",NAN,NAN,NAN,NAN,NAN,NAN,NAN,-inf,FAILED,"Integer infeasible: [0.18158286 0.18158286 0.18158286 0.18158286 0.18158286 0.18158286
 0.18158286 0.18158286 0.18158286 0.18158286 0.18158286 0.18158286
 0.18158286 0.18158286 0.18158286 0.18158286 0.18158286 0.18158286
 0.18158286 0.18158286 0.18158286 0.18158286 0.18158286 0.18158286
 0.18158286 0.18158286 0.18158286 0.18158286 0.18158286 0.18158286
 0.18158286 0.18158286 0.18158286 0.18158286 0.18158286 0.18158286
 0.18158286 0.18158286 0.18158286 0.18158286 0.18158286 0.18158286
 0.18158286 0.18158286 0.18158286 0.18158286] (array([ 0,  1,  2,  3,  4,  5,  6,  7,  8,  9, 10, 11, 12, 13, 14, 15, 16,
       17, 18, 19, 20, 21, 22, 23, 24, 25, 26, 27, 28, 29, 30, 31, 32, 33,
       34, 35, 36, 37, 38, 39, 40, 41, 42, 43, 44, 45]),)",NAN,NAN,NAN,NAN,NAN,NAN,-inf,FAILED,"Integer infeasible: [0.18158286 0.18158286 0.18158286 0.18158286 0.18158286 0.18158286
 0.18158286 0.18158286 0.18158286 0.18158286 0.18158286 0.18158286
 0.18158286 0.18158286 0.18158286 0.18158286 0.18158286 0.18158286
 0.18158286 0.18158286 0.18158286 0.18158286 0.18158286 0.18158286
 0.18158286 0.18158286 0.18158286 0.18158286 0.18158286 0.18158286
 0.18158286 0.18158286 0.18158286 0.18158286 0.18158286 0.18158286
 0.18158286 0.18158286 0.18158286 0.18158286 0.18158286 0.18158286
 0.18158286 0.18158286 0.18158286 0.18158286] (array([ 0,  1,  2,  3,  4,  5,  6,  7,  8,  9, 10, 11, 12, 13, 14, 15, 16,
       17, 18, 19, 20, 21, 22, 23, 24, 25, 26, 27, 28, 29, 30, 31, 32, 33,
       34, 35, 36, 37, 38, 39, 40, 41, 42, 43, 44, 45]),)",NAN,NAN,NAN,NAN,NAN,NAN,1.7976931348623157e+308,2.0000000034742929,22.250084837,3,0030,00
tspn05,191.2552078,191.25520780824104,0,0.00854489766061306,0.0014890000000000003,0,0,0,0,0,0,191.25520765854355,191.25520765854355,0.030213617952540517,0.027965503046289086,2,2,0,2,1,191.25520765854355,191.2552078083536,0.025469938991591334,0.01972515694797039,2,2,0,2,0,191.25520764860207,-1.7976931348623157e+308,0.097335232,3,0030,00
tspn08,290.5668539,290.56685392210255,0,0.012857761234045029,0.003942,0,0,0,0,0,0,290.5668537064959,290.56684975119333,0.029796217917464674,0.3265543580055237,2,2,0,2,0,290.5668537064959,290.56684975119333,0.024583686026744545,0.297253553988412,2,2,0,2,0,290.56685370197846,-1.7976931348623157e+308,0.19948634099999998,3,0030,00
tspn10,225.1260716,225.12607161159795,0,0.022094881162047386,0.009504521000000002,0,0,0,0,0,0,235.15620743422505,235.1562007490021,0.041362658026628196,0.0791701260022819,2,2,0,2,0,235.15620743422505,235.1562007490021,0.03764819004572928,0.07302652799990028,2,2,0,2,0,225.12607130943968,-1.7976931348623157e+308,0.25704544100000004,3,0030,00
tspn12,262.6473957,265.8578943279865,0,0.03472275286912918,0.017233290000000005,0,0,0,0,0,0,265.8578940371059,265.8578940371059,0.06376785703469068,0.08470812602899969,2,2,0,2,1,265.8578940371059,265.8578943281027,0.06035151204559952,0.12201369495596737,2,2,0,2,0,265.85789405194868,-1.7976931348623157e+308,0.326834266,3,0030,00
tspn15,327.1390621,331.08931355007616,0,0.2347081247717142,0.11356042700000006,0,0,0,0,0,0,328.9069643613094,328.9069490509956,0.1407810690579936,0.791507279034704,2,2,0,2,0,328.9069643613094,328.9069490509956,0.14084428700152785,0.7662529250374064,2,2,0,2,0,327.13906183379669,-1.7976931348623157e+308,0.463381887,3,0030,00
wager,20339.43184,-inf,FAILED,"Objective value wrong, with error 1.7976931348623157e+308
Lbx > x* for indices:
[[ 70   0]
 [ 71   0]
 [ 72   0]
 [ 73   0]
 [ 74   0]
 [ 75   0]
 [132   0]
 [133   0]]
Lbg > g(x*,p) + tol:
[9.9999999e-01 9.9999999e-01 9.9999999e-01 9.9999999e-01 9.9999999e-01
 9.9999999e-01 9.9999999e-01 9.9999999e-01 9.9999999e-01 9.9999999e-01
 9.9999999e-01 1.1000000e+03 2.2000000e+03 1.5000000e+02 1.0000000e+02
 2.2410000e+03 2.2410000e+03 2.1330000e+03 7.3500000e+03 9.9999999e-01]
for indices:
(array([ 43,  44,  45,  46,  47,  48,  49,  50,  51,  52,  53,  56,  60,
        64,  68, 116, 117, 118, 119, 141]),)",NAN,NAN,NAN,NAN,NAN,NAN,NAN,-inf,FAILED,Problem can not be solved - Feasible zone is empty,NAN,NAN,NAN,NAN,NAN,NAN,-inf,FAILED,"Lbg > g(x*,p) + tol:
[44615806.80228838]
for indices:
(array([36]),)",NAN,NAN,NAN,NAN,NAN,NAN,1.7976931348623157e+308,13180.913741577813,19.025306871999998,12,0080,00
wastepaper3,0.01891836798,0.028594730434764355,0,1.2615026980638504,0.2593339999999941,0,0,0,0,0,0,0.18654386672643533,0.1991122680705986,1.6213423490989953,0.9108003389555961,12,31,23,9,5,-inf,FAILED,"Integer infeasible: [0.4996474  0.50035255 0.52811704 0.4718827  0.9232091  0.93024943
 0.07679081 0.06975044] (array([ 0,  1,  3,  5,  7, 17, 19, 23]),)",NAN,NAN,NAN,NAN,NAN,NAN,0.028594710756561566,0,2.4170033749999997,14,00110,00
wastepaper4,0.003479162687,0.006730362928984062,0,3.772636890411377,1.0102010000001664,0,0,0,0,0,0,0.051546562286824166,0.13434152185639225,0.05747219000477344,2.408086846000515,17,50,37,13,8,-inf,FAILED,"Integer infeasible: [0.31208573 0.68790471 0.91804177 0.91854944 0.97932994 0.02066872
 0.45120243 0.54879183 0.08144875 0.08195245] (array([ 4,  7, 13, 18, 20, 22, 29, 31, 34, 37]),)",NAN,NAN,NAN,NAN,NAN,NAN,0.0041469463271194733,0,46.489698481,26,00210,00
wastepaper5,0.0008212036779,0.002902956432325296,0,6.264394149184227,1.6517320000001283,0,0,0,0,0,0,0.648999878166112,0.648999878166112,0.08825591008644551,6.232674358063377,25,82,80,25,2,-inf,FAILED,"Integer infeasible: [0.16205463 0.83788652 0.52419894 0.47576521 0.91848553 0.97940915
 0.02058074 0.91412525 0.50626806 0.49368192 0.08150338 0.08583174] (array([ 5,  9, 16, 18, 22, 25, 27, 38, 46, 49, 52, 58]),)",NAN,NAN,NAN,NAN,NAN,NAN,0.024983511674051218,0,300.002011477,32,200240,00
wastepaper6,0.0001263745072,-inf,FAILED,"Error in Function::call for 'minlp' [BonminInterface] at .../casadi/core/function.cpp:1432:
Error in Function::call for 'minlp' [BonminInterface] at .../casadi/core/function.cpp:361:
.../casadi/interfaces/bonmin/bonmin_interface.cpp:477: Uncaught error in Bonmin",NAN,NAN,NAN,NAN,NAN,NAN,NAN,0.6489997568427702,0.6489885741947611,0.14257154101505876,28.058854677015916,54,215,213,54,2,-inf,FAILED,"Integer infeasible: [0.00888937 0.99099909 0.16181094 0.83758386 0.00382304 0.99475155
 0.91742965 0.91810168 0.97452179 0.02536908 0.00396118 0.99477991
 0.4502981  0.54923126 0.99390575 0.00510402 0.39021623 0.60926038
 0.99446051 0.00437312 0.52147251 0.47803645 0.08178159 0.08212735
 0.0035597  0.996183  ] (array([ 0,  2,  6, 10, 13, 15, 19, 26, 30, 32, 39, 41, 43, 45, 48, 52, 58,
       59, 64, 65, 69, 71, 74, 79, 84, 86]),)",NAN,NAN,NAN,NAN,NAN,NAN,0.0047472398890255644,0,197.43187811800001,25,00220,00
water4,907.0169959,-inf,FAILED,"Error in Function::call for 'minlp' [BonminInterface] at .../casadi/core/function.cpp:1432:
Error in Function::call for 'minlp' [BonminInterface] at .../casadi/core/function.cpp:361:
.../casadi/interfaces/bonmin/bonmin_interface.cpp:477: Uncaught error in Bonmin",NAN,NAN,NAN,NAN,NAN,NAN,NAN,948.264232185175,752.3332795978724,0.363936785957776,306.7713836609619,62,268,177,7,61,1166.7462970832362,1020137.7370504551,0.34376425098162144,1.619649445055984,2,6,3,2,0,NAN,NAN,NAN,NAN,NAN,NAN
waternd1,606763.1675,606763.1675291483,0,0.052667527459561825,0.00903,0,0,0,0,0,0,691650.695246638,691650.6952466379,0.09358452504966408,0.16594618000090122,2,2,0,2,1,691650.695246638,1116871.508761406,0.08113010798115283,0.14610779890790582,2,2,0,2,0,606763.16707404505,320026.52303648583,4.320202212000001,2,0020,00
waternd2,1062685.084,1063571.1489946665,0,1.614333108998835,0.23909208599999993,0,0,0,0,0,0,1062904.4017281209,1062904.4017281209,0.6044808030128479,0.7335628060391173,2,2,0,2,1,1062904.4017281209,2971059.2617874146,0.6257676860550418,0.6869096130831167,2,2,0,2,0,1070320.0077465186,320042.31059931649,300.08107110500004,1,21010,00
waterno2_01,19.45668046,19.45668046214643,0,1.2925921082496643,0.4332899999999998,0,0,0,0,0,0,133.10741963763584,133.10741963763584,0.3593039169209078,0.18466089898720384,2,2,0,2,1,133.10741963763584,61644739.20562954,0.3648437779629603,0.09596146701369435,2,2,0,2,0,19.456674548294597,1.6504161546718344e-09,0.683204085,4,0040,00
waterno2_02,39.57142193,-inf,FAILED,"Error in Function::call for 'minlp' [BonminInterface] at .../casadi/core/function.cpp:1432:
Error in Function::call for 'minlp' [BonminInterface] at .../casadi/core/function.cpp:361:
.../casadi/interfaces/bonmin/bonmin_interface.cpp:477: Uncaught error in Bonmin",NAN,NAN,NAN,NAN,NAN,NAN,NAN,266.3193998145,267.2070064891324,1.3599223489873111,0.4607708239927888,3,4,0,3,1,272.000162063933,5470867.701429191,1.396386487991549,0.23786414600908756,2,2,0,2,0,46.930400352138307,0,2.737713591,6,0060,00
waterno2_03,115.0045167,-inf,FAILED,"Error in Function::call for 'minlp' [BonminInterface] at .../casadi/core/function.cpp:1432:
Error in Function::call for 'minlp' [BonminInterface] at .../casadi/core/function.cpp:361:
.../casadi/interfaces/bonmin/bonmin_interface.cpp:477: Uncaught error in Bonmin",NAN,NAN,NAN,NAN,NAN,NAN,NAN,399.0836980652857,399.0836980652857,3.146175908972509,0.9647178660379723,3,4,0,3,2,401.59286109647644,146119669.79472816,3.2002833270234987,0.4328090569470078,2,2,0,2,0,196.54771139263931,0,4.849202476,11,00110,00
watertreatnd_conc,348336.7614,-inf,FAILED,"Objective value wrong, with error 1.7976931348623157e+308
Ubg < g(x*,p) - tol:
[ 9.99999999 14.99999999  4.99999999 19.99999999  9.99999999  0.99999999
  0.99999999  0.99999999  0.99999999  0.99999999  0.99999999  0.99999999
  0.99999999  0.99999999  0.99999999  0.99999999  0.99999999  0.99999999
  0.99999999  0.99999999  0.99999999  0.99999999  0.99999999  0.99999999
  0.99999999  0.99999999  0.99999999  0.99999999  0.99999999  1.33332999
  1.33332999  1.33332999  1.33332999  1.33332999  1.33332999  0.66665999
  0.66665999  0.66665999  0.66665999  0.66665999  0.66665999  1.99999999
  1.99999999  1.99999999  1.99999999  1.99999999  1.99999999  1.99999999
  1.99999999  1.99999999  1.99999999  1.99999999  1.99999999  3.99999999
  3.99999999  3.99999999  3.99999999  3.99999999  3.99999999  1.49999999
  1.49999999  1.49999999  1.49999999  1.49999999  1.49999999  0.49999999
  0.49999999  0.49999999  0.49999999  0.49999999  0.49999999  0.49999999
  0.49999999  0.49999999  0.49999999  0.49999999  0.49999999  1.99999999
  1.99999999  1.99999999  1.99999999  1.99999999  1.99999999  1.99999999
  1.99999999  1.99999999  1.99999999  1.99999999  1.99999999]
for indices:
(array([ 29,  30,  31,  32,  33,  34,  35,  36,  37,  38,  39,  40,  41,
        42,  43,  44,  45,  46,  47,  48,  49,  50,  51,  52,  53,  54,
        55,  56,  57,  58,  59,  60,  61,  62,  63,  76,  77,  78,  79,
        80,  81,  82,  83,  84,  85,  86,  87,  88,  89,  90,  91,  92,
        93, 100, 101, 102, 103, 104, 105, 106, 107, 108, 109, 110, 111,
       112, 113, 114, 115, 116, 117, 118, 119, 120, 121, 122, 123, 130,
       131, 132, 133, 134, 135, 136, 137, 138, 139, 140, 141]),)",NAN,NAN,NAN,NAN,NAN,NAN,NAN,-inf,FAILED,"Integer infeasible: [0.0123185  0.01343418] (array([0, 1]),)",NAN,NAN,NAN,NAN,NAN,NAN,-inf,FAILED,"Integer infeasible: [0.0123185  0.01343418] (array([0, 1]),)",NAN,NAN,NAN,NAN,NAN,NAN,1.7976931348623157e+308,1.3785361866306666e-07,0.18884259199999998,1,0010,00
watertreatnd_flow,348337.0417,-inf,FAILED,"Objective value wrong, with error 1.7976931348623157e+308
Lbg > g(x*,p) + tol:
[0.99999999 0.99999999 0.99999999 0.99999999 0.99999999 0.99999999
 0.99999999 0.99999999 0.99999999 0.99999999]
for indices:
(array([305, 306, 307, 308, 309, 310, 311, 312, 313, 314]),)",NAN,NAN,NAN,NAN,NAN,NAN,NAN,-inf,FAILED,"Objective value wrong, with error 430383.1074104693
Lbx > x* for indices:
[[130   0]
 [142   0]
 [148   0]
 [160   0]
 [166   0]
 [172   0]
 [190   0]
 [196   0]
 [319   0]
 [320   0]
 [321   0]]
Lbg > g(x*,p) + tol:
[2.69520633e-03 2.79409852e-03 2.72899023e-03 2.71380929e-03
 2.72327643e-03 4.18927923e-03 4.34287779e-03 4.24175210e-03
 4.21817320e-03 4.23287748e-03 1.65789254e-02 1.71868596e-02
 1.67866100e-02 1.66932860e-02 1.67514847e-02 3.73641087e-02
 3.87341249e-02 3.78321384e-02 3.76218273e-02 3.77529815e-02
 4.30171872e+00 5.02671248e-02 2.02066493e-02 1.40878480e-02
 1.55739856e-01 5.01423168e+00 2.14881522e-01 3.08529932e-02
 2.73575178e-03 1.40893528e-03 2.82147853e+00 1.79852459e-01
 2.45574042e-02 8.21019565e-03 7.31899466e-03 2.22426292e+00
 6.65942815e-02 8.67934086e-03 2.04185835e-03 3.81676066e-03
 7.88666490e-01 2.11758237e-22 2.11758237e-22 2.87557098e-17
 2.87557098e-17 1.00013415e-18 1.00013415e-18 1.00013415e-18
 2.87557098e-17 1.39778012e-16 2.87557098e-17 2.87557098e-17
 6.94889525e-16 1.39778012e-16 2.87557098e-17 2.87557098e-17
 1.02795643e-15 2.87557098e-17 1.39778012e-16 1.00013415e-18
 1.00013415e-18 2.87557098e-17 2.87557098e-17 1.32772414e-19
 1.00013415e-18 1.00013415e-18 1.00013415e-18 1.02795643e-15
 1.39778012e-16 1.39778012e-16 2.87557098e-17 1.03538298e-14
 1.12420083e-14 2.45646846e-14]
for indices:
(array([  0,   1,   2,   3,   4,   6,   7,   8,   9,  10,  12,  13,  14,
        15,  16,  18,  19,  20,  21,  22,  29,  35,  41,  47,  53,  59,
        65,  71,  77,  83,  89,  95, 101, 107, 113, 119, 125, 131, 137,
       143, 149, 161, 162, 251, 252, 283, 284, 285, 305, 306, 307, 308,
       309, 312, 313, 314, 316, 321, 326, 336, 340, 342, 343, 354, 357,
       358, 359, 360, 362, 363, 364, 371, 372, 373]),)
Ubg < g(x*,p) - tol:
[1.36653361e-02 2.12248904e-02 8.40068912e-02 1.89314562e-01
 8.49055466e-01 8.80185809e-01 8.59690323e-01 8.54911506e-01
 8.57891673e-01 1.00245525e-02 1.03852024e-02 9.96514285e-03
 9.92583663e-03 9.96861780e-03 4.02796205e-03 4.17294664e-03
 4.00407883e-03 3.98827737e-03 4.00547579e-03 2.80976487e-03
 2.91085084e-03 2.79311305e-03 2.78209597e-03 2.79408704e-03
 3.10576804e-02 3.21750321e-02 3.08736198e-02 3.07518428e-02
 3.08843857e-02 9.99926871e-01 1.03590090e+00 9.94000891e-01
 9.90080183e-01 9.94347510e-01 4.60770259e-02 4.43813986e-02
 4.18494688e-02 4.13013166e-02 4.12766197e-02 6.61417191e-03
 6.37069783e-03 6.00713957e-03 5.92843073e-03 5.92488452e-03
 3.76195879e-04 3.62351930e-04 3.41679989e-04 3.37204600e-04
 3.37002962e-04 3.02543914e-04 2.91410345e-04 2.74785575e-04
 2.71186382e-04 2.71024221e-04 6.05004193e-01 5.82740134e-01
 5.49495189e-01 5.42297798e-01 5.41973521e-01 3.87587374e-02
 3.73877608e-02 3.47880278e-02 3.44773991e-02 3.44450732e-02
 5.29056548e-03 5.10335651e-03 4.74835895e-03 4.70594212e-03
 4.70152798e-03 1.62472079e-03 1.56721581e-03 1.58842929e-03
 1.57424592e-03 1.57276991e-03 1.57767848e-03 1.52187274e-03
 1.41605033e-03 1.40340616e-03 1.40209033e-03 4.79330345e-01
 4.62375441e-01 4.30224474e-01 4.26382920e-01 4.25983145e-01
 1.43766737e-02 1.38788043e-02 1.28602050e-02 1.27419340e-02
 1.27414850e-02 1.87211072e-03 1.80720958e-03 1.67442729e-03
 1.65900975e-03 1.65895122e-03 1.30283277e-03 1.25768083e-03
 3.94683260e-04 3.91053490e-04 3.91039711e-04 8.24386511e-04
 7.95837706e-04 7.37429239e-04 7.30647348e-04 7.30621602e-04
 1.70256196e-01 1.64360162e-01 1.52297370e-01 1.50896742e-01
 1.50891424e-01 3.38223670e+02 7.03665251e+02 7.57559866e+03
 6.41933639e+03 8.43838398e+03 2.87557098e-17 2.87557098e-17
 2.87557098e-17 2.87557098e-17 6.35274710e-22 6.35274710e-22
 6.35274710e-22 2.87557098e-17 1.00013415e-18 2.87557098e-17
 1.00013415e-18 1.00013415e-18 1.00013415e-18 6.35274710e-22
 1.39778012e-16 1.39778012e-16 1.39778012e-16 2.87557098e-17
 1.39778012e-16 2.87557098e-17 1.00013415e-18 2.87557098e-17
 1.00013415e-18 1.00013415e-18 1.39778012e-16 1.00013415e-18
 2.87557098e-17 1.39778012e-16 2.87557098e-17 1.02795643e-15
 1.02795643e-15 1.00013415e-18 1.00013415e-18 1.00013415e-18
 2.50800315e-16 1.00013415e-18 1.39778012e-16 1.02795643e-15
 1.39778012e-16 1.02795643e-15 1.00013415e-18 2.87557098e-17
 1.00013415e-18 1.39778012e-16 1.00013415e-18 1.61082352e-15
 8.42668610e-17 1.00013415e-18 1.00013415e-18 1.00013415e-18
 2.87557098e-17 2.87557098e-17]
for indices:
(array([  5,  11,  17,  23,  24,  25,  26,  27,  28,  30,  31,  32,  33,
        34,  36,  37,  38,  39,  40,  42,  43,  44,  45,  46,  48,  49,
        50,  51,  52,  54,  55,  56,  57,  58,  60,  61,  62,  63,  64,
        66,  67,  68,  69,  70,  72,  73,  74,  75,  76,  78,  79,  80,
        81,  82,  84,  85,  86,  87,  88,  90,  91,  92,  93,  94,  96,
        97,  98,  99, 100, 102, 103, 104, 105, 106, 108, 109, 110, 111,
       112, 114, 115, 116, 117, 118, 120, 121, 122, 123, 124, 126, 127,
       128, 129, 130, 132, 133, 134, 135, 136, 138, 139, 140, 141, 142,
       144, 145, 146, 147, 148, 150, 151, 152, 153, 154, 160, 166, 172,
       178, 181, 182, 183, 186, 189, 190, 205, 206, 207, 209, 210, 211,
       212, 213, 214, 215, 217, 227, 229, 234, 239, 240, 241, 246, 257,
       269, 270, 277, 278, 279, 302, 303, 317, 319, 322, 324, 327, 328,
       332, 334, 337, 338, 339, 345, 346, 348, 350, 351]),)",NAN,NAN,NAN,NAN,NAN,NAN,-inf,FAILED,"Objective value wrong, with error 221182.1573826897
Lbx > x* for indices:
[[130   0]
 [142   0]
 [148   0]
 [160   0]
 [166   0]
 [172   0]
 [190   0]
 [196   0]
 [319   0]
 [320   0]
 [321   0]]
Lbg > g(x*,p) + tol:
[2.69520633e-03 2.79409852e-03 2.72899023e-03 2.71380929e-03
 2.72327643e-03 4.18927923e-03 4.34287779e-03 4.24175210e-03
 4.21817320e-03 4.23287748e-03 1.65789254e-02 1.71868596e-02
 1.67866100e-02 1.66932860e-02 1.67514847e-02 3.73641087e-02
 3.87341249e-02 3.78321384e-02 3.76218273e-02 3.77529815e-02
 4.30171872e+00 5.02671248e-02 2.02066493e-02 1.40878480e-02
 1.55739856e-01 5.01423168e+00 2.14881522e-01 3.08529932e-02
 2.73575178e-03 1.40893528e-03 2.82147853e+00 1.79852459e-01
 2.45574042e-02 8.21019565e-03 7.31899466e-03 2.22426292e+00
 6.65942815e-02 8.67934086e-03 2.04185835e-03 3.81676066e-03
 7.88666490e-01 2.11758237e-22 2.11758237e-22 2.87557098e-17
 2.87557098e-17 1.00013415e-18 1.00013415e-18 1.00013415e-18
 2.87557098e-17 1.39778012e-16 2.87557098e-17 2.87557098e-17
 6.94889525e-16 1.39778012e-16 2.87557098e-17 2.87557098e-17
 1.02795643e-15 2.87557098e-17 1.39778012e-16 1.00013415e-18
 1.00013415e-18 2.87557098e-17 2.87557098e-17 1.32772414e-19
 1.00013415e-18 1.00013415e-18 1.00013415e-18 1.02795643e-15
 1.39778012e-16 1.39778012e-16 2.87557098e-17 1.03538298e-14
 1.12420083e-14 2.45646846e-14]
for indices:
(array([  0,   1,   2,   3,   4,   6,   7,   8,   9,  10,  12,  13,  14,
        15,  16,  18,  19,  20,  21,  22,  29,  35,  41,  47,  53,  59,
        65,  71,  77,  83,  89,  95, 101, 107, 113, 119, 125, 131, 137,
       143, 149, 161, 162, 251, 252, 283, 284, 285, 305, 306, 307, 308,
       309, 312, 313, 314, 316, 321, 326, 336, 340, 342, 343, 354, 357,
       358, 359, 360, 362, 363, 364, 371, 372, 373]),)
Ubg < g(x*,p) - tol:
[1.36653361e-02 2.12248904e-02 8.40068912e-02 1.89314562e-01
 8.49055466e-01 8.80185809e-01 8.59690323e-01 8.54911506e-01
 8.57891673e-01 1.00245525e-02 1.03852024e-02 9.96514285e-03
 9.92583663e-03 9.96861780e-03 4.02796205e-03 4.17294664e-03
 4.00407883e-03 3.98827737e-03 4.00547579e-03 2.80976487e-03
 2.91085084e-03 2.79311305e-03 2.78209597e-03 2.79408704e-03
 3.10576804e-02 3.21750321e-02 3.08736198e-02 3.07518428e-02
 3.08843857e-02 9.99926871e-01 1.03590090e+00 9.94000891e-01
 9.90080183e-01 9.94347510e-01 4.60770259e-02 4.43813986e-02
 4.18494688e-02 4.13013166e-02 4.12766197e-02 6.61417191e-03
 6.37069783e-03 6.00713957e-03 5.92843073e-03 5.92488452e-03
 3.76195879e-04 3.62351930e-04 3.41679989e-04 3.37204600e-04
 3.37002962e-04 3.02543914e-04 2.91410345e-04 2.74785575e-04
 2.71186382e-04 2.71024221e-04 6.05004193e-01 5.82740134e-01
 5.49495189e-01 5.42297798e-01 5.41973521e-01 3.87587374e-02
 3.73877608e-02 3.47880278e-02 3.44773991e-02 3.44450732e-02
 5.29056548e-03 5.10335651e-03 4.74835895e-03 4.70594212e-03
 4.70152798e-03 1.62472079e-03 1.56721581e-03 1.58842929e-03
 1.57424592e-03 1.57276991e-03 1.57767848e-03 1.52187274e-03
 1.41605033e-03 1.40340616e-03 1.40209033e-03 4.79330345e-01
 4.62375441e-01 4.30224474e-01 4.26382920e-01 4.25983145e-01
 1.43766737e-02 1.38788043e-02 1.28602050e-02 1.27419340e-02
 1.27414850e-02 1.87211072e-03 1.80720958e-03 1.67442729e-03
 1.65900975e-03 1.65895122e-03 1.30283277e-03 1.25768083e-03
 3.94683260e-04 3.91053490e-04 3.91039711e-04 8.24386511e-04
 7.95837706e-04 7.37429239e-04 7.30647348e-04 7.30621602e-04
 1.70256196e-01 1.64360162e-01 1.52297370e-01 1.50896742e-01
 1.50891424e-01 3.38223670e+02 7.03665251e+02 7.57559866e+03
 6.41933639e+03 8.43838398e+03 2.87557098e-17 2.87557098e-17
 2.87557098e-17 2.87557098e-17 6.35274710e-22 6.35274710e-22
 6.35274710e-22 2.87557098e-17 1.00013415e-18 2.87557098e-17
 1.00013415e-18 1.00013415e-18 1.00013415e-18 6.35274710e-22
 1.39778012e-16 1.39778012e-16 1.39778012e-16 2.87557098e-17
 1.39778012e-16 2.87557098e-17 1.00013415e-18 2.87557098e-17
 1.00013415e-18 1.00013415e-18 1.39778012e-16 1.00013415e-18
 2.87557098e-17 1.39778012e-16 2.87557098e-17 1.02795643e-15
 1.02795643e-15 1.00013415e-18 1.00013415e-18 1.00013415e-18
 2.50800315e-16 1.00013415e-18 1.39778012e-16 1.02795643e-15
 1.39778012e-16 1.02795643e-15 1.00013415e-18 2.87557098e-17
 1.00013415e-18 1.39778012e-16 1.00013415e-18 1.61082352e-15
 8.42668610e-17 1.00013415e-18 1.00013415e-18 1.00013415e-18
 2.87557098e-17 2.87557098e-17]
for indices:
(array([  5,  11,  17,  23,  24,  25,  26,  27,  28,  30,  31,  32,  33,
        34,  36,  37,  38,  39,  40,  42,  43,  44,  45,  46,  48,  49,
        50,  51,  52,  54,  55,  56,  57,  58,  60,  61,  62,  63,  64,
        66,  67,  68,  69,  70,  72,  73,  74,  75,  76,  78,  79,  80,
        81,  82,  84,  85,  86,  87,  88,  90,  91,  92,  93,  94,  96,
        97,  98,  99, 100, 102, 103, 104, 105, 106, 108, 109, 110, 111,
       112, 114, 115, 116, 117, 118, 120, 121, 122, 123, 124, 126, 127,
       128, 129, 130, 132, 133, 134, 135, 136, 138, 139, 140, 141, 142,
       144, 145, 146, 147, 148, 150, 151, 152, 153, 154, 160, 166, 172,
       178, 181, 182, 183, 186, 189, 190, 205, 206, 207, 209, 210, 211,
       212, 213, 214, 215, 217, 227, 229, 234, 239, 240, 241, 246, 257,
       269, 270, 277, 278, 279, 302, 303, 317, 319, 322, 324, 327, 328,
       332, 334, 337, 338, 339, 345, 346, 348, 350, 351]),)",NAN,NAN,NAN,NAN,NAN,NAN,406961.23088065512,1.3785361866306666e-07,64.60410245099999,2,0020,00
waterx,909.0278626,960.8412112321214,0,0.12989524006843567,0.025722999999999996,0,0,0,0,0,0,968.2052847705711,963.9148519128744,0.07180291099939495,0.19404875091277063,2,2,0,2,1,968.2052847705711,74146.47489261627,0.07143131096381694,0.17666266905143857,2,2,0,2,0,NAN,NAN,NAN,NAN,NAN,NAN
waterz,907.0169959,-inf,FAILED,"Objective value wrong, with error 1e+50
Lbx > x* for indices:
[[42  0]
 [43  0]
 [46  0]
 [47  0]
 [48  0]
 [49  0]
 [50  0]
 [51  0]]
Lbg > g(x*,p) + tol:
[1.21199999 0.45199999 0.24499999 0.65199999 0.25199999 0.45599999
 0.99999999 0.99999999 0.99999999 0.99999999 0.99999999 0.99999999
 0.99999999 0.99999999 0.99999999 0.99999999 0.99999999 0.99999999
 0.99999999 0.99999999]
for indices:
(array([ 17,  18,  19,  20,  21,  22, 123, 124, 125, 126, 127, 128, 129,
       130, 131, 132, 133, 134, 135, 136]),)",NAN,NAN,NAN,NAN,NAN,NAN,NAN,1037.5810478942205,717.9153037707698,0.34478423499967903,301.82583045295905,56,267,265,3,54,1037.5810478942205,55422566015.34831,0.35733607097063214,5.626253851922229,3,7,5,3,0,NAN,NAN,NAN,NAN,NAN,NAN
windfac,0.2544872983,0.2544872983357829,0,0.025677522644400597,0.00324,0,0,0,0,0,0,0.7499999911056667,0.11826203285836176,0.038627301109954715,300.56933249300346,1028,2056,1028,2,1027,0.7499999911056667,2070.664161102506,0.02474904409609735,0.05874877795577049,2,4,2,2,0,1.7976931348623157e+308,0,0.097787798,2,0020,00
