id,path,obj,load_time,calc_time,solver_time,python_time,iter_nr,NLP_runs,FNLP_runs,MIQP_runs,MILP_runs
0,4stufen.nl,116784.99577870706,0,1.4373975777998567,0.7895010000000302,0,0,0,0,0,0
1,autocorr_bern20-05.nl,-407.99999999999,0,0.013936345465481281,0.010671,0,0,0,0,0,0
2,autocorr_bern20-10.nl,-2887.99999999999,0,0.03412287496030331,0.04719099999999998,0,0,0,0,0,0
3,autocorr_bern20-15.nl,-5819.99999999999,0,0.023506835103034973,0.032231,0,0,0,0,0,0
4,autocorr_bern25-06.nl,-927.99999999999,0,0.019732842221856117,0.020444,0,0,0,0,0,0
5,autocorr_bern25-13.nl,-8063.99999999999,0,0.045006719417870045,0.08379900000000001,0,0,0,0,0,0
6,autocorr_bern25-19.nl,-14495.99999999999,0,0.061768037267029285,0.14410399999999993,0,0,0,0,0,0
7,autocorr_bern25-25.nl,-10431.99999999999,0,0.06536315754055977,0.162809,0,0,0,0,0,0
8,autocorr_bern30-04.nl,-319.99999999999,0,0.013081572018563747,0.010081,0,0,0,0,0,0
9,autocorr_bern30-08.nl,-2903.99999999999,0,0.04110400751233101,0.06874700000000002,0,0,0,0,0,0
10,autocorr_bern30-15.nl,-15423.99999999999,0,0.054001281037926674,0.10803299999999999,0,0,0,0,0,0
11,autocorr_bern30-23.nl,-29783.99999999999,0,0.052139824256300926,0.13585599999999998,0,0,0,0,0,0
12,autocorr_bern30-30.nl,-22567.99999999999,0,0.06470216065645218,0.19161399999999992,0,0,0,0,0,0
13,autocorr_bern35-04.nl,-383.99999999999,0,0.013957311399281025,0.01149,0,0,0,0,0,0
14,autocorr_bern35-09.nl,-5047.99999999999,0,0.05085981171578169,0.102832,0,0,0,0,0,0
15,autocorr_bern35-18.nl,-31071.99999999999,0,0.06068149581551552,0.167928,0,0,0,0,0,0
16,autocorr_bern35-26.nl,-54863.99999999999,0,0.07983136177062988,0.23428200000000016,0,0,0,0,0,0
17,autocorr_bern35-35fix.nl,-40283.99999999999,0,0.10261924471706152,0.26310099999999936,0,0,0,0,0,0
18,autocorr_bern40-05.nl,-911.99999999999,0,0.018162362277507782,0.020013,0,0,0,0,0,0
19,autocorr_bern40-10.nl,-8127.99999999999,0,0.05070776119828224,0.11751199999999998,0,0,0,0,0,0
20,autocorr_bern40-20.nl,-50055.99999999999,0,0.04523150622844696,0.13671399999999997,0,0,0,0,0,0
21,autocorr_bern40-30.nl,-93943.99999999999,0,0.09694803692400455,0.27286800000000005,0,0,0,0,0,0
22,autocorr_bern40-40.nl,-67395.99999999999,0,0.08210696280002594,0.28565000000000007,0,0,0,0,0,0
23,autocorr_bern45-05.nl,-1047.99999999999,0,0.043673460371792316,0.06620900000000002,0,0,0,0,0,0
24,autocorr_bern45-11.nl,-12575.99999999999,0,0.05570528097450733,0.14484499999999997,0,0,0,0,0,0
25,autocorr_bern45-23.nl,-84763.99999999999,0,0.09573884960263968,0.2626639999999999,0,0,0,0,0,0
26,autocorr_bern45-34.nl,-151280.0,0,0.10529226996004581,0.3160009999999998,0,0,0,0,0,0
27,autocorr_bern45-45.nl,-111311.99999999999,0,0.17440056428313255,0.3870130000000005,0,0,0,0,0,0
28,autocorr_bern50-06.nl,-2095.99999999999,0,0.07761550974100828,0.127724,0,0,0,0,0,0
29,autocorr_bern50-13.nl,-23359.99999999999,0,0.08489810675382614,0.191133,0,0,0,0,0,0
30,autocorr_bern50-25.nl,-123775.99999999999,0,0.07983709406107664,0.26780899999999985,0,0,0,0,0,0
31,autocorr_bern55-06.nl,-2303.99999999999,0,0.06823285389691591,0.13556499999999996,0,0,0,0,0,0
32,autocorr_bern55-14.nl,-32871.99999999999,0,0.09299501311033964,0.23530099999999993,0,0,0,0,0,0
33,autocorr_bern60-08.nl,-6647.99999999999,0,0.07259935513138771,0.17762399999999995,0,0,0,0,0,0
34,autocorr_bern60-15.nl,-44535.99999999999,0,0.07080054376274347,0.25116,0,0,0,0,0,0
35,batch0812_nc.nl,2687026.7846137383,0,3.171668015420437,1.1896670000000098,0,0,0,0,0,0
36,batch_nc.nl,285506.50824410125,0,0.40194120071828365,0.190561000000002,0,0,0,0,0,0
37,beuster.nl,-inf,FAILED,"Error in Function::call for 'minlp' [BonminInterface] at .../casadi/core/function.cpp:1432:
Error in Function::call for 'minlp' [BonminInterface] at .../casadi/core/function.cpp:361:
.../casadi/interfaces/bonmin/bonmin_interface.cpp:477: Uncaught error in Bonmin"
38,casctanks.nl,9.163479388158715,0,2.9199940403923392,1.817139000000001,0,0,0,0,0,0
39,contvar.nl,-inf,FAILED,"Objective value wrong, with error 4.784745872020721e-09"
40,csched1.nl,-30639.25784500347,0,0.6671804953366518,0.24926799999999427,0,0,0,0,0,0
41,csched1a.nl,-30430.176817209325,0,0.10626523103564978,0.08337400000000045,0,0,0,0,0,0
42,csched2.nl,-inf,FAILED,"Ubg < g(x*,p) - tol:
[1.1758709e-09]
for indices:
(array([0]),)"
43,csched2a.nl,-165398.7012703061,0,2.5575641309842467,1.3652899999999646,0,0,0,0,0,0
44,eg_int_s.nl,7.887243024242211,0,0.5176783241331577,0.7991580000000005,0,0,0,0,0,0
45,eniplac.nl,-inf,FAILED,"Error in Function::call for 'minlp' [BonminInterface] at .../casadi/core/function.cpp:1432:
Error in Function::call for 'minlp' [BonminInterface] at .../casadi/core/function.cpp:361:
.../casadi/interfaces/bonmin/bonmin_interface.cpp:477: Uncaught error in Bonmin"
46,ex1221.nl,7.667180068843457,0,0.009042484685778618,0.001902,0,0,0,0,0,0
47,ex1222.nl,1.076543083352221,0,0.01849460043013096,0.007079999999999999,0,0,0,0,0,0
48,ex1224.nl,-0.9434704999897898,0,0.05274352245032787,0.04229100000000001,0,0,0,0,0,0
49,ex1225.nl,31.000000099999887,0,0.06049920804798603,0.042055,0,0,0,0,0,0
50,ex1226.nl,-16.999999999933305,0,0.010119857266545296,0.003287,0,0,0,0,0,0
51,ex1233.nl,155010.67127821103,0,0.4166327565908432,0.10737300000000044,0,0,0,0,0,0
52,ex1243.nl,-inf,FAILED,"Error in Function::call for 'minlp' [BonminInterface] at .../casadi/core/function.cpp:1432:
Error in Function::call for 'minlp' [BonminInterface] at .../casadi/core/function.cpp:361:
.../casadi/interfaces/bonmin/bonmin_interface.cpp:477: Uncaught error in Bonmin"
53,ex1244.nl,-inf,FAILED,"Lbx > x* for indices:
[[23  0]
 [24  0]
 [25  0]
 [26  0]
 [27  0]
 [28  0]
 [29  0]
 [30  0]
 [31  0]
 [32  0]
 [33  0]
 [34  0]
 [35  0]
 [36  0]
 [37  0]
 [38  0]
 [39  0]
 [40  0]
 [41  0]
 [42  0]
 [43  0]
 [44  0]
 [45  0]
 [46  0]
 [47  0]
 [48  0]
 [49  0]
 [50  0]
 [51  0]
 [52  0]
 [53  0]
 [54  0]
 [55  0]
 [56  0]
 [57  0]
 [58  0]
 [59  0]
 [60  0]
 [61  0]
 [62  0]
 [63  0]
 [64  0]
 [65  0]
 [66  0]
 [67  0]
 [68  0]
 [69  0]
 [70  0]
 [71  0]]
Lbg > g(x*,p) + tol:
[187.36999999  38.14799999 136.11399999  94.23299999 288.26699999
 158.99999999 266.99999999 342.99999999  25.99999999 117.99999999
 175.94499999  16.31999999  48.41999999 118.49099999 519.66499999]
for indices:
(array([ 0,  1,  2,  3,  4, 20, 21, 22, 23, 24, 45, 46, 47, 48, 49]),)
Ubg < g(x*,p) - tol:
[76.99999999 79.99999999 89.99999999 59.99999999 59.99999999 59.99999999]
for indices:
(array([ 40,  41,  42, 109, 110, 111]),)"
54,ex1252.nl,128893.7410135273,0,0.47953456826508045,0.1868949999999986,0,0,0,0,0,0
55,ex1252a.nl,-inf,FAILED,"Error in Function::call for 'minlp' [BonminInterface] at .../casadi/core/function.cpp:1432:
Error in Function::call for 'minlp' [BonminInterface] at .../casadi/core/function.cpp:361:
.../casadi/interfaces/bonmin/bonmin_interface.cpp:477: Uncaught error in Bonmin"
56,ex3pb.nl,68.00974405134998,0,0.09893524646759033,0.0789410000000004,0,0,0,0,0,0
57,feedtray.nl,-13.405997724434101,0,0.03061315231025219,0.07133800000000001,0,0,0,0,0,0
58,gasnet.nl,-inf,FAILED,"Objective value wrong, with error 1.7976931348623157e+308
Lbx > x* for indices:
[[ 0  0]
 [ 1  0]
 [ 2  0]
 [ 3  0]
 [ 4  0]
 [ 5  0]
 [ 6  0]
 [ 7  0]
 [ 8  0]
 [ 9  0]
 [10  0]
 [11  0]
 [12  0]
 [13  0]
 [14  0]
 [15  0]
 [16  0]
 [17  0]
 [18  0]
 [19  0]
 [20  0]
 [21  0]
 [22  0]
 [23  0]
 [24  0]
 [25  0]
 [26  0]
 [27  0]
 [28  0]
 [29  0]
 [30  0]
 [31  0]
 [32  0]
 [33  0]
 [34  0]
 [35  0]
 [36  0]
 [37  0]
 [38  0]
 [39  0]
 [40  0]
 [41  0]
 [42  0]
 [43  0]
 [44  0]
 [45  0]
 [46  0]
 [47  0]
 [48  0]
 [49  0]
 [50  0]
 [51  0]
 [52  0]
 [53  0]
 [54  0]
 [55  0]
 [56  0]
 [57  0]
 [58  0]
 [59  0]
 [60  0]
 [61  0]
 [62  0]
 [63  0]
 [64  0]
 [65  0]
 [66  0]]
Lbg > g(x*,p) + tol:
[174.99999999 199.99999999]
for indices:
(array([55, 56]),)"
59,gastrans.nl,89.0858400001195,0,0.06624151952564716,0.11701800000000002,0,0,0,0,0,0
60,gastrans040.nl,-inf,FAILED,No objective!
61,gear2.nl,0.004768456098804485,0,0.13240897189825773,0.07034800000000016,0,0,0,0,0,0
62,gear3.nl,3.634526501566065e-06,0,0.14533925335854292,0.04001599999999997,0,0,0,0,0,0
63,gear4.nl,1.643428473988717,0,53.150973617099226,4.064146999982625,0,0,0,0,0,0
64,ghg_1veh.nl,7.7816348853329,0,0.03311205003410578,0.04354900000000001,0,0,0,0,0,0
65,ghg_2veh.nl,7.781634885437892,0,0.8916020169854164,0.5141210000000034,0,0,0,0,0,0
66,ghg_3veh.nl,-inf,FAILED,"Error in Function::call for 'minlp' [BonminInterface] at .../casadi/core/function.cpp:1432:
Error in Function::call for 'minlp' [BonminInterface] at .../casadi/core/function.cpp:361:
.../casadi/interfaces/bonmin/bonmin_interface.cpp:477: Uncaught error in Bonmin"
67,gkocis.nl,-1.923098737624322,0,0.0281824404373765,0.0029280000000000026,0,0,0,0,0,0
68,heatexch_gen1.nl,-inf,FAILED,"Objective value wrong, with error 1.7976931348623157e+308
Lbx > x* for indices:
[[ 0  0]
 [ 1  0]
 [ 2  0]
 [ 3  0]
 [ 4  0]
 [ 5  0]
 [ 6  0]
 [ 7  0]
 [20  0]
 [21  0]
 [22  0]
 [23  0]
 [24  0]
 [25  0]
 [26  0]
 [27  0]
 [28  0]
 [29  0]
 [30  0]
 [31  0]
 [32  0]
 [33  0]
 [34  0]
 [35  0]
 [52  0]
 [53  0]
 [54  0]
 [55  0]
 [56  0]
 [57  0]
 [58  0]
 [59  0]
 [60  0]
 [61  0]
 [62  0]
 [63  0]
 [64  0]
 [65  0]
 [66  0]
 [67  0]
 [80  0]
 [81  0]
 [82  0]
 [83  0]]
Lbg > g(x*,p) + tol:
[3699.99999999 7399.99999999  369.99999999  369.99999999]
for indices:
(array([56, 57, 72, 73]),)
Ubg < g(x*,p) - tol:
[2799.99999999 4399.99999999 9749.99999999 6499.99999999 3599.99999999
 1949.99999999  649.99999999  589.99999999  409.99999999  349.99999999
    9.99999999    9.99999999   19.99999999   19.99999999   14.99999999
   14.99999999   12.99999999   12.99999999  319.99999999  319.99999999]
for indices:
(array([ 58,  59,  60,  61,  62,  63,  76,  77,  78,  79,  80,  81,  82,
        83,  84,  85,  86,  87, 116, 117]),)"
69,heatexch_gen2.nl,-inf,FAILED,"Objective value wrong, with error 1.7976931348623157e+308
Lbx > x* for indices:
[[  0   0]
 [  1   0]
 [  2   0]
 [  3   0]
 [  4   0]
 [  5   0]
 [  6   0]
 [  7   0]
 [  8   0]
 [  9   0]
 [ 10   0]
 [ 11   0]
 [ 28   0]
 [ 29   0]
 [ 30   0]
 [ 31   0]
 [ 32   0]
 [ 33   0]
 [ 34   0]
 [ 35   0]
 [ 36   0]
 [ 37   0]
 [ 38   0]
 [ 39   0]
 [ 40   0]
 [ 41   0]
 [ 42   0]
 [ 43   0]
 [ 44   0]
 [ 45   0]
 [ 46   0]
 [ 47   0]
 [ 48   0]
 [ 69   0]
 [ 70   0]
 [ 71   0]
 [ 72   0]
 [ 73   0]
 [ 74   0]
 [ 75   0]
 [ 76   0]
 [ 77   0]
 [ 78   0]
 [ 79   0]
 [ 80   0]
 [ 81   0]
 [ 82   0]
 [ 83   0]
 [ 84   0]
 [ 85   0]
 [ 86   0]
 [ 87   0]
 [ 88   0]
 [126   0]
 [127   0]
 [128   0]
 [129   0]
 [130   0]
 [131   0]]
Lbg > g(x*,p) + tol:
[1919.99999999 1519.99999999 2159.99999999 7199.99999999 3839.99999999
  319.99999999  379.99999999  359.99999999  359.99999999  319.99999999]
for indices:
(array([ 76,  77,  78,  79,  80, 100, 101, 102, 103, 104]),)
Ubg < g(x*,p) - tol:
[1.08000000e+03 4.00000000e+02 6.00000000e+02 4.00000000e+02
 7.20000000e+02 1.18800000e+04 6.66000000e+03 5.00000000e+02
 4.80000000e+02 4.60000000e+02 3.80000000e+02 3.80000000e+02
 2.90000000e+02 5.99999999e+00 5.99999999e+00 3.99999999e+00
 3.99999999e+00 5.99999999e+00 5.99999999e+00 2.00000000e+01
 2.00000000e+01 1.20000000e+01 1.20000000e+01 1.80000000e+01
 1.80000000e+01 3.20000000e+02 3.20000000e+02 3.20000000e+02
 3.20000000e+02 3.20000000e+02]
for indices:
(array([ 81,  82,  83,  84,  85,  86,  87, 106, 107, 108, 109, 110, 111,
       112, 113, 114, 115, 116, 117, 118, 119, 120, 121, 122, 123, 160,
       161, 162, 163, 164]),)"
70,heatexch_gen3.nl,-inf,FAILED,"Objective value wrong, with error 1.7976931348623157e+308
Lbx > x* for indices:
[[  0   0]
 [  1   0]
 [  2   0]
 [  3   0]
 [  4   0]
 [  5   0]
 [  6   0]
 [  7   0]
 [  8   0]
 [  9   0]
 [ 10   0]
 [ 11   0]
 [ 12   0]
 [ 13   0]
 [ 14   0]
 [ 15   0]
 [ 16   0]
 [ 17   0]
 [ 18   0]
 [ 19   0]
 [ 80   0]
 [ 81   0]
 [ 82   0]
 [ 83   0]
 [ 84   0]
 [ 85   0]
 [ 86   0]
 [ 87   0]
 [ 88   0]
 [ 89   0]
 [ 90   0]
 [ 91   0]
 [ 92   0]
 [ 93   0]
 [ 94   0]
 [ 95   0]
 [ 96   0]
 [ 97   0]
 [ 98   0]
 [ 99   0]
 [100   0]
 [101   0]
 [102   0]
 [103   0]
 [104   0]
 [105   0]
 [106   0]
 [107   0]
 [108   0]
 [109   0]
 [110   0]
 [111   0]
 [112   0]
 [113   0]
 [114   0]
 [115   0]
 [116   0]
 [117   0]
 [118   0]
 [119   0]
 [120   0]
 [121   0]
 [122   0]
 [123   0]
 [124   0]
 [125   0]
 [126   0]
 [127   0]
 [128   0]
 [129   0]
 [130   0]
 [131   0]
 [132   0]
 [133   0]
 [134   0]
 [135   0]
 [136   0]
 [137   0]
 [138   0]
 [139   0]
 [140   0]
 [141   0]
 [142   0]
 [143   0]
 [144   0]
 [145   0]
 [146   0]
 [147   0]
 [148   0]
 [149   0]
 [150   0]
 [151   0]
 [152   0]
 [153   0]
 [154   0]
 [155   0]
 [156   0]
 [157   0]
 [158   0]
 [159   0]
 [160   0]
 [161   0]
 [162   0]
 [163   0]
 [164   0]
 [265   0]
 [266   0]
 [267   0]
 [268   0]
 [269   0]
 [270   0]
 [271   0]
 [272   0]
 [273   0]
 [274   0]
 [275   0]
 [276   0]
 [277   0]
 [278   0]
 [279   0]
 [280   0]
 [281   0]
 [282   0]
 [283   0]
 [284   0]
 [285   0]
 [286   0]
 [287   0]
 [288   0]
 [289   0]
 [290   0]
 [291   0]
 [292   0]
 [293   0]
 [294   0]
 [295   0]
 [296   0]
 [297   0]
 [298   0]
 [299   0]
 [300   0]
 [301   0]
 [302   0]
 [303   0]
 [304   0]
 [305   0]
 [306   0]
 [307   0]
 [308   0]
 [309   0]
 [310   0]
 [311   0]
 [312   0]
 [313   0]
 [314   0]
 [315   0]
 [316   0]
 [317   0]
 [318   0]
 [319   0]
 [320   0]
 [321   0]
 [322   0]
 [323   0]
 [324   0]
 [325   0]
 [326   0]
 [327   0]
 [328   0]
 [329   0]
 [330   0]
 [331   0]
 [332   0]
 [333   0]
 [334   0]
 [335   0]
 [336   0]
 [337   0]
 [338   0]
 [339   0]
 [340   0]
 [341   0]
 [342   0]
 [343   0]
 [344   0]
 [345   0]
 [346   0]
 [347   0]
 [348   0]
 [349   0]
 [350   0]
 [351   0]
 [352   0]
 [353   0]
 [354   0]
 [355   0]
 [356   0]
 [357   0]
 [358   0]
 [359   0]
 [360   0]
 [361   0]
 [362   0]
 [363   0]
 [364   0]
 [510   0]
 [511   0]
 [512   0]
 [513   0]
 [514   0]
 [515   0]
 [516   0]
 [517   0]
 [518   0]
 [519   0]]
Lbg > g(x*,p) + tol:
[ 821.03999999 1460.67999999  970.87999999 1876.13999999 1161.11999999
   93.29999999  137.79999999   65.59999999  148.89999999   65.59999999]
for indices:
(array([260, 261, 262, 263, 264, 300, 301, 302, 303, 304]),)
Ubg < g(x*,p) - tol:
[ 586.95999999 1177.65999999 2384.27999999 1539.71999999 2359.40999999
 1215.99999999 1352.36999999 1857.23999999 3056.90999999 2841.15999999
  759.99999999  647.20999999 1539.71999999 1634.84999999 1544.28999999
  159.99999999  248.89999999  226.69999999  271.09999999  198.89999999
   59.99999999  115.59999999   37.79999999   82.19999999   93.29999999
    8.79999999    8.79999999   10.59999999   10.59999999   14.79999999
   14.79999999   12.59999999   12.59999999   17.69999999   17.69999999
    7.59999999    7.59999999    6.09999999    6.09999999    8.39999999
    8.39999999   17.29999999   17.29999999   13.89999999   13.89999999
   39.99999999   39.99999999   39.99999999   39.99999999   39.99999999]
for indices:
(array([265, 266, 267, 268, 269, 270, 271, 272, 273, 274, 275, 276, 277,
       278, 279, 310, 311, 312, 313, 314, 315, 316, 317, 318, 319, 320,
       321, 322, 323, 324, 325, 326, 327, 328, 329, 330, 331, 332, 333,
       334, 335, 336, 337, 338, 339, 500, 501, 502, 503, 504]),)"
71,heatexch_spec1.nl,154997.33486602953,0,0.4058780474588275,0.08237099999999986,0,0,0,0,0,0
72,heatexch_spec2.nl,634977.8284008811,0,2.70987272169441,0.6893119999999975,0,0,0,0,0,0
73,heatexch_spec3.nl,-inf,FAILED,"Error in Function::call for 'minlp' [BonminInterface] at .../casadi/core/function.cpp:1432:
Error in Function::call for 'minlp' [BonminInterface] at .../casadi/core/function.cpp:361:
.../casadi/interfaces/bonmin/bonmin_interface.cpp:477: Uncaught error in Bonmin"
74,hybriddynamic_var.nl,1.536415162246069,0,0.10512417647987604,0.028018000000000022,0,0,0,0,0,0
75,johnall.nl,-224.73016162120538,0,0.10958206839859486,0.09785414800000002,0,0,0,0,0,0
76,kport20.nl,-inf,FAILED,"Objective value wrong, with error 1e+50
Lbx > x* for indices:
[[ 0  0]
 [ 1  0]
 [ 2  0]
 [ 3  0]
 [ 4  0]
 [ 5  0]
 [ 6  0]
 [ 7  0]
 [ 8  0]
 [ 9  0]
 [10  0]
 [11  0]
 [12  0]
 [13  0]
 [14  0]
 [15  0]
 [16  0]
 [17  0]
 [18  0]
 [19  0]
 [20  0]
 [21  0]
 [22  0]
 [23  0]
 [24  0]
 [25  0]
 [26  0]
 [27  0]
 [28  0]
 [29  0]
 [30  0]
 [31  0]
 [32  0]
 [33  0]
 [34  0]
 [35  0]
 [36  0]
 [37  0]
 [38  0]
 [39  0]]
Ubg < g(x*,p) - tol:
[0.99999999 0.99999999 0.99999999 0.99999999 0.99999999 0.99999999
 0.99999999 0.99999999 0.99999999 0.99999999 0.99999999 0.99999999
 0.99999999 0.99999999 0.99999999 0.99999999 0.99999999 0.99999999
 0.99999999]
for indices:
(array([ 1,  2,  3,  4,  5,  6,  7,  8,  9, 10, 11, 12, 13, 14, 15, 16, 17,
       18, 19]),)"
77,kport40.nl,-inf,FAILED,"Objective value wrong, with error 1e+50
Lbx > x* for indices:
[[  0   0]
 [  1   0]
 [  2   0]
 [  3   0]
 [  4   0]
 [  5   0]
 [  6   0]
 [  7   0]
 [  8   0]
 [  9   0]
 [ 10   0]
 [ 11   0]
 [ 12   0]
 [ 13   0]
 [ 14   0]
 [ 15   0]
 [ 16   0]
 [ 17   0]
 [ 18   0]
 [ 19   0]
 [ 20   0]
 [ 21   0]
 [ 22   0]
 [ 23   0]
 [ 24   0]
 [ 25   0]
 [ 26   0]
 [ 27   0]
 [ 28   0]
 [ 29   0]
 [ 30   0]
 [ 31   0]
 [ 32   0]
 [ 33   0]
 [ 34   0]
 [ 35   0]
 [ 36   0]
 [ 37   0]
 [ 38   0]
 [ 39   0]
 [ 40   0]
 [ 41   0]
 [ 42   0]
 [ 43   0]
 [ 44   0]
 [ 45   0]
 [ 46   0]
 [ 47   0]
 [ 48   0]
 [ 49   0]
 [ 50   0]
 [ 51   0]
 [ 52   0]
 [ 53   0]
 [ 54   0]
 [ 55   0]
 [ 56   0]
 [ 57   0]
 [ 58   0]
 [ 59   0]
 [ 60   0]
 [ 61   0]
 [ 62   0]
 [ 63   0]
 [ 64   0]
 [ 65   0]
 [ 66   0]
 [ 67   0]
 [ 68   0]
 [ 69   0]
 [ 70   0]
 [ 71   0]
 [ 72   0]
 [ 73   0]
 [ 74   0]
 [ 75   0]
 [ 76   0]
 [ 77   0]
 [ 78   0]
 [ 79   0]
 [ 80   0]
 [ 81   0]
 [ 82   0]
 [ 83   0]
 [ 84   0]
 [ 85   0]
 [ 86   0]
 [ 87   0]
 [ 88   0]
 [ 89   0]
 [ 90   0]
 [ 91   0]
 [ 92   0]
 [ 93   0]
 [ 94   0]
 [ 95   0]
 [ 96   0]
 [ 97   0]
 [ 98   0]
 [ 99   0]
 [100   0]
 [101   0]
 [102   0]
 [103   0]
 [104   0]
 [105   0]
 [106   0]
 [107   0]
 [108   0]
 [109   0]
 [110   0]
 [111   0]
 [112   0]
 [113   0]]
Ubg < g(x*,p) - tol:
[0.99999999 0.99999999 0.99999999 0.99999999 0.99999999 0.99999999
 0.99999999 0.99999999 0.99999999 0.99999999 0.99999999 0.99999999
 0.99999999 0.99999999 0.99999999 0.99999999 0.99999999 0.99999999
 0.99999999 0.99999999 0.99999999 0.99999999 0.99999999 0.99999999
 0.99999999 0.99999999 0.99999999 0.99999999 0.99999999 0.99999999
 0.99999999 0.99999999 0.99999999 0.99999999 0.99999999 0.99999999
 0.99999999]
for indices:
(array([ 1,  2,  3,  4,  5,  6,  7,  8,  9, 10, 11, 12, 13, 14, 15, 16, 17,
       18, 19, 20, 21, 22, 23, 24, 25, 26, 27, 28, 29, 30, 31, 32, 33, 34,
       35, 36, 37]),)"
78,nvs01.nl,12.46966882156821,0,0.019286587834358215,0.0015209999999999987,0,0,0,0,0,0
79,nvs05.nl,-inf,FAILED,"Error in Function::call for 'minlp' [BonminInterface] at .../casadi/core/function.cpp:1432:
Error in Function::call for 'minlp' [BonminInterface] at .../casadi/core/function.cpp:361:
.../casadi/interfaces/bonmin/bonmin_interface.cpp:477: Uncaught error in Bonmin"
80,nvs08.nl,23.449727347609045,0,0.019379916600883007,0.0014309999999999987,0,0,0,0,0,0
81,nvs20.nl,230.9221652082297,0,0.05763639975339174,0.009721000000000004,0,0,0,0,0,0
82,nvs21.nl,-5.684782499990135,0,0.08266076166182756,0.007042000000000046,0,0,0,0,0,0
83,nvs22.nl,6.05822,0,0.07428165338933468,0.009199000000000034,0,0,0,0,0,0
84,oaer.nl,-1.9230985027978127,0,0.016921978443861008,0.001596999999999998,0,0,0,0,0,0
85,ortez.nl,-9532.039053348311,0,4.220066155306995,1.3984490000002565,0,0,0,0,0,0
86,parallel.nl,924.2955507311696,0,0.817912369966507,0.22322000000000114,0,0,0,0,0,0
87,pooling_epa1.nl,-inf,FAILED,"Error in Function::call for 'minlp' [BonminInterface] at .../casadi/core/function.cpp:1432:
Error in Function::call for 'minlp' [BonminInterface] at .../casadi/core/function.cpp:361:
.../casadi/interfaces/bonmin/bonmin_interface.cpp:477: Uncaught error in Bonmin"
88,pooling_epa2.nl,-inf,FAILED,"Error in Function::call for 'minlp' [BonminInterface] at .../casadi/core/function.cpp:1432:
Error in Function::call for 'minlp' [BonminInterface] at .../casadi/core/function.cpp:361:
.../casadi/interfaces/bonmin/bonmin_interface.cpp:477: Uncaught error in Bonmin"
89,prob10.nl,3.4455037943363673,0,0.013188552111387253,0.0008819999999999985,0,0,0,0,0,0
90,procsel.nl,-1.9230987377480924,0,0.02719822060316801,0.002791000000000001,0,0,0,0,0,0
91,sfacloc1_2_90.nl,17.961425380075678,0,0.07697236072272062,0.029796078999999993,0,0,0,0,0,0
92,sfacloc1_2_95.nl,18.850082699628203,0,0.059426634572446346,0.023262978999999996,0,0,0,0,0,0
93,sfacloc1_3_90.nl,11.900062474071976,0,0.08292404748499393,0.033788522,0,0,0,0,0,0
94,sfacloc1_3_95.nl,21.51041329814377,0,0.2551516145467758,0.09530429600000007,0,0,0,0,0,0
95,sfacloc1_4_90.nl,10.572584639792073,0,0.4327896609902382,0.16092933499999995,0,0,0,0,0,0
96,sfacloc1_4_95.nl,11.250323494391754,0,0.41402850672602654,0.15898606200000004,0,0,0,0,0,0
97,sfacloc2_2_90.nl,18.681416444056794,0,10.403387784026563,4.346796394999998,0,0,0,0,0,0
98,sfacloc2_2_95.nl,19.57755165452945,0,4.126993606798351,1.7458244879999987,0,0,0,0,0,0
99,sfacloc2_3_90.nl,-inf,FAILED,"Error in Function::call for 'minlp' [BonminInterface] at .../casadi/core/function.cpp:1432:
Error in Function::call for 'minlp' [BonminInterface] at .../casadi/core/function.cpp:361:
.../casadi/interfaces/bonmin/bonmin_interface.cpp:477: Uncaught error in Bonmin"
100,sfacloc2_3_95.nl,16.15112012431074,0,30.588460673578084,13.102195917999907,0,0,0,0,0,0
101,sfacloc2_4_90.nl,-inf,FAILED,"Error in Function::call for 'minlp' [BonminInterface] at .../casadi/core/function.cpp:1432:
Error in Function::call for 'minlp' [BonminInterface] at .../casadi/core/function.cpp:361:
.../casadi/interfaces/bonmin/bonmin_interface.cpp:477: Uncaught error in Bonmin"
102,sfacloc2_4_95.nl,-inf,FAILED,"Error in Function::call for 'minlp' [BonminInterface] at .../casadi/core/function.cpp:1432:
Error in Function::call for 'minlp' [BonminInterface] at .../casadi/core/function.cpp:361:
.../casadi/interfaces/bonmin/bonmin_interface.cpp:477: Uncaught error in Bonmin"
103,spring.nl,0.8462456820006636,0,0.15721363574266434,0.02752199999999997,0,0,0,0,0,0
104,st_e15.nl,7.66718006882261,0,0.003668348304927349,0.000162,0,0,0,0,0,0
105,st_e29.nl,-0.9434704999897898,0,0.03223192598670721,0.003597999999999997,0,0,0,0,0,0
106,st_e32.nl,-1.430407283332523,0,0.22640164848417044,0.06740899999999983,0,0,0,0,0,0
107,st_e35.nl,-inf,FAILED,"Error in Function::call for 'minlp' [BonminInterface] at .../casadi/core/function.cpp:1432:
Error in Function::call for 'minlp' [BonminInterface] at .../casadi/core/function.cpp:361:
.../casadi/interfaces/bonmin/bonmin_interface.cpp:477: Uncaught error in Bonmin"
108,st_e36.nl,-246.0,0,0.007572083733975887,0.0004889999999999997,0,0,0,0,0,0
109,st_e38.nl,7197.7271485243045,0,0.005440323613584042,0.00037700000000000006,0,0,0,0,0,0
110,st_e40.nl,-inf,FAILED,"Objective value wrong, with error 1.7976931348623157e+308
Lbx > x* for indices:
[[0 0]
 [1 0]
 [2 0]]
Lbg > g(x*,p) + tol:
[28799.99999999 28799.99999999 28799.99999999]
for indices:
(array([1, 2, 3]),)"
111,supplychainp1_020306.nl,-inf,FAILED,"Objective value wrong, with error 1.1595042198896408e-08"
112,supplychainr1_020306.nl,-inf,FAILED,"Error in Function::call for 'minlp' [BonminInterface] at .../casadi/core/function.cpp:1432:
Error in Function::call for 'minlp' [BonminInterface] at .../casadi/core/function.cpp:361:
.../casadi/interfaces/bonmin/bonmin_interface.cpp:477: Uncaught error in Bonmin"
113,supplychainr1_030510.nl,-inf,FAILED,"Error in Function::call for 'minlp' [BonminInterface] at .../casadi/core/function.cpp:1432:
Error in Function::call for 'minlp' [BonminInterface] at .../casadi/core/function.cpp:361:
.../casadi/interfaces/bonmin/bonmin_interface.cpp:477: Uncaught error in Bonmin"
114,synheat.nl,154997.33486602973,0,0.4106359640136361,0.08402100000000014,0,0,0,0,0,0
115,tanksize.nl,1.2686437535708663,0,0.41498437244445086,0.1343459999999999,0,0,0,0,0,0
116,transswitch0009p.nl,5296.6862039920325,0,0.09289150405675173,0.02699999999999999,0,0,0,0,0,0
117,transswitch0009r.nl,-inf,FAILED,"Objective value wrong, with error 1.7976931348623157e+308
Lbg > g(x*,p) + tol:
[0.80999999 0.80999999 0.80999999 0.80999999 0.80999999 0.80999999
 0.80999999 0.80999999 0.80999999 0.09999999 0.09999999 0.09999999]
for indices:
(array([63, 64, 65, 66, 67, 68, 69, 70, 71, 75, 76, 77]),)
Ubg < g(x*,p) - tol:
[0.89999999 0.99999999 1.24999999 0.29999999 0.34999999 0.49999999]
for indices:
(array([ 92,  94,  96,  98, 100, 102]),)"
118,transswitch0014p.nl,8082.581689604233,0,0.06184041406959295,0.024679817,0,0,0,0,0,0
119,transswitch0014r.nl,-inf,FAILED,"Objective value wrong, with error 1.7976931348623157e+308
Lbg > g(x*,p) + tol:
[0.88359999 0.88359999 0.88359999 0.88359999 0.88359999 0.88359999
 0.88359999 0.88359999 0.88359999 0.88359999 0.88359999 0.88359999
 0.88359999 0.88359999 0.03899999]
for indices:
(array([134, 135, 136, 137, 138, 139, 140, 141, 142, 143, 144, 145, 146,
       147, 188]),)
Ubg < g(x*,p) - tol:
[0.21699999 0.94199999 0.11199999 0.12699999 0.18999999 0.07499999
 0.47799999 0.07599999 0.29499999 0.08999999 0.03499999 0.06099999
 0.13499999 0.14899999 0.01599999 0.16599999 0.05799999 0.01799999
 0.01599999 0.05799999 0.04999999]
for indices:
(array([170, 171, 172, 175, 176, 177, 179, 180, 182, 183, 184, 185, 186,
       187, 189, 191, 192, 193, 194, 195, 196]),)"
120,transswitch0030p.nl,573.9373051027679,0,0.20128667075186968,0.09313431899999998,0,0,0,0,0,0
121,transswitch0030r.nl,-inf,FAILED,"Objective value wrong, with error 1.7976931348623157e+308
Lbg > g(x*,p) + tol:
[0.90249999 0.90249999 0.90249999 0.90249999 0.90249999 0.90249999
 0.90249999 0.90249999 0.90249999 0.90249999 0.90249999 0.90249999
 0.90249999 0.90249999 0.90249999 0.90249999 0.90249999 0.90249999
 0.90249999 0.90249999 0.90249999 0.90249999 0.90249999 0.90249999
 0.90249999 0.90249999 0.90249999 0.90249999 0.90249999 0.90249999]
for indices:
(array([276, 277, 278, 279, 280, 281, 282, 283, 284, 285, 286, 287, 288,
       289, 290, 291, 292, 293, 294, 295, 296, 297, 298, 299, 300, 301,
       302, 303, 304, 305]),)
Ubg < g(x*,p) - tol:
[0.21699999 0.03199999 0.12699999 0.01599999 0.02399999 0.07599999
 0.22799999 0.29999999 0.05799999 0.11199999 0.06199999 0.08199999
 0.03499999 0.08999999 0.03199999 0.09499999 0.02199999 0.17499999
 0.08699999 0.03499999 0.02399999 0.10599999 0.01199999 0.01599999
 0.10899999 0.29999999 0.01999999 0.07499999 0.01599999 0.02499999
 0.01799999 0.05799999 0.00899999 0.03399999 0.00699999 0.11199999
 0.06699999 0.02299999 0.00899999 0.01899999]
for indices:
(array([332, 335, 338, 341, 343, 344, 347, 348, 350, 352, 353, 354, 355,
       356, 357, 358, 359, 360, 361, 363, 365, 366, 367, 368, 371, 372,
       374, 376, 377, 378, 379, 380, 381, 382, 383, 384, 385, 387, 389,
       390]),)"
122,transswitch0039p.nl,41866.123188680256,0,0.1137470193207264,0.05388487199999998,0,0,0,0,0,0
123,transswitch0039r.nl,-inf,FAILED,"Objective value wrong, with error 1.7976931348623157e+308
Lbg > g(x*,p) + tol:
[0.88359999 0.88359999 0.88359999 0.88359999 0.88359999 0.88359999
 0.88359999 0.88359999 0.88359999 0.88359999 0.88359999 0.88359999
 0.88359999 0.88359999 0.88359999 0.88359999 0.88359999 0.88359999
 0.88359999 0.88359999 0.88359999 0.88359999 0.88359999 0.88359999
 0.88359999 0.88359999 0.88359999 0.88359999 0.88359999 0.88359999
 0.88359999 0.88359999 0.88359999 0.88359999 0.88359999 0.88359999
 0.88359999 0.88359999 0.88359999 1.39999999 1.49999999 0.66599999
 0.92199999]
for indices:
(array([315, 316, 317, 318, 319, 320, 321, 322, 323, 324, 325, 326, 327,
       328, 329, 330, 331, 332, 333, 334, 335, 336, 337, 338, 339, 340,
       341, 342, 343, 344, 345, 346, 347, 348, 349, 350, 351, 352, 353,
       384, 386, 452, 467]),)
Ubg < g(x*,p) - tol:
[ 0.09199999 11.03999999  0.04599999  2.49999999  0.97599999  3.21999999
  4.99999999  2.33799999  5.21999999  0.06499999  0.08529999  3.19999999
  3.28999999  1.57999999  6.79999999  2.73999999  2.47499999  3.08599999
  2.23999999  1.38999999  2.80999999  2.05999999  2.83499999  0.44199999
  0.02399999  1.83999999  0.83999999  1.76599999  0.87999999  1.52999999
  0.32299999  0.29999999  1.02999999  1.14999999  0.84599999  0.47199999
  0.16999999  0.75499999  0.27599999  0.26899999]
for indices:
(array([396, 404, 406, 414, 415, 417, 418, 421, 422, 423, 426, 429, 430,
       432, 434, 435, 437, 438, 439, 440, 441, 442, 443, 444, 446, 447,
       450, 451, 455, 458, 459, 461, 463, 464, 466, 468, 469, 470, 471,
       472]),)"
124,tspn05.nl,191.25520780824104,0,0.00854489766061306,0.0014890000000000003,0,0,0,0,0,0
125,tspn08.nl,290.56685392210255,0,0.012857761234045029,0.003942,0,0,0,0,0,0
126,tspn10.nl,225.12607161159795,0,0.022094881162047386,0.009504521000000002,0,0,0,0,0,0
127,tspn12.nl,265.8578943279865,0,0.03472275286912918,0.017233290000000005,0,0,0,0,0,0
128,tspn15.nl,331.08931355007616,0,0.2347081247717142,0.11356042700000006,0,0,0,0,0,0
129,wager.nl,-inf,FAILED,"Objective value wrong, with error 1.7976931348623157e+308
Lbx > x* for indices:
[[ 70   0]
 [ 71   0]
 [ 72   0]
 [ 73   0]
 [ 74   0]
 [ 75   0]
 [132   0]
 [133   0]]
Lbg > g(x*,p) + tol:
[9.9999999e-01 9.9999999e-01 9.9999999e-01 9.9999999e-01 9.9999999e-01
 9.9999999e-01 9.9999999e-01 9.9999999e-01 9.9999999e-01 9.9999999e-01
 9.9999999e-01 1.1000000e+03 2.2000000e+03 1.5000000e+02 1.0000000e+02
 2.2410000e+03 2.2410000e+03 2.1330000e+03 7.3500000e+03 9.9999999e-01]
for indices:
(array([ 43,  44,  45,  46,  47,  48,  49,  50,  51,  52,  53,  56,  60,
        64,  68, 116, 117, 118, 119, 141]),)"
130,wastepaper3.nl,0.028594730434764355,0,1.2615026980638504,0.2593339999999941,0,0,0,0,0,0
131,wastepaper4.nl,0.006730362928984062,0,3.772636890411377,1.0102010000001664,0,0,0,0,0,0
132,wastepaper5.nl,0.002902956432325296,0,6.264394149184227,1.6517320000001283,0,0,0,0,0,0
133,wastepaper6.nl,-inf,FAILED,"Error in Function::call for 'minlp' [BonminInterface] at .../casadi/core/function.cpp:1432:
Error in Function::call for 'minlp' [BonminInterface] at .../casadi/core/function.cpp:361:
.../casadi/interfaces/bonmin/bonmin_interface.cpp:477: Uncaught error in Bonmin"
134,water4.nl,-inf,FAILED,"Error in Function::call for 'minlp' [BonminInterface] at .../casadi/core/function.cpp:1432:
Error in Function::call for 'minlp' [BonminInterface] at .../casadi/core/function.cpp:361:
.../casadi/interfaces/bonmin/bonmin_interface.cpp:477: Uncaught error in Bonmin"
135,waternd1.nl,606763.1675291483,0,0.052667527459561825,0.00903,0,0,0,0,0,0
136,waternd2.nl,1063571.1489946665,0,1.614333108998835,0.23909208599999993,0,0,0,0,0,0
137,waterno2_01.nl,19.45668046214643,0,1.2925921082496643,0.4332899999999998,0,0,0,0,0,0
138,waterno2_02.nl,-inf,FAILED,"Error in Function::call for 'minlp' [BonminInterface] at .../casadi/core/function.cpp:1432:
Error in Function::call for 'minlp' [BonminInterface] at .../casadi/core/function.cpp:361:
.../casadi/interfaces/bonmin/bonmin_interface.cpp:477: Uncaught error in Bonmin"
139,waterno2_03.nl,-inf,FAILED,"Error in Function::call for 'minlp' [BonminInterface] at .../casadi/core/function.cpp:1432:
Error in Function::call for 'minlp' [BonminInterface] at .../casadi/core/function.cpp:361:
.../casadi/interfaces/bonmin/bonmin_interface.cpp:477: Uncaught error in Bonmin"
140,watertreatnd_conc.nl,-inf,FAILED,"Objective value wrong, with error 1.7976931348623157e+308
Ubg < g(x*,p) - tol:
[ 9.99999999 14.99999999  4.99999999 19.99999999  9.99999999  0.99999999
  0.99999999  0.99999999  0.99999999  0.99999999  0.99999999  0.99999999
  0.99999999  0.99999999  0.99999999  0.99999999  0.99999999  0.99999999
  0.99999999  0.99999999  0.99999999  0.99999999  0.99999999  0.99999999
  0.99999999  0.99999999  0.99999999  0.99999999  0.99999999  1.33332999
  1.33332999  1.33332999  1.33332999  1.33332999  1.33332999  0.66665999
  0.66665999  0.66665999  0.66665999  0.66665999  0.66665999  1.99999999
  1.99999999  1.99999999  1.99999999  1.99999999  1.99999999  1.99999999
  1.99999999  1.99999999  1.99999999  1.99999999  1.99999999  3.99999999
  3.99999999  3.99999999  3.99999999  3.99999999  3.99999999  1.49999999
  1.49999999  1.49999999  1.49999999  1.49999999  1.49999999  0.49999999
  0.49999999  0.49999999  0.49999999  0.49999999  0.49999999  0.49999999
  0.49999999  0.49999999  0.49999999  0.49999999  0.49999999  1.99999999
  1.99999999  1.99999999  1.99999999  1.99999999  1.99999999  1.99999999
  1.99999999  1.99999999  1.99999999  1.99999999  1.99999999]
for indices:
(array([ 29,  30,  31,  32,  33,  34,  35,  36,  37,  38,  39,  40,  41,
        42,  43,  44,  45,  46,  47,  48,  49,  50,  51,  52,  53,  54,
        55,  56,  57,  58,  59,  60,  61,  62,  63,  76,  77,  78,  79,
        80,  81,  82,  83,  84,  85,  86,  87,  88,  89,  90,  91,  92,
        93, 100, 101, 102, 103, 104, 105, 106, 107, 108, 109, 110, 111,
       112, 113, 114, 115, 116, 117, 118, 119, 120, 121, 122, 123, 130,
       131, 132, 133, 134, 135, 136, 137, 138, 139, 140, 141]),)"
141,watertreatnd_flow.nl,-inf,FAILED,"Objective value wrong, with error 1.7976931348623157e+308
Lbg > g(x*,p) + tol:
[0.99999999 0.99999999 0.99999999 0.99999999 0.99999999 0.99999999
 0.99999999 0.99999999 0.99999999 0.99999999]
for indices:
(array([305, 306, 307, 308, 309, 310, 311, 312, 313, 314]),)"
142,waterx.nl,960.8412112321214,0,0.12989524006843567,0.025722999999999996,0,0,0,0,0,0
143,waterz.nl,-inf,FAILED,"Objective value wrong, with error 1e+50
Lbx > x* for indices:
[[42  0]
 [43  0]
 [46  0]
 [47  0]
 [48  0]
 [49  0]
 [50  0]
 [51  0]]
Lbg > g(x*,p) + tol:
[1.21199999 0.45199999 0.24499999 0.65199999 0.25199999 0.45599999
 0.99999999 0.99999999 0.99999999 0.99999999 0.99999999 0.99999999
 0.99999999 0.99999999 0.99999999 0.99999999 0.99999999 0.99999999
 0.99999999 0.99999999]
for indices:
(array([ 17,  18,  19,  20,  21,  22, 123, 124, 125, 126, 127, 128, 129,
       130, 131, 132, 133, 134, 135, 136]),)"
144,windfac.nl,0.2544872983357829,0,0.025677522644400597,0.00324,0,0,0,0,0,0
