name,primalbound,cvx_bonmin.obj,cvx_bonmin.load_time,cvx_bonmin.calc_time,cvx_bonmin.solver_time,cvx_bonmin.python_time,cvx_bonmin.iter_nr,cvx_sbmiqp.obj,cvx_sbmiqp.dual_obj,cvx_sbmiqp.load_time,cvx_sbmiqp.calc_time,cvx_sbmiqp.solver_time,cvx_sbmiqp.python_time,cvx_sbmiqp.iter_nr,cvx_sbmiqp.NLP_runs,cvx_sbmiqp.FNLP_runs,cvx_sbmiqp.MIQP_runs,cvx_sbmiqp.MILP_runs,cvx_sbmiqp_ee.obj,cvx_sbmiqp_ee.dual_obj,cvx_sbmiqp_ee.load_time,cvx_sbmiqp_ee.calc_time,cvx_sbmiqp_ee.solver_time,cvx_sbmiqp_ee.python_time,cvx_sbmiqp_ee.iter_nr,cvx_sbmiqp_ee.NLP_runs,cvx_sbmiqp_ee.FNLP_runs,cvx_sbmiqp_ee.MIQP_runs,cvx_sbmiqp_ee.MILP_runs,cvx_shot.obj,cvx_shot.dual_obj,cvx_shot.calc_time,cvx_shot.NLP_runs,cvx_shot.MIP_runs,cvx_shot.relaxed_MIP_runs,cvx_gurobi.obj,cvx_gurobi.dual_obj,cvx_gurobi.calc_time,cvx_scip.obj,cvx_scip.dual_obj,cvx_scip.calc_time
batch,285506.5082,285506.5082441529,0,0.28131867572665215,0.24392900000000167,0,0,285506.50498104404,285506.50498104404,1.0170042514801025e-06,0.09245823789387941,0.06683074124157429,0.025627496652305126,2,5,0,2,1,285506.50498104404,286459.2951516155,7.213093340396881e-07,0.07190400687977672,0.053341963328421116,0.0185620435513556,2,5,0,2,0,285506.91057224385,285506.46608572738,0.110934329,3,0000,390,285506.50824409,285439.2334564008,0.06827,285506.5082439559,282735.915155506,0.388102
batch0812,2687026.784,2687026.7842479367,0,1.3968832744285464,0.5581770000000116,0,0,2944490.714678177,2944490.714678177,0.1725916499271989,0.2987196738831699,0.19414555467665195,0.10457411920651793,3,5,1,3,2,2998471.3570976234,2998471.3570976234,0.17278712801635265,0.14334243535995483,0.12136866617947817,0.021973769180476665,2,3,1,2,0,2705842.8525372744,2687024.720533364,0.31709796199999996,8,0010,280,2702301.4715899015,2678869.934685793,0.04828,2687026.7844078485,2660956.101105834,0.234793
batchdes,167427.6571,167427.65711474538,0,0.07231346424669027,0.06137699999999996,0,0,167427.65337972456,167427.65337972456,0.026170119177550077,0.02741022501140833,0.014444100670516491,0.012966124340891838,2,3,0,2,1,167427.65337972456,167427.65337972456,0.02473583398386836,0.029715979937464,0.01673046685755253,0.01298551307991147,2,3,0,2,0,167427.73779460439,167424.82743779561,0.047965545,2,0000,90,167427.6571147706,167358.1632579224,0.012643999999999999,167427.6563284942,167427.6567828456,0.023957
clay0203hfsg,41573.26252,41573.26252221283,0,5.881175769492984,1.509586999999963,0,0,41573.26250375058,41176.74005652359,0.09631488472223282,1.4490870642475784,0.9645442059263587,0.4845428583212197,6,19,13,3,3,41573.26250375058,41573.25925979836,0.10024331929162145,0.6425005230121315,0.4909969540312886,0.15150356898084283,3,9,7,3,0,41573.072310041483,41573.072310041483,0.274896144,3,0010,30,41573.262522401696,41459.57183353081,0.7100660000000001,41573.262522035075,41573.26252203507,1.054407
clay0204hfsg,6545.0,6545.000000000707,0,20.93626103643328,6.393969999998204,0,0,6544.999962872584,6544.964975001819,0.2595738656818867,8.549020403064787,8.133779529016465,0.41524087404832244,3,11,5,3,1,6604.99996345,6544.982710190967,0.25821475964039564,6.48602718161419,6.360914560500532,0.12511262111365795,2,6,4,2,0,6544.9998820007277,6544.9998820007277,1.003186833,4,0010,30,6545,6545,0.916478,6545,6545,3.668378
clay0205hfsg,8092.5,8092.500000000955,0,302.9323520520702,98.05686099988861,0,0,8092.499956870352,8084.9917075000085,0.6288005788810551,124.80930791189894,123.22799078980461,1.5813171220943332,5,15,4,4,1,8600.9349061685,8600.9349061685,0.6241293353959918,38.380383760202676,37.370949558448046,1.0094342017546296,4,8,4,4,0,8092.499859901237,8092.499859901237,3.778141318,3,0010,30,8092.499998921639,8011.80237137899,12.887191,8092.5,8012.500000000001,21.546509
clay0303hfsg,26669.10957,26669.109572486403,0,7.253073371946812,1.9490380000001508,0,0,26669.109551317826,26669.10549174709,0.12455204082652926,4.2735541220754385,2.6577284643426538,1.6158256577327847,9,35,26,7,3,47287.561323850285,47287.55903894323,0.131615636870265,2.2568279649131,1.574419226963073,0.682408737950027,6,24,22,6,0,26669.092175553928,26669.092175553928,0.979395187,5,0010,120,26669.109572740843,26458.10032464017,0.6625510000000001,26669.109572280402,26669.1095722804,2.6230990000000003
clay0304hfsg,40262.38753,40262.38753060858,0,97.51774627715349,28.290127999980584,0,0,40262.38749701294,40262.367038031516,0.31459630699828267,15.691325108055025,9.205426948610693,6.485898159444332,11,43,30,9,5,64167.74654635093,64167.74132262877,0.31653775507584214,6.429881114978343,4.994153860025108,1.4357272549532354,6,23,21,6,0,40262.387440997947,40262.387440997947,4.831015237,10,0010,80,40262.3875307319,39879.81304499139,8.678494,40262.38753020098,40262.38753020098,8.365646
clay0305hfsg,8092.5,8320.0000000009,0,302.7536187181249,101.98047099996293,0,0,8092.4999566980505,8092.435439999993,0.7405579471960664,157.92395825590938,156.4482514746487,1.4757067812606692,4,14,6,3,3,8218.940348425174,8218.940348425174,0.7239885572344065,80.07783375121653,79.92244570469484,0.15538804652169347,2,6,1,2,0,8092.4998599011451,8092.4998599011451,6.820155356,8,0010,140,8092.5,8012.688940202791,12.86982,8092.499966935132,8092.499966935132,27.649364
cvxnonsep_normcon20,-21.74914736,-21.749147363703806,0,0.032731592655181885,0.038281,0,0,-21.7491473846331,-21.82222547389317,0.02202482195571065,0.021173305809497833,0.009257749188691378,0.011915556620806456,2,2,0,2,1,-21.7491473846331,-21.206724671589807,0.01978222606703639,0.01691134413704276,0.007660296279937029,0.009251047857105732,2,2,0,2,0,-21.719247990639417,-21.750459154164165,0.021526086,0,0000,00,-21.731620894918212,-21.76306471678597,0.013292,-21.749147364359114,-21.74924416566666,0.038187
cvxnonsep_normcon30,-34.24396574,-34.24396574092516,0,0.05248631536960602,0.09704499999999999,0,0,-34.2275120670215,-34.428749859066556,0.01800536597147584,0.02387175615876913,0.010469705797731876,0.013402050361037254,2,2,0,2,1,-34.2275120670215,-32.94921254089779,0.01735023595392704,0.01926147611811757,0.008607789408415556,0.010653686709702015,2,2,0,2,0,-34.243965742743029,-34.243968726399672,0.028475537,1,0000,00,-34.23926411367677,-34.24642479015976,0.014382,-34.23043478999999,-34.26189063375,0.017483000000000002
cvxnonsep_normcon40,-32.62966972,-32.629669716769314,0,0.07080560084432364,0.16576300000000005,0,0,-32.6296697474825,-32.88554272835089,0.02544644894078374,0.029068404342979193,0.012921835295855999,0.016146569047123194,2,2,0,2,1,-32.6296697474825,-31.163218758702257,0.024612634908407927,0.023878605104982853,0.010746900457888842,0.013131704647094011,2,2,0,2,0,-32.629669718429504,-32.629672354984017,0.033069458,1,0000,00,-32.62966848824743,-32.63323863687672,0.015177,-32.629655769396265,-32.62966975433859,0.04937599999999996
cvxnonsep_nsig20,80.94929546,80.94929545987223,0,0.04136878065764904,0.04750599999999999,0,0,80.9492946574176,80.81583433225808,0.014421411789953709,0.020912656094878912,0.008981837425380945,0.011930818669497967,2,2,0,2,1,80.9492946574176,81.0242087541372,0.01371229998767376,0.016649141907691956,0.007349610794335604,0.009299531113356352,2,2,0,2,0,80.999857231192038,80.340555408788731,0.085984744,4,0010,30,81.5817021116515,80.76929550587813,0.036597000000000005,80.9651940805831,80.17169218132975,38.982749999999996
cvxnonsep_nsig20r,80.94929546,80.9492954596234,0,0.04646598547697067,0.04117,0,0,81.49159484565594,80.81581789826072,0.01737482100725174,0.1349796592257917,0.04639320494607091,0.08858645427972078,5,11,1,5,0,92.54757175177032,97.27747523667496,0.016590955201536417,0.024253313895314932,0.011389863211661577,0.012863450683653355,2,2,0,2,0,80.989026230704965,80.711851496786849,0.174943293,4,0010,30,81.27573104790591,80.68998022595089,0.028103,81.0814978336423,80.94899210294963,0.061873
cvxnonsep_nsig30,130.6287126,130.62871264096864,0,0.05923274718225002,0.10607000000000001,0,0,130.65033700034454,130.47997176012416,0.01857025409117341,0.025565763004124165,0.011922060512006283,0.013643702492117882,2,2,0,2,1,130.65033700034454,135.61666973861585,0.01764042302966118,0.020764224231243134,0.010041006840765476,0.010723217390477657,2,2,0,2,0,130.960522840875,130.30354926105841,0.063447467,2,0000,30,130.73847192950646,129.4357201495071,0.037924,131.3243854397202,110.1217857903046,301.154833
cvxnonsep_nsig30r,156.4266874,156.42667285391616,0,0.07904196437448263,0.08656400000000017,0,0,157.24837347429536,156.2343211644331,0.02478347299620509,0.16539926920086145,0.06307643977925181,0.10232282942160964,5,7,1,5,0,160.91797524260534,166.4432702819827,0.023457686882466078,0.08302145404741168,0.0484887957572937,0.03453265829011798,3,5,1,3,0,156.89468005713294,155.99462477591624,0.129920212,3,0000,30,156.78668563904648,155.3959024049933,0.04248,157.01569379227624,156.4216247519655,0.082015
cvxnonsep_nsig40,133.9613305,133.96133047158767,0,0.07919127494096756,0.19080800000000006,0,0,133.96132894832803,133.74494901551313,0.02614636579528451,0.029450569301843643,0.013291386421769857,0.016159182880073786,2,2,0,2,1,133.96132894832803,137.25391603076676,0.02497047185897827,0.024559760000556707,0.01152590336278081,0.013033856637775898,2,2,0,2,0,134.32617080834663,134.32617080834663,0.073859026,2,0010,50,134.44675364149853,133.1074405799876,0.053203,137.6722249201577,107.4435506803869,301.61655
cvxnonsep_nsig40r,133.9613305,133.9613304719259,0,0.08142508938908577,0.09649899999999993,0,0,134.61160703345774,133.74488859965595,0.03395099379122257,0.2591075310483575,0.08976003294810653,0.16934749810025096,4,10,1,4,0,134.61160703345774,135.62339756214482,0.03291395492851734,0.2569951699115336,0.08876800118014216,0.16822716873139143,4,10,1,4,0,134.42248012388035,133.49480175494057,0.123382733,2,0000,50,134.48133896286527,133.164401089979,0.046742,135.27978182853946,133.9610287691967,0.06272000000000003
cvxnonsep_pcon20,-21.5123012,-21.500522852152997,0,0.038420652970671654,0.048122,0,0,-21.469437905707228,-21.629610239291956,0.015619682613760233,0.024982809089124203,0.011549219023436308,0.013433590065687895,2,2,0,2,1,-21.469437905707228,-20.021821435743995,0.014536789152771235,0.018562254030257463,0.009445795789361,0.009116458240896463,2,2,0,2,0,-21.50052287035874,-21.710512997110659,0.040714526,1,0000,120,-21.512301213072213,-21.72727260854014,115.762629,-21.492947436554825,-21.49294743655483,0.042355
cvxnonsep_pcon20r,-21.5123012,-21.50052285200933,0,0.03578981477767229,0.041863,0,0,-21.46943786371748,-21.62961019921222,0.025932372082024813,0.022413066122680902,0.008701999206095934,0.013711066916584969,2,2,0,2,0,-21.46943786371748,-21.4348205714153,0.02158440137282014,0.021211702842265368,0.008333491161465645,0.012878211680799723,2,2,0,2,0,-21.433368728362172,-21.520699950873642,0.073014204,2,0000,140,-21.430580425748875,-21.63845628268142,0.028019,-21.29713726111562,-21.49482207893577,0.015681999999999998
enpro48pb,187277.2594,187277.25942219957,0,5.1830393970012665,2.541075000000003,0,0,187277.25576018236,187276.88840525987,0.2362434039823711,0.9828008557669818,0.5433395779691637,0.4394612777978182,4,12,0,4,3,201345.66285889235,204866.10480184783,0.2389053050428629,0.2283259490504861,0.11186355305835605,0.11646239599213004,2,3,0,2,0,187277.25616536423,186376.46609932542,0.164159481,2,0010,120,187277.2594222011,185668.9682365131,0.24979099999999999,187277.25719341173,187092.1518504411,2.038722
enpro56pb,263428.301,263428.30097276496,0,7.723541612736881,3.4058730000000703,0,0,263590.2148778148,263425.2509747011,0.17840318009257317,0.8763464707881212,0.5377976270392537,0.3385488437488675,4,8,1,4,2,385640.8710663457,423421.35707597993,0.18282243283465505,0.2976377522572875,0.17011296562850475,0.12752478662878275,3,3,1,3,0,263428.2956682251,263427.91588394274,0.398923545,7,0010,150,263428.3009726979,260839.8465143262,0.33037099999999997,263428.2990215177,263428.2990215819,3.273621
ex1223,4.579582402,4.579582402486655,0,0.05165221355855465,0.041718000000000005,0,0,4.579582373600571,4.579572227171747,0.018534664064645767,0.08050225907936692,0.029313599690794945,0.05118865938857198,5,11,0,3,3,5.579582371286729,5.564873814428035,0.019283033907413483,0.016455876175314188,0.0070412554778158665,0.009414620697498322,2,2,0,2,0,4.5795824024367082,4.5795824024367082,0.014877412,0,0000,20,4.579582402436707,4.53417292810631,0.011578999999999999,4.579582402433536,4.576289805208791,0.025511000000000002
ex1223b,4.579582402,4.5795824024866585,0,0.04498013202100992,0.030333999999999972,0,0,4.57958237379399,4.57958237379399,0.010095966048538685,0.09368898626416922,0.030990002676844597,0.06269898358732462,6,12,0,2,5,4.57958237379399,5.972281819434446,0.010164837818592787,0.018395836930721998,0.007975234184414148,0.01042060274630785,2,3,0,2,0,4.579635269139426,4.5793982997816745,0.01396059,0,0000,20,4.579582402436707,4.53417292810631,0.011551,4.579582402433536,4.579579810008479,0.024678
fac1,160912612.4,160912612.35017818,0,0.02561672404408455,0.024391000000000003,0,0,160912612.2935292,160912612.2935292,0.013558635022491217,1.3439091043546796,1.331333966460079,0.01257513789460063,2,3,1,2,1,160912612.2935292,160912612.2935292,0.013417674228549004,1.2907907688058913,1.2807981530204415,0.009992615785449743,2,3,1,2,0,160912612.350169,160905031.08390373,0.04148756000000001,1,0000,240,160912612.350169,160910848.960797,0.014695,160912612.350169,160912612.350169,0.017181000000000002
fac2,331837498.2,331837498.1767665,0,0.4962905431166291,0.27027100000000637,0,0,331837497.8380618,329739765.28796196,0.029133389703929424,0.044132377952337265,0.029266840312629938,0.014865537639707327,2,2,0,2,1,331837497.8380618,331837497.8380618,0.036442053969949484,0.038869259878993034,0.02700626291334629,0.011862996965646744,2,2,0,2,0,331837498.17677003,331837498.17676985,0.07942441900000001,1,0010,210,331837498.17677003,331290765.1918598,0.017477,FAILED,failure,0.053916
flay02h,37.94733192,37.9473319221309,0,0.07799425441771746,0.08127700000000002,0,0,37.94733186289341,37.94733188293823,0.027043031994253397,0.07442357111722231,0.037489908281713724,0.036933662835508585,3,5,0,2,1,37.94733186289341,37.94733188293823,0.026911312714219093,0.07735613780096173,0.03717459784820676,0.040181539952754974,3,5,0,3,0,37.947317409314628,37.947317409314628,0.06430427600000001,3,0010,60,37.94733190344412,37.83971073281111,0.047164000000000005,37.94733186806055,37.64147895712882,0.506153
flay02m,37.94733192,37.947331922051006,0,0.03858498949557543,0.021791999999999992,0,0,37.947331824571066,37.94732792388921,0.011879694182425737,0.03506576968356967,0.018430077005177736,0.016635692678391933,3,4,0,2,1,37.947331824571066,37.947331824571044,0.012965789996087551,0.03693480510264635,0.018652732949703932,0.01828207215294242,3,4,0,3,0,37.947304294012142,37.947304294012142,0.050234464,3,0010,60,37.947331924020546,37.8964922012244,0.032518,37.94733186805689,37.83671291007249,0.280993
flay03h,48.98979486,48.98979485582156,0,1.2379832984879613,0.322084999999993,0,0,48.98979483505556,48.82645421232829,0.09817035496234894,1.3783191847614944,0.7813416202552617,0.5969775645062327,7,24,0,2,5,48.98979484345625,48.98979487314283,0.10016901604831219,0.4152951999567449,0.26112486189231277,0.15417033806443214,3,9,0,3,0,48.989662935929339,48.989662935929339,0.26374773,8,0020,130,48.98979483809762,48.7053859289673,0.455823,48.98979472387356,48.51339414360476,2.193874
flay03m,48.98979486,48.989794855791104,0,0.3108193213120103,0.09014100000000154,0,0,48.98979474823483,48.82644548785274,0.020778182428330183,0.3595457230694592,0.22282511508092284,0.13672060798853636,7,24,0,2,5,48.98979473356556,48.98979474823483,0.01791621884331107,0.09617057489231229,0.0654336647130549,0.030736910179257393,3,8,0,3,0,48.989777079530882,48.989777079530882,0.232063929,8,0090,130,48.98979485866356,48.52581959218385,0.24889499999999998,48.989794783719915,48.63476791430943,0.6587540000000001
flay04h,54.40588204,54.4058820351743,0,45.07800706382841,14.075948999990715,0,0,54.405882040370976,54.07340864163747,0.33622484281659126,11.30128283938393,8.887282860465348,2.413999978918582,8,30,0,3,6,54.41666667692447,54.41666669964576,0.33175111981108785,3.9252786999568343,3.506297050975263,0.4189816489815712,3,10,0,3,0,54.405861658716383,54.405861658716383,1.33721703,15,0010,50,54.405882035051704,53.93274528404978,2.494452,54.405881889909224,53.87143757547221,12.182438999999999
flay04m,54.40588203,54.4058820351097,0,7.298294892534614,1.3225830000003054,0,0,54.40588191689521,53.958489867370204,0.039588917046785355,2.529485479928553,2.1777783022262156,0.3517071777023375,8,34,0,2,6,54.40588189678637,54.40588191425124,0.029791643377393484,0.8151633450761437,0.7566885272972286,0.05847481777891517,3,11,0,3,0,54.405858510937541,54.405858510937541,0.701405864,19,0020,120,54.405882023837464,53.87849781571474,2.324201,54.40588192705844,53.8749488470497,5.711514
flay05h,64.49806199,64.49806198673096,0,303.8319601668045,102.91121499992845,0,0,64.49806200887178,63.940366756001524,0.8840983593836427,301.41415900783613,291.8305989499204,9.583560057915747,11,45,0,2,9,64.49806203280008,64.49806211483586,0.8699164669960737,56.082102628890425,55.39220209326595,0.6899005356244743,3,10,0,3,0,64.49782653292003,64.49782653292003,93.375559827,88,0010,70,64.49805850948184,63.85617616590805,217.12092199999998,64.4980617528373,44.7767739515591,300.828719
flay05m,64.49806199,64.49806198661507,0,307.0376608222723,67.1560829997847,0,0,64.4980618554824,63.940564629725365,0.06400100234895945,61.54146958189085,60.274485021829605,1.2669845600612462,11,51,0,2,9,64.49806181206014,64.49806185899081,0.04957434069365263,1.7890415443107486,1.695067884400487,0.09397365991026163,3,11,0,3,0,64.498061758129978,61.596102792281208,299.999909774,20,101050,160,64.49803442768595,63.85351624082418,124.238079,64.49806185985608,63.86035487869933,239.784158
flay06h,66.93280212,66.93280212296862,0,302.91506929229945,95.05070999987986,0,0,66.93280221466435,65.15990673956081,2.1035616351291537,301.95402587065473,294.07009025570005,7.88393561495468,7,29,0,2,5,66.93280218800965,66.93280226737888,2.059725340921432,82.08991608768702,80.88698155572638,1.2029345319606364,3,11,0,3,0,66.932801042600545,64.144241404872048,299.999436409,7,1020,140,66.93279593088144,59.06640522596405,300.18429899999995,66.93280188285748,36.55119097668393,300.508115
flay06m,66.93280212,66.93280212297259,0,306.1523004276678,62.66995899965592,0,0,66.93280199093869,65.19060435394492,0.09299525106325746,300.3159369430505,299.06925155222416,1.2466853908263147,8,36,0,2,6,66.93280196168895,66.932801979326,0.08602087199687958,62.8598014311865,62.642813379410654,0.2169880517758429,3,11,0,3,0,66.932801899240872,64.17923029254311,299.999872485,19,1060,140,66.93279783218776,60.04330635227709,300.280851,66.93280196180706,42.26837832244092,301.336002
fo7,20.72982507,34.778091737680015,0,303.593634323217,95.75846400007765,0,0,20.72982471767988,20.729581401731448,0.1630289126187563,97.79366494808346,96.56673141662031,1.2269335314631462,6,26,18,3,3,20.72982474145599,20.727309019989608,0.15958972088992596,65.8005694723688,65.48155162855983,0.3190178438089788,3,11,9,3,0,20.729814312203661,20.729814312203661,19.505519859,4,0010,50,20.729825348127854,20.52440407833447,81.22527,20.729824734477404,20.5655230926195,67.013565
fo7_2,17.74934573,36.28433228889465,0,303.6747903348878,95.60063700002672,0,0,17.749345432133822,17.74895831358804,0.15652676532045007,98.0989063740708,96.42804811522365,1.6708582588471472,7,28,19,2,5,17.749345432133822,17.748956185996644,0.16041355999186635,60.9196478840895,60.78230264689773,0.1373452371917665,2,6,4,2,0,17.749258882483975,17.749258882483975,11.568654076000001,5,0010,70,17.749346058699693,17.57308684630969,27.344687,17.749345415106433,17.74934541510643,51.27496
fo7_ar25_1,23.0935676,-inf,FAILED,"Objective value wrong, with error 1e+50
Lbx > x* for indices:
[[ 0  0]
 [ 1  0]
 [ 2  0]
 [ 3  0]
 [ 4  0]
 [ 5  0]
 [ 6  0]
 [ 7  0]
 [ 8  0]
 [ 9  0]
 [10  0]
 [11  0]
 [12  0]
 [13  0]]
Ubg < g(x*,p) - tol:
[       inf        inf        inf        inf        inf        inf
        inf        inf        inf        inf        inf        inf
        inf        inf 1.99999999 1.99999999 1.99999999 1.99999999
 1.99999999 1.99999999 1.99999999 1.99999999 1.99999999 1.99999999
 1.99999999 1.99999999 1.99999999 1.99999999]
for indices:
(array([ 0,  1,  2,  3,  4,  5,  6,  7,  8,  9, 10, 11, 12, 13, 59, 60, 61,
       62, 63, 64, 65, 66, 67, 68, 69, 70, 71, 72]),)",NAN,NAN,NAN,23.09356731010353,22.886971104942553,0.19070064462721348,89.05186890717596,87.880874061957,1.1709948452189565,4,16,9,4,2,24.957575185182357,24.95757518763806,0.19938643416389823,66.99578800192103,66.60452614119276,0.39126186072826385,3,11,8,3,0,23.09356719166291,22.863334839615423,22.850342783000002,7,0000,100,23.093567597138676,22.86442284227683,8.984945,23.093567234745795,23.09356723474579,37.813415
fo7_ar2_1,24.83984707,-inf,FAILED,"Error in Function::call for 'minlp' [BonminInterface] at .../casadi/core/function.cpp:1432:
Error in Function::call for 'minlp' [BonminInterface] at .../casadi/core/function.cpp:361:
.../casadi/interfaces/bonmin/bonmin_interface.cpp:477: Uncaught error in Bonmin",NAN,NAN,NAN,24.850423261967137,24.82647451112868,0.19152693962678313,87.20802440820262,86.50616278126836,0.7018616269342601,3,11,1,3,2,24.9575751958442,24.957575204549308,0.19722513295710087,60.27362759690732,60.11346722347662,0.1601603734306991,2,6,0,2,0,24.839844332131552,24.839844332131552,40.0338943,5,0010,20,24.839847082878478,24.60114606186892,12.123173,24.839846413795343,24.83984641379534,23.128239
fo7_ar3_1,22.51747101,-inf,FAILED,"Objective value wrong, with error 1e+50
Lbx > x* for indices:
[[ 0  0]
 [ 1  0]
 [ 2  0]
 [ 3  0]
 [ 4  0]
 [ 5  0]
 [ 6  0]
 [ 7  0]
 [ 8  0]
 [ 9  0]
 [10  0]
 [11  0]
 [12  0]
 [13  0]]
Ubg < g(x*,p) - tol:
[       inf        inf        inf        inf        inf        inf
        inf        inf        inf        inf        inf        inf
        inf        inf 1.99999999 1.99999999 1.99999999 1.99999999
 1.99999999 1.99999999 1.99999999 1.99999999 1.99999999 1.99999999
 1.99999999 1.99999999 1.99999999 1.99999999]
for indices:
(array([ 0,  1,  2,  3,  4,  5,  6,  7,  8,  9, 10, 11, 12, 13, 59, 60, 61,
       62, 63, 64, 65, 66, 67, 68, 69, 70, 71, 72]),)",NAN,NAN,NAN,22.517470532691014,22.3400373147454,0.19063921086490154,92.5025358600542,91.49670247919858,1.00583338085562,4,15,1,3,3,22.833306732973277,22.833306717461536,0.19715758599340916,60.27230555610731,60.11165514588356,0.16065041022375226,2,6,0,2,0,22.517454775285916,22.517454775285916,24.493246135000003,4,0010,100,22.517471405305503,22.29449023722075,26.115816,22.51747045490165,22.51747045490165,48.505729
fo7_ar4_1,20.72982507,-inf,FAILED,"Objective value wrong, with error 1e+50
Lbx > x* for indices:
[[ 0  0]
 [ 1  0]
 [ 2  0]
 [ 3  0]
 [ 4  0]
 [ 5  0]
 [ 6  0]
 [ 7  0]
 [ 8  0]
 [ 9  0]
 [10  0]
 [11  0]
 [12  0]
 [13  0]]
Ubg < g(x*,p) - tol:
[       inf        inf        inf        inf        inf        inf
        inf        inf        inf        inf        inf        inf
        inf        inf 1.99999999 1.99999999 1.99999999 1.99999999
 1.99999999 1.99999999 1.99999999 1.99999999 1.99999999 1.99999999
 1.99999999 1.99999999 1.99999999 1.99999999]
for indices:
(array([ 0,  1,  2,  3,  4,  5,  6,  7,  8,  9, 10, 11, 12, 13, 59, 60, 61,
       62, 63, 64, 65, 66, 67, 68, 69, 70, 71, 72]),)",NAN,NAN,NAN,20.729824692613043,20.637771928904783,0.1914454409852624,93.17007284611464,91.92020556423813,1.2498672818765044,5,21,12,3,3,20.729824692613043,20.729824692613043,0.2023533210158348,67.46841494366527,67.07919963775203,0.3892153059132397,3,11,6,3,0,20.729821810873684,20.729821810873684,48.393667491,11,0010,40,20.72982544832753,20.52275705468453,48.808657,20.7298246951989,20.54260223996788,31.826664
fo7_ar5_1,17.74932941,-inf,FAILED,"Objective value wrong, with error 1e+50
Lbx > x* for indices:
[[ 0  0]
 [ 1  0]
 [ 2  0]
 [ 3  0]
 [ 4  0]
 [ 5  0]
 [ 6  0]
 [ 7  0]
 [ 8  0]
 [ 9  0]
 [10  0]
 [11  0]
 [12  0]
 [13  0]]
Ubg < g(x*,p) - tol:
[       inf        inf        inf        inf        inf        inf
        inf        inf        inf        inf        inf        inf
        inf        inf 1.99999999 1.99999999 1.99999999 1.99999999
 1.99999999 1.99999999 1.99999999 1.99999999 1.99999999 1.99999999
 1.99999999 1.99999999 1.99999999 1.99999999]
for indices:
(array([ 0,  1,  2,  3,  4,  5,  6,  7,  8,  9, 10, 11, 12, 13, 59, 60, 61,
       62, 63, 64, 65, 66, 67, 68, 69, 70, 71, 72]),)",NAN,NAN,NAN,17.74932903205996,17.749329045518927,0.19384973403066397,121.93258723104373,119.42973647965118,2.5028507513925433,6,20,7,4,5,19.622865513521642,19.622865513521642,0.1993148592300713,60.391527547035366,60.23336145654321,0.15816609049215913,2,6,2,2,0,17.749327769478516,17.749327769478516,19.119790433,4,0010,110,17.749329413741453,17.58050434732172,12.481355,17.74932900709966,17.74932900709966,29.059352999999998
fo8,22.38189652,47.798855326571505,0,303.3999510779977,116.67025353599736,0,0,22.381896229856896,22.381885616702334,0.2516468670219183,186.6714006490074,185.32558876415715,1.3458118848502636,4,16,12,3,3,23.91005316042935,23.91005316042935,0.2575848433189094,61.60048156417906,61.40756838815287,0.1929131760261953,2,6,3,2,0,22.381893669451163,22.381893669451163,116.39667083699999,9,0010,60,23.91005347746684,20.68815454739367,300.036015,22.381896240902456,22.38189624090245,188.712449
fo8_ar25_1,28.0451814,-inf,FAILED,"Objective value wrong, with error 1e+50
Lbx > x* for indices:
[[ 0  0]
 [ 1  0]
 [ 2  0]
 [ 3  0]
 [ 4  0]
 [ 5  0]
 [ 6  0]
 [ 7  0]
 [ 8  0]
 [ 9  0]
 [10  0]
 [11  0]
 [12  0]
 [13  0]
 [14  0]
 [15  0]]
Ubg < g(x*,p) - tol:
[       inf        inf        inf        inf        inf        inf
        inf        inf        inf        inf        inf        inf
        inf        inf        inf        inf 1.99999999 1.99999999
 1.99999999 1.99999999 1.99999999 1.99999999 1.99999999 1.99999999
 1.99999999 1.99999999 1.99999999 1.99999999 1.99999999 1.99999999
 1.99999999 1.99999999]
for indices:
(array([ 0,  1,  2,  3,  4,  5,  6,  7,  8,  9, 10, 11, 12, 13, 14, 15, 75,
       76, 77, 78, 79, 80, 81, 82, 83, 84, 85, 86, 87, 88, 89, 90]),)",NAN,NAN,NAN,28.045181228113254,28.00770939599973,0.3157374747097492,166.0284119369462,163.32607053546235,2.7023414014838636,5,17,8,4,3,57.43960122083227,63.88450276394097,0.31968984100967646,4.584929384756833,4.359807710163295,0.22512167459353805,2,2,0,2,0,28.045180832528047,28.045180832528047,220.73555299999998,19,0010,100,28.045181865108844,27.76503846878996,287.989728,28.04518110552743,28.02978717138635,143.693943
fo8_ar2_1,30.34061042,-inf,FAILED,"Objective value wrong, with error 1e+50
Lbx > x* for indices:
[[ 0  0]
 [ 1  0]
 [ 2  0]
 [ 3  0]
 [ 4  0]
 [ 5  0]
 [ 6  0]
 [ 7  0]
 [ 8  0]
 [ 9  0]
 [10  0]
 [11  0]
 [12  0]
 [13  0]
 [14  0]
 [15  0]]
Ubg < g(x*,p) - tol:
[       inf        inf        inf        inf        inf        inf
        inf        inf        inf        inf        inf        inf
        inf        inf        inf        inf 1.99999999 1.99999999
 1.99999999 1.99999999 1.99999999 1.99999999 1.99999999 1.99999999
 1.99999999 1.99999999 1.99999999 1.99999999 1.99999999 1.99999999
 1.99999999 1.99999999]
for indices:
(array([ 0,  1,  2,  3,  4,  5,  6,  7,  8,  9, 10, 11, 12, 13, 14, 15, 75,
       76, 77, 78, 79, 80, 81, 82, 83, 84, 85, 86, 87, 88, 89, 90]),)",NAN,NAN,NAN,30.345435081138778,30.339971167756275,0.32172685908153653,237.6387004395947,234.69880885258317,2.939891587011516,5,19,7,4,4,38.809749049234846,39.410799464606434,0.3269900791347027,1.2518235300667584,1.0310323783196509,0.2207911517471075,2,6,1,2,0,30.34060783078634,30.34060783078634,165.168253914,13,0010,20,30.345435375786057,30.33634577141584,258.181966,30.340609975482103,30.05512525998033,168.245
fo8_ar3_1,23.91005347,-inf,FAILED,"Objective value wrong, with error 1e+50
Lbx > x* for indices:
[[ 0  0]
 [ 1  0]
 [ 2  0]
 [ 3  0]
 [ 4  0]
 [ 5  0]
 [ 6  0]
 [ 7  0]
 [ 8  0]
 [ 9  0]
 [10  0]
 [11  0]
 [12  0]
 [13  0]
 [14  0]
 [15  0]]
Ubg < g(x*,p) - tol:
[       inf        inf        inf        inf        inf        inf
        inf        inf        inf        inf        inf        inf
        inf        inf        inf        inf 1.99999999 1.99999999
 1.99999999 1.99999999 1.99999999 1.99999999 1.99999999 1.99999999
 1.99999999 1.99999999 1.99999999 1.99999999 1.99999999 1.99999999
 1.99999999 1.99999999]
for indices:
(array([ 0,  1,  2,  3,  4,  5,  6,  7,  8,  9, 10, 11, 12, 13, 14, 15, 75,
       76, 77, 78, 79, 80, 81, 82, 83, 84, 85, 86, 87, 88, 89, 90]),)",NAN,NAN,NAN,23.91005333849995,23.90664831821617,0.31940152030438185,86.42399026919156,84.89540447900072,1.5285857901908457,4,16,12,4,1,23.91005333849995,33.156593731456994,0.3211371023207903,73.21021025860682,72.11339997686446,1.0968102817423642,4,16,12,4,0,23.910051578933796,23.910051578933796,88.063650117,17,0010,130,23.910053938536343,23.67103876073118,134.67203,23.910053196568764,23.7452053548388,156.950881
fo8_ar4_1,22.38189652,-inf,FAILED,"Objective value wrong, with error 1e+50
Lbx > x* for indices:
[[ 0  0]
 [ 1  0]
 [ 2  0]
 [ 3  0]
 [ 4  0]
 [ 5  0]
 [ 6  0]
 [ 7  0]
 [ 8  0]
 [ 9  0]
 [10  0]
 [11  0]
 [12  0]
 [13  0]
 [14  0]
 [15  0]]
Ubg < g(x*,p) - tol:
[       inf        inf        inf        inf        inf        inf
        inf        inf        inf        inf        inf        inf
        inf        inf        inf        inf 1.99999999 1.99999999
 1.99999999 1.99999999 1.99999999 1.99999999 1.99999999 1.99999999
 1.99999999 1.99999999 1.99999999 1.99999999 1.99999999 1.99999999
 1.99999999 1.99999999]
for indices:
(array([ 0,  1,  2,  3,  4,  5,  6,  7,  8,  9, 10, 11, 12, 13, 14, 15, 75,
       76, 77, 78, 79, 80, 81, 82, 83, 84, 85, 86, 87, 88, 89, 90]),)",NAN,NAN,NAN,22.381896418641087,22.38189221256637,0.325838471762836,118.13018344063312,115.8833664082922,2.246817032340914,5,20,11,5,1,24.535412869782313,43.46855707491823,0.33148206304758787,104.76980404229835,103.67460374347866,1.095200298819691,4,16,11,4,0,22.381892638634394,22.381892638634394,106.18728433300001,4,0010,120,22.381896603734862,22.15902934628976,69.202403,22.38189628558836,20.16728346951869,300.05091500000003
fo8_ar5_1,22.38189652,-inf,FAILED,"Objective value wrong, with error 1e+50
Lbx > x* for indices:
[[ 0  0]
 [ 1  0]
 [ 2  0]
 [ 3  0]
 [ 4  0]
 [ 5  0]
 [ 6  0]
 [ 7  0]
 [ 8  0]
 [ 9  0]
 [10  0]
 [11  0]
 [12  0]
 [13  0]
 [14  0]
 [15  0]]
Ubg < g(x*,p) - tol:
[       inf        inf        inf        inf        inf        inf
        inf        inf        inf        inf        inf        inf
        inf        inf        inf        inf 1.99999999 1.99999999
 1.99999999 1.99999999 1.99999999 1.99999999 1.99999999 1.99999999
 1.99999999 1.99999999 1.99999999 1.99999999 1.99999999 1.99999999
 1.99999999 1.99999999]
for indices:
(array([ 0,  1,  2,  3,  4,  5,  6,  7,  8,  9, 10, 11, 12, 13, 14, 15, 75,
       76, 77, 78, 79, 80, 81, 82, 83, 84, 85, 86, 87, 88, 89, 90]),)",NAN,NAN,NAN,22.381896410376136,22.371994048434228,0.32245696196332574,141.25898772198707,139.42513030860573,1.8338574133813381,4,14,4,4,2,23.468032041117226,51.573501080729244,0.32237453758716583,54.74555689096451,54.09970595454797,0.6458509364165366,3,9,4,3,0,22.38188946749219,22.38188946749219,93.5093715,10,0010,100,22.381896601723913,22.15820985540561,292.756317,22.381896279588734,18.30073276544188,300.10835699999996
fo9,23.46428571,-inf,FAILED,"Objective value wrong, with error 1e+50
Lbx > x* for indices:
[[ 0  0]
 [ 1  0]
 [ 2  0]
 [ 3  0]
 [ 4  0]
 [ 5  0]
 [ 6  0]
 [ 7  0]
 [ 8  0]
 [ 9  0]
 [10  0]
 [11  0]
 [12  0]
 [13  0]
 [14  0]
 [15  0]
 [16  0]
 [17  0]
 [90  0]
 [91  0]]
Ubg < g(x*,p) - tol:
[inf inf inf inf inf inf inf inf inf inf inf inf inf inf inf inf inf inf]
for indices:
(array([ 0,  1,  2,  3,  4,  5,  6,  7,  8,  9, 10, 11, 12, 13, 14, 15, 16,
       17]),)",NAN,NAN,NAN,23.46428551756766,23.46428551475741,0.3910972662270069,223.4404066298157,220.41613277699798,3.024273852817714,5,19,12,4,3,34.49999948443541,34.49999948443541,0.38938994333148,84.73600758612156,84.00266437511891,0.7333432110026479,3,11,6,3,0,23.464282788232858,23.464282788232858,172.703346458,18,0010,50,26.80291427387099,21.15390269790158,300.07339099999996,23.464285436732517,18.45628063688462,300.24546300000003
fo9_ar25_1,32.18643105,-inf,FAILED,"Objective value wrong, with error 1e+50
Lbx > x* for indices:
[[ 0  0]
 [ 1  0]
 [ 2  0]
 [ 3  0]
 [ 4  0]
 [ 5  0]
 [ 6  0]
 [ 7  0]
 [ 8  0]
 [ 9  0]
 [10  0]
 [11  0]
 [12  0]
 [13  0]
 [14  0]
 [15  0]
 [16  0]
 [17  0]]
Ubg < g(x*,p) - tol:
[       inf        inf        inf        inf        inf        inf
        inf        inf        inf        inf        inf        inf
        inf        inf        inf        inf        inf        inf
 1.99999999 1.99999999 1.99999999 1.99999999 1.99999999 1.99999999
 1.99999999 1.99999999 1.99999999 1.99999999 1.99999999 1.99999999
 1.99999999 1.99999999 1.99999999 1.99999999 1.99999999 1.99999999]
for indices:
(array([  0,   1,   2,   3,   4,   5,   6,   7,   8,   9,  10,  11,  12,
        13,  14,  15,  16,  17,  93,  94,  95,  96,  97,  98,  99, 100,
       101, 102, 103, 104, 105, 106, 107, 108, 109, 110]),)",NAN,NAN,NAN,32.249999945484156,31.72268083413958,0.48881569784134626,300.63432591827586,297.73109164461493,2.903234273660928,4,16,9,4,2,34.0190252130198,34.0190252130198,0.4959560758434236,122.18697130819783,121.23601472610608,0.9509565820917487,3,11,8,3,0,32.186413558665642,26.267325689728789,300.035333476,12,1000,100,32.186431047090394,26.91496159331231,300.04616,32.24999971701089,26.07101011966651,300.48595
fo9_ar2_1,32.625,-inf,FAILED,"Objective value wrong, with error 1e+50
Lbx > x* for indices:
[[ 0  0]
 [ 1  0]
 [ 2  0]
 [ 3  0]
 [ 4  0]
 [ 5  0]
 [ 6  0]
 [ 7  0]
 [ 8  0]
 [ 9  0]
 [10  0]
 [11  0]
 [12  0]
 [13  0]
 [14  0]
 [15  0]
 [16  0]
 [17  0]]
Ubg < g(x*,p) - tol:
[       inf        inf        inf        inf        inf        inf
        inf        inf        inf        inf        inf        inf
        inf        inf        inf        inf        inf        inf
 1.99999999 1.99999999 1.99999999 1.99999999 1.99999999 1.99999999
 1.99999999 1.99999999 1.99999999 1.99999999 1.99999999 1.99999999
 1.99999999 1.99999999 1.99999999 1.99999999 1.99999999 1.99999999]
for indices:
(array([  0,   1,   2,   3,   4,   5,   6,   7,   8,   9,  10,  11,  12,
        13,  14,  15,  16,  17,  93,  94,  95,  96,  97,  98,  99, 100,
       101, 102, 103, 104, 105, 106, 107, 108, 109, 110]),)",NAN,NAN,NAN,32.62499994226375,32.62497722916567,0.49581879703328013,242.320090664085,240.7271716222167,1.5929190418682992,3,11,3,3,2,34.999999905292576,34.99999990548863,0.49297681683674455,60.561272779945284,60.220348954666406,0.3409238252788782,2,6,0,2,0,32.624991558231578,29.615253303918681,300.000080965,12,1000,20,32.814102566102505,27.49148439549692,300.038257,32.62499959892142,26.0679191908171,300.086884
fo9_ar3_1,24.81547619,-inf,FAILED,"Objective value wrong, with error 1e+50
Lbx > x* for indices:
[[ 0  0]
 [ 1  0]
 [ 2  0]
 [ 3  0]
 [ 4  0]
 [ 5  0]
 [ 6  0]
 [ 7  0]
 [ 8  0]
 [ 9  0]
 [10  0]
 [11  0]
 [12  0]
 [13  0]
 [14  0]
 [15  0]
 [16  0]
 [17  0]]
Ubg < g(x*,p) - tol:
[       inf        inf        inf        inf        inf        inf
        inf        inf        inf        inf        inf        inf
        inf        inf        inf        inf        inf        inf
 1.99999999 1.99999999 1.99999999 1.99999999 1.99999999 1.99999999
 1.99999999 1.99999999 1.99999999 1.99999999 1.99999999 1.99999999
 1.99999999 1.99999999 1.99999999 1.99999999 1.99999999 1.99999999]
for indices:
(array([  0,   1,   2,   3,   4,   5,   6,   7,   8,   9,  10,  11,  12,
        13,  14,  15,  16,  17,  93,  94,  95,  96,  97,  98,  99, 100,
       101, 102, 103, 104, 105, 106, 107, 108, 109, 110]),)",NAN,NAN,NAN,24.81547612255639,24.802409545185814,0.4903916120529175,193.01244740840048,190.50852441508323,2.5039229933172464,4,16,10,3,3,32.852272687377415,35.60225889051799,0.49521640688180923,60.962249198928475,60.64837896358222,0.3138702353462577,2,6,4,2,0,24.8154758792945,24.8154758792945,160.358999351,17,0010,130,27.14880952380947,23.39538008368362,300.03036199999997,24.8154759638469,24.80855697109947,113.304394
fo9_ar4_1,23.46428571,-inf,FAILED,"Objective value wrong, with error 1e+50
Lbx > x* for indices:
[[ 0  0]
 [ 1  0]
 [ 2  0]
 [ 3  0]
 [ 4  0]
 [ 5  0]
 [ 6  0]
 [ 7  0]
 [ 8  0]
 [ 9  0]
 [10  0]
 [11  0]
 [12  0]
 [13  0]
 [14  0]
 [15  0]
 [16  0]
 [17  0]]
Ubg < g(x*,p) - tol:
[       inf        inf        inf        inf        inf        inf
        inf        inf        inf        inf        inf        inf
        inf        inf        inf        inf        inf        inf
 1.99999999 1.99999999 1.99999999 1.99999999 1.99999999 1.99999999
 1.99999999 1.99999999 1.99999999 1.99999999 1.99999999 1.99999999
 1.99999999 1.99999999 1.99999999 1.99999999 1.99999999 1.99999999]
for indices:
(array([  0,   1,   2,   3,   4,   5,   6,   7,   8,   9,  10,  11,  12,
        13,  14,  15,  16,  17,  93,  94,  95,  96,  97,  98,  99, 100,
       101, 102, 103, 104, 105, 106, 107, 108, 109, 110]),)",NAN,NAN,NAN,23.46428560025007,23.462034337529857,0.4982469626702368,202.95157473813742,201.30441447999328,1.6471602581441402,3,11,1,3,2,30.11538455102743,30.11538455102743,0.4974456620402634,60.5878378408961,60.254233117681,0.33360472321510315,2,6,0,2,0,23.464282715140826,23.464282715140826,196.24256137400002,6,0010,120,30.378364349749084,22.25675369635629,300.04510899999997,24.37797593884849,20.59679579326223,300.151654
fo9_ar5_1,23.46428571,-inf,FAILED,"Objective value wrong, with error 1e+50
Lbx > x* for indices:
[[ 0  0]
 [ 1  0]
 [ 2  0]
 [ 3  0]
 [ 4  0]
 [ 5  0]
 [ 6  0]
 [ 7  0]
 [ 8  0]
 [ 9  0]
 [10  0]
 [11  0]
 [12  0]
 [13  0]
 [14  0]
 [15  0]
 [16  0]
 [17  0]]
Ubg < g(x*,p) - tol:
[       inf        inf        inf        inf        inf        inf
        inf        inf        inf        inf        inf        inf
        inf        inf        inf        inf        inf        inf
 1.99999999 1.99999999 1.99999999 1.99999999 1.99999999 1.99999999
 1.99999999 1.99999999 1.99999999 1.99999999 1.99999999 1.99999999
 1.99999999 1.99999999 1.99999999 1.99999999 1.99999999 1.99999999]
for indices:
(array([  0,   1,   2,   3,   4,   5,   6,   7,   8,   9,  10,  11,  12,
        13,  14,  15,  16,  17,  93,  94,  95,  96,  97,  98,  99, 100,
       101, 102, 103, 104, 105, 106, 107, 108, 109, 110]),)",NAN,NAN,NAN,23.464285641006025,23.39939379033858,0.4967872779816389,176.02560978010297,174.67880145506933,1.346808325033635,3,11,5,3,1,23.464285641006025,34.77063358029033,0.5003285659477115,121.91695344261825,120.97364770527929,0.9433057373389602,3,11,5,3,0,25.749999641971577,20.544949871323617,300.00981908399996,11,1000,40,27.46167945750286,19.66356479391138,300.04481100000004,28.946666411713785,18.04851542697194,300.336002
gear2,2.700857149e-12,0.004768456098804485,0,0.13960538059473038,0.07811600000000041,0,0,2.727279702363975e-05,5.21215564152541e-15,0.02432560082525015,0.04203003365546465,0.02250778255984187,0.019522251095622778,2,6,0,2,1,2.727279702363975e-05,0.0002453180861143982,0.025158393196761608,0.03555702092126012,0.020137786399573088,0.01541923452168703,2,6,0,2,0,2.3576406580194936e-09,0,0.33641543199999996,42,00420,00,9.939875595328162e-11,-6.944660027596861e-09,1.080842,1.827380235298078e-08,1.827380233243581e-08,0.09103599999999999
gear3,2.700857149e-12,3.634526501566065e-06,0,0.15610994771122932,0.040403999999999995,0,0,2.72645059771712e-08,1.1609897040389229e-14,0.01035993592813611,0.019813251215964556,0.009768316522240639,0.010044934693723917,2,4,0,2,0,2.72645059771712e-08,2.7255568422427517e-08,0.010447549168020487,0.02005976065993309,0.00983098242431879,0.0102287782356143,2,4,0,2,0,0.00013622222271739669,0,0.099226704,14,00460,00,9.939875595328162e-11,-6.944660027596861e-09,1.061782,7.802232867743687e-08,7.802232867767933e-08,0.027735
jit1,173983.33,173983.32999863994,0,0.11537984479218721,0.060540999999999984,0,0,173982.61006293277,173345.3768308797,0.0158830969594419,0.024218183010816574,0.014419009909033775,0.009799173101782799,2,3,0,2,0,173982.61006293277,173345.3768308797,0.016258427407592535,0.024660266935825348,0.014680464752018452,0.009979802183806896,2,3,0,2,0,173983.32998164679,173345.7983938875,0.038128624,1,0000,130,173983.32998164545,173883.2833148557,0.024595000000000002,173983.32998164673,172638.8325005566,0.081773
m3,37.8,37.80000000073363,0,0.3367856917902827,0.11425200000000077,0,0,37.79999956991859,37.79999956991859,0.021128582302480936,0.09097429411485791,0.06025281874462962,0.03072147537022829,2,4,0,2,1,37.79999956991859,37.79999956991859,0.023522560950368643,0.05993361305445433,0.03983164578676224,0.02010196726769209,2,4,0,2,0,37.799645813514132,37.799645813514132,0.025441502,0,0010,40,37.8,37.79999999999996,0.039367,37.8,37.8,0.184188
m6,82.25687691,106.25687691424332,0,304.42741882707924,84.32831299992229,0,0,82.25687581000712,82.25687498161666,0.09995788475498557,4.3739395048469305,4.092344411183149,0.2815950936637819,3,7,1,2,2,82.25687581000712,82.25687581000712,0.09295277716591954,3.9144179858267307,3.816650753840804,0.09776723198592663,2,5,1,2,0,82.25687687037609,82.256876870376075,0.194927536,1,0010,40,82.25687691965433,81.58590398993466,0.20535399999999998,82.25687689818001,82.25687689818001,0.707246
m7,106.7568769,130.75687691465532,0,304.02768700942397,99.67685745800213,0,0,106.75687555085169,106.75687507553874,0.16413064021617174,61.12710712803528,60.7420483417809,0.3850587862543762,3,8,0,2,2,106.75687555085169,106.75687555085169,0.1524529200978577,60.326799013186246,60.19016109686345,0.13663791632279754,2,6,0,2,0,106.75687690839531,106.75687690839531,0.989286457,4,0010,30,106.75687691365565,106.7568769136556,0.355825,106.75687689818001,106.75687689818,2.391142
m7_ar25_1,143.585,143.58500000099596,0,231.95012564677745,85.2537779998455,0,0,143.5849968326451,143.58465720878175,0.19798022089526057,10.219037408940494,9.962602409534156,0.25643499940633774,2,6,0,2,1,143.5849968326451,143.58499682907168,0.1883202730678022,9.824065142776817,9.66773395286873,0.15633118990808725,2,6,0,2,0,143.58499683479664,143.58499683479664,0.388070956,2,0010,10,143.58500056857434,142.2788011611792,0.33694199999999996,143.58499799889867,143.5849979988987,2.1884099999999997
m7_ar2_1,190.235,-inf,FAILED,"Objective value wrong, with error 1e+50
Lbx > x* for indices:
[[ 0  0]
 [ 1  0]
 [ 2  0]
 [ 3  0]
 [ 4  0]
 [ 5  0]
 [ 6  0]
 [ 7  0]
 [ 8  0]
 [ 9  0]
 [10  0]
 [11  0]
 [12  0]
 [13  0]]
Ubg < g(x*,p) - tol:
[       inf        inf        inf        inf        inf        inf
        inf        inf        inf        inf        inf        inf
        inf        inf 1.99999999 1.99999999 1.99999999 1.99999999
 1.99999999 1.99999999 1.99999999 1.99999999 1.99999999 1.99999999
 1.99999999 1.99999999 1.99999999 1.99999999]
for indices:
(array([ 0,  1,  2,  3,  4,  5,  6,  7,  8,  9, 10, 11, 12, 13, 59, 60, 61,
       62, 63, 64, 65, 66, 67, 68, 69, 70, 71, 72]),)",NAN,NAN,NAN,190.23499648570214,190.23499518310987,0.1967221791855991,8.483724180143327,8.022542488295585,0.4611816918477416,3,8,1,2,2,190.23499652431252,190.23499648570214,0.19594999682158232,6.4084593039005995,6.252090717665851,0.15636858623474836,2,6,0,2,0,190.23497722319399,190.23497722319397,1.190148023,1,0010,10,190.2350000476907,188.7008295686503,1.642085,190.23499715720192,189.3184778162104,6.672726
m7_ar3_1,143.585,-inf,FAILED,"Objective value wrong, with error 1e+50
Lbx > x* for indices:
[[ 0  0]
 [ 1  0]
 [ 2  0]
 [ 3  0]
 [ 4  0]
 [ 5  0]
 [ 6  0]
 [ 7  0]
 [ 8  0]
 [ 9  0]
 [10  0]
 [11  0]
 [12  0]
 [13  0]]
Ubg < g(x*,p) - tol:
[       inf        inf        inf        inf        inf        inf
        inf        inf        inf        inf        inf        inf
        inf        inf 1.99999999 1.99999999 1.99999999 1.99999999
 1.99999999 1.99999999 1.99999999 1.99999999 1.99999999 1.99999999
 1.99999999 1.99999999 1.99999999 1.99999999]
for indices:
(array([ 0,  1,  2,  3,  4,  5,  6,  7,  8,  9, 10, 11, 12, 13, 59, 60, 61,
       62, 63, 64, 65, 66, 67, 68, 69, 70, 71, 72]),)",NAN,NAN,NAN,143.5849968234994,130.63071546678125,0.20018311077728868,300.54987818095833,98.82766291126609,201.72221526969224,67,207,125,2,66,143.5849968231801,143.5849968234994,0.18961367523297668,55.75010354211554,55.59373894101009,0.15636460110545158,2,6,0,2,0,143.58499690795955,143.58499690795955,2.0185968130000003,3,0010,10,143.58499982495283,142.1507254985151,2.110459,143.58499787708996,143.58499787709,7.434659000000001
m7_ar4_1,106.7568769,-inf,FAILED,"Objective value wrong, with error 1e+50
Lbx > x* for indices:
[[ 0  0]
 [ 1  0]
 [ 2  0]
 [ 3  0]
 [ 4  0]
 [ 5  0]
 [ 6  0]
 [ 7  0]
 [ 8  0]
 [ 9  0]
 [10  0]
 [11  0]
 [12  0]
 [13  0]]
Ubg < g(x*,p) - tol:
[       inf        inf        inf        inf        inf        inf
        inf        inf        inf        inf        inf        inf
        inf        inf 1.99999999 1.99999999 1.99999999 1.99999999
 1.99999999 1.99999999 1.99999999 1.99999999 1.99999999 1.99999999
 1.99999999 1.99999999 1.99999999 1.99999999]
for indices:
(array([ 0,  1,  2,  3,  4,  5,  6,  7,  8,  9, 10, 11, 12, 13, 59, 60, 61,
       62, 63, 64, 65, 66, 67, 68, 69, 70, 71, 72]),)",NAN,NAN,NAN,106.75687596509893,106.75651922841392,0.23158561903983355,60.66623535100371,60.40877291886136,0.2574624321423471,2,6,0,2,1,106.75687596509893,106.75687596509893,0.19048850610852242,60.289490373805165,60.131306698545814,0.15818367525935173,2,6,0,2,0,106.75687586181051,106.75687484736139,1.098063983,4,0010,20,106.75687691365586,105.8590065581322,0.9058649999999999,106.75687691365584,106.7568769136559,1.735663
m7_ar5_1,106.4600058,-inf,FAILED,"Objective value wrong, with error 1e+50
Lbx > x* for indices:
[[ 0  0]
 [ 1  0]
 [ 2  0]
 [ 3  0]
 [ 4  0]
 [ 5  0]
 [ 6  0]
 [ 7  0]
 [ 8  0]
 [ 9  0]
 [10  0]
 [11  0]
 [12  0]
 [13  0]]
Ubg < g(x*,p) - tol:
[       inf        inf        inf        inf        inf        inf
        inf        inf        inf        inf        inf        inf
        inf        inf 1.99999999 1.99999999 1.99999999 1.99999999
 1.99999999 1.99999999 1.99999999 1.99999999 1.99999999 1.99999999
 1.99999999 1.99999999 1.99999999 1.99999999]
for indices:
(array([ 0,  1,  2,  3,  4,  5,  6,  7,  8,  9, 10, 11, 12, 13, 59, 60, 61,
       62, 63, 64, 65, 66, 67, 68, 69, 70, 71, 72]),)",NAN,NAN,NAN,106.46000474087647,106.45999999999998,0.2084502479992807,62.642119204159826,62.17440934665501,0.46770985750481486,3,9,2,2,2,106.46000474087647,106.46000474087647,0.1895757270976901,60.276595655828714,60.118119100574404,0.15847655525431037,2,6,0,2,0,106.46000576000233,106.46000576000233,4.420549154,4,0010,20,106.46000575999975,105.4616130053582,2.357497,106.46000535522582,106.0536149996023,6.24518
no7_ar25_1,107.8153083,-inf,FAILED,"Objective value wrong, with error 1e+50
Lbx > x* for indices:
[[ 0  0]
 [ 1  0]
 [ 2  0]
 [ 3  0]
 [ 4  0]
 [ 5  0]
 [ 6  0]
 [ 7  0]
 [ 8  0]
 [ 9  0]
 [10  0]
 [11  0]
 [12  0]
 [13  0]]
Ubg < g(x*,p) - tol:
[       inf        inf        inf        inf        inf        inf
        inf        inf        inf        inf        inf        inf
        inf        inf 1.99999999 1.99999999 1.99999999 1.99999999
 1.99999999 1.99999999 1.99999999 1.99999999 1.99999999 1.99999999
 1.99999999 1.99999999 1.99999999 1.99999999]
for indices:
(array([ 0,  1,  2,  3,  4,  5,  6,  7,  8,  9, 10, 11, 12, 13, 59, 60, 61,
       62, 63, 64, 65, 66, 67, 68, 69, 70, 71, 72]),)",NAN,NAN,NAN,107.81530521596736,107.80962671256779,0.2039757459424436,56.36013831477612,55.764905403833836,0.5952329109422863,3,11,5,3,1,107.81530521596736,107.81530521596736,0.19432879984378815,35.343936193268746,34.949456312227994,0.39447988104075193,3,11,5,3,0,107.8151906043379,107.8151906043379,38.185501535,12,0010,10,107.81530821497435,106.7607550862443,26.175431,107.81530543557817,107.3910182161723,71.457912
no7_ar2_1,107.8153083,-inf,FAILED,"Objective value wrong, with error 1e+50
Lbx > x* for indices:
[[ 0  0]
 [ 1  0]
 [ 2  0]
 [ 3  0]
 [ 4  0]
 [ 5  0]
 [ 6  0]
 [ 7  0]
 [ 8  0]
 [ 9  0]
 [10  0]
 [11  0]
 [12  0]
 [13  0]]
Ubg < g(x*,p) - tol:
[       inf        inf        inf        inf        inf        inf
        inf        inf        inf        inf        inf        inf
        inf        inf 1.99999999 1.99999999 1.99999999 1.99999999
 1.99999999 1.99999999 1.99999999 1.99999999 1.99999999 1.99999999
 1.99999999 1.99999999 1.99999999 1.99999999]
for indices:
(array([ 0,  1,  2,  3,  4,  5,  6,  7,  8,  9, 10, 11, 12, 13, 59, 60, 61,
       62, 63, 64, 65, 66, 67, 68, 69, 70, 71, 72]),)",NAN,NAN,NAN,107.86632249422674,107.79986616337273,0.20264917192980647,19.555544547270983,19.28828271618113,0.26726183108985424,2,6,1,2,1,107.86632249422674,107.86632249652422,0.19095873972401023,9.717509819660336,9.553315643686801,0.16419417597353458,2,6,1,2,0,107.81528346842475,107.81528346842475,10.456661175,6,0010,10,107.8153082182933,106.7389150125725,13.574859,107.8153054210021,107.8153054210021,188.027085
no7_ar3_1,107.8153083,-inf,FAILED,"Objective value wrong, with error 1e+50
Lbx > x* for indices:
[[ 0  0]
 [ 1  0]
 [ 2  0]
 [ 3  0]
 [ 4  0]
 [ 5  0]
 [ 6  0]
 [ 7  0]
 [ 8  0]
 [ 9  0]
 [10  0]
 [11  0]
 [12  0]
 [13  0]]
Ubg < g(x*,p) - tol:
[       inf        inf        inf        inf        inf        inf
        inf        inf        inf        inf        inf        inf
        inf        inf 1.99999999 1.99999999 1.99999999 1.99999999
 1.99999999 1.99999999 1.99999999 1.99999999 1.99999999 1.99999999
 1.99999999 1.99999999 1.99999999 1.99999999]
for indices:
(array([ 0,  1,  2,  3,  4,  5,  6,  7,  8,  9, 10, 11, 12, 13, 59, 60, 61,
       62, 63, 64, 65, 66, 67, 68, 69, 70, 71, 72]),)",NAN,NAN,NAN,107.86262385804017,107.80288669545406,0.20357753988355398,238.5963600357063,236.23668463435024,2.3596754013560712,6,20,9,5,3,107.87145992269248,129.68551067111764,0.1981542343273759,95.72398860612884,94.96174596017227,0.7622426459565759,4,12,9,4,0,107.81494086243572,106.74800670495554,67.203454922,10,0000,10,107.81530834588575,106.7472778409796,93.138939,107.81530542115337,87.8426261572606,300.102937
no7_ar4_1,98.51840218,-inf,FAILED,"Objective value wrong, with error 1e+50
Lbx > x* for indices:
[[ 0  0]
 [ 1  0]
 [ 2  0]
 [ 3  0]
 [ 4  0]
 [ 5  0]
 [ 6  0]
 [ 7  0]
 [ 8  0]
 [ 9  0]
 [10  0]
 [11  0]
 [12  0]
 [13  0]]
Ubg < g(x*,p) - tol:
[       inf        inf        inf        inf        inf        inf
        inf        inf        inf        inf        inf        inf
        inf        inf 1.99999999 1.99999999 1.99999999 1.99999999
 1.99999999 1.99999999 1.99999999 1.99999999 1.99999999 1.99999999
 1.99999999 1.99999999 1.99999999 1.99999999]
for indices:
(array([ 0,  1,  2,  3,  4,  5,  6,  7,  8,  9, 10, 11, 12, 13, 59, 60, 61,
       62, 63, 64, 65, 66, 67, 68, 69, 70, 71, 72]),)",NAN,NAN,NAN,98.51840124619116,98.19459936586746,0.2049501622095704,193.6293964809738,190.81908750440925,2.8103089765645564,7,31,23,3,6,116.33906490308496,116.33906490308496,0.19389788806438446,3.6380986901931465,3.4734920072369277,0.16460668295621872,2,6,2,2,0,98.518372691737142,98.518372691737142,69.079391495,12,0010,30,98.51840262761344,97.54760608902593,80.696207,98.51840121842518,98.51840121842517,156.295327
no7_ar5_1,90.62267488,-inf,FAILED,"Error in Function::call for 'minlp' [BonminInterface] at .../casadi/core/function.cpp:1432:
Error in Function::call for 'minlp' [BonminInterface] at .../casadi/core/function.cpp:361:
.../casadi/interfaces/bonmin/bonmin_interface.cpp:477: Uncaught error in Bonmin",NAN,NAN,NAN,90.62267376591774,90.61856748987108,0.20982357626780868,155.56575207272545,152.82541173649952,2.740340336225927,7,29,17,4,5,94.92212372697125,119.72719620993614,0.19685300718992949,20.788023971021175,20.39465524815023,0.39336872287094593,3,11,7,3,0,90.622648836935397,90.622648836935397,62.689357158,8,0010,80,90.62267532292313,89.7187205366968,89.893862,90.62267376433063,90.28294850914227,108.476083
nvs20,230.9221652,230.9221652082297,0,0.08847186621278524,0.08533900000000022,0,0,230.92216293970984,229.7077380220426,0.02073168335482478,0.07012169808149338,0.04042151663452387,0.02970018144696951,4,9,0,2,3,230.92216293970984,270.5135798912582,0.018063408322632313,0.022501123137772083,0.012955752667039633,0.00954537047073245,2,3,0,2,0,230.92216350458514,46,1.307702326,13,00130,00,230.92216520082602,230.8565450140305,0.12611499999999998,230.9221631441017,229.3881872098729,0.5891059999999999
o7,131.6531381,157.37966574617295,0,304.13571877777576,105.64731264900097,0,0,-inf,FAILED,"Objective value wrong, with error 124.64838794693398
Ubg < g(x*,p) - tol:
[1.60315339e-01 5.44392105e-02 1.48319584e-02 3.62612725e-02
 4.35886445e-03 7.98528232e-03 4.47053115e-01 2.13486749e-01
 1.99551925e-01 4.00870145e-01 7.69625762e-11 2.01799532e-06]
for indices:
(array([ 2,  3,  4,  5,  8,  9, 10, 11, 12, 13, 22, 61]),)",NAN,NAN,NAN,NAN,NAN,NAN,NAN,NAN,-inf,FAILED,"Objective value wrong, with error 0.001080952508457107
Ubg < g(x*,p) - tol:
[1.60315339e-01 5.44392105e-02 1.48319584e-02 3.62612725e-02
 4.35886445e-03 7.98528232e-03 4.47053115e-01 2.13486749e-01
 1.99551925e-01 4.00870145e-01 7.69625762e-11 2.01799532e-06]
for indices:
(array([ 2,  3,  4,  5,  8,  9, 10, 11, 12, 13, 22, 61]),)",NAN,NAN,NAN,NAN,NAN,NAN,NAN,NAN,131.65301327259772,130.3374479903523,289.869893613,22,0000,50,134.6782212259077,95.9815270314253,300.054574,131.6603262739896,91.73281335318055,300.59136900000004
o7_2,116.9459316,196.86496301639266,0,303.9153976114467,102.08531019200058,0,0,119.07026417591649,118.16822994048724,0.16634589480236173,300.3559016129002,298.30041698692366,2.0554846259765327,7,29,22,5,3,123.98083902924536,123.93933519399212,0.16384012810885906,155.83177891606465,155.25126553699374,0.5805133790709078,4,16,14,4,0,116.94590713844377,116.94590713844377,134.293909346,8,0010,70,116.9459313490928,96.46341223060764,300.06477,116.94593048420897,84.10250988900611,300.459758
o7_ar25_1,140.4119583,-inf,FAILED,"Objective value wrong, with error 1e+50
Lbx > x* for indices:
[[ 0  0]
 [ 1  0]
 [ 2  0]
 [ 3  0]
 [ 4  0]
 [ 5  0]
 [ 6  0]
 [ 7  0]
 [ 8  0]
 [ 9  0]
 [10  0]
 [11  0]
 [12  0]
 [13  0]]
Ubg < g(x*,p) - tol:
[       inf        inf        inf        inf        inf        inf
        inf        inf        inf        inf        inf        inf
        inf        inf 1.99999999 1.99999999 1.99999999 1.99999999
 1.99999999 1.99999999 1.99999999 1.99999999 1.99999999 1.99999999
 1.99999999 1.99999999 1.99999999 1.99999999]
for indices:
(array([ 0,  1,  2,  3,  4,  5,  6,  7,  8,  9, 10, 11, 12, 13, 59, 60, 61,
       62, 63, 64, 65, 66, 67, 68, 69, 70, 71, 72]),)",NAN,NAN,NAN,140.41195729808422,139.89707712925178,0.2061359821818769,291.83836430404335,290.52674521366134,1.3116190903820097,4,16,3,4,3,147.51799766092728,147.51799766092728,0.19963251380249858,16.60634307283908,16.456305875908583,0.15003719693049788,2,6,2,2,0,140.41190577149021,140.41190577149021,257.506076209,12,0010,80,140.4119588055322,139.0143910148837,238.864587,140.4119572356029,139.4599315371578,284.414691
o7_ar2_1,140.4119583,-inf,FAILED,"Objective value wrong, with error 1e+50
Lbx > x* for indices:
[[ 0  0]
 [ 1  0]
 [ 2  0]
 [ 3  0]
 [ 4  0]
 [ 5  0]
 [ 6  0]
 [ 7  0]
 [ 8  0]
 [ 9  0]
 [10  0]
 [11  0]
 [12  0]
 [13  0]]
Ubg < g(x*,p) - tol:
[       inf        inf        inf        inf        inf        inf
        inf        inf        inf        inf        inf        inf
        inf        inf 1.99999999 1.99999999 1.99999999 1.99999999
 1.99999999 1.99999999 1.99999999 1.99999999 1.99999999 1.99999999
 1.99999999 1.99999999 1.99999999 1.99999999]
for indices:
(array([ 0,  1,  2,  3,  4,  5,  6,  7,  8,  9, 10, 11, 12, 13, 59, 60, 61,
       62, 63, 64, 65, 66, 67, 68, 69, 70, 71, 72]),)",NAN,NAN,NAN,140.41195730602442,140.41195784688767,0.20767309935763478,106.32350238366053,105.84765325067565,0.47584913298487663,3,10,4,2,2,140.41195730602442,140.4119572998933,0.19185256818309426,12.360428191255778,12.194152824115008,0.16627536714076996,2,6,0,2,0,140.41195448060077,140.41195448060074,63.468023439,10,0010,10,140.41195876391984,139.012024250178,64.432226,140.4119572617613,139.7528775673852,90.661257
o7_ar3_1,137.931839,-inf,FAILED,"Objective value wrong, with error 1e+50
Lbx > x* for indices:
[[ 0  0]
 [ 1  0]
 [ 2  0]
 [ 3  0]
 [ 4  0]
 [ 5  0]
 [ 6  0]
 [ 7  0]
 [ 8  0]
 [ 9  0]
 [10  0]
 [11  0]
 [12  0]
 [13  0]]
Ubg < g(x*,p) - tol:
[       inf        inf        inf        inf        inf        inf
        inf        inf        inf        inf        inf        inf
        inf        inf 1.99999999 1.99999999 1.99999999 1.99999999
 1.99999999 1.99999999 1.99999999 1.99999999 1.99999999 1.99999999
 1.99999999 1.99999999 1.99999999 1.99999999]
for indices:
(array([ 0,  1,  2,  3,  4,  5,  6,  7,  8,  9, 10, 11, 12, 13, 59, 60, 61,
       62, 63, 64, 65, 66, 67, 68, 69, 70, 71, 72]),)",NAN,NAN,NAN,138.86489124151078,138.30092928925671,0.20611670706421137,300.3834549211897,298.2760357116349,2.1074192095547915,6,22,11,5,2,145.81638539642313,146.45428880570827,0.19772331276908517,157.89565409580246,157.19338805833831,0.7022660374641418,4,12,10,4,0,137.93183187749335,120.95012313781925,300.035899569,15,1000,20,137.93183891691254,116.7165323488555,300.04407599999996,138.197747527317,103.0479882245685,300.589356
o7_ar4_1,131.6531381,-inf,FAILED,"Objective value wrong, with error 1e+50
Lbx > x* for indices:
[[ 0  0]
 [ 1  0]
 [ 2  0]
 [ 3  0]
 [ 4  0]
 [ 5  0]
 [ 6  0]
 [ 7  0]
 [ 8  0]
 [ 9  0]
 [10  0]
 [11  0]
 [12  0]
 [13  0]]
Ubg < g(x*,p) - tol:
[       inf        inf        inf        inf        inf        inf
        inf        inf        inf        inf        inf        inf
        inf        inf 1.99999999 1.99999999 1.99999999 1.99999999
 1.99999999 1.99999999 1.99999999 1.99999999 1.99999999 1.99999999
 1.99999999 1.99999999 1.99999999 1.99999999]
for indices:
(array([ 0,  1,  2,  3,  4,  5,  6,  7,  8,  9, 10, 11, 12, 13, 59, 60, 61,
       62, 63, 64, 65, 66, 67, 68, 69, 70, 71, 72]),)",NAN,NAN,NAN,145.51091046869536,131.0725172399459,0.21263451501727104,300.367595249787,298.8055405821651,1.562054667621851,6,26,23,2,5,145.51091046869536,145.51091046869536,0.20050801197066903,8.957317071035504,8.806131488643587,0.1511855823919177,2,6,3,2,0,131.65312589337105,112.10522871122011,300.033190247,21,1000,20,135.11973631410604,108.6341812745603,300.04744800000003,134.67821971244572,95.42156742076739,300.544617
o7_ar5_1,116.9458471,-inf,FAILED,"Objective value wrong, with error 1e+50
Lbx > x* for indices:
[[ 0  0]
 [ 1  0]
 [ 2  0]
 [ 3  0]
 [ 4  0]
 [ 5  0]
 [ 6  0]
 [ 7  0]
 [ 8  0]
 [ 9  0]
 [10  0]
 [11  0]
 [12  0]
 [13  0]]
Ubg < g(x*,p) - tol:
[       inf        inf        inf        inf        inf        inf
        inf        inf        inf        inf        inf        inf
        inf        inf 1.99999999 1.99999999 1.99999999 1.99999999
 1.99999999 1.99999999 1.99999999 1.99999999 1.99999999 1.99999999
 1.99999999 1.99999999 1.99999999 1.99999999]
for indices:
(array([ 0,  1,  2,  3,  4,  5,  6,  7,  8,  9, 10, 11, 12, 13, 59, 60, 61,
       62, 63, 64, 65, 66, 67, 68, 69, 70, 71, 72]),)",NAN,NAN,NAN,118.23619924987918,115.34440917851825,0.2117798081599176,300.37154069775715,298.5410423884168,1.830498309340328,6,23,17,4,3,118.2361991791059,146.64890320696952,0.19498514709994197,121.95509956870228,121.24830336961895,0.7067961990833282,4,13,9,4,0,116.94584373736997,116.94584373736997,296.530534862,6,0010,30,118.76653588355101,98.92915863810079,300.04636800000003,116.94584570438113,90.5932615033738,300.277762
o8_ar4_1,243.0707486,-inf,FAILED,"Objective value wrong, with error 1e+50
Lbx > x* for indices:
[[ 0  0]
 [ 1  0]
 [ 2  0]
 [ 3  0]
 [ 4  0]
 [ 5  0]
 [ 6  0]
 [ 7  0]
 [ 8  0]
 [ 9  0]
 [10  0]
 [11  0]
 [12  0]
 [13  0]
 [14  0]
 [15  0]]
Ubg < g(x*,p) - tol:
[       inf        inf        inf        inf        inf        inf
        inf        inf        inf        inf        inf        inf
        inf        inf        inf        inf 1.99999999 1.99999999
 1.99999999 1.99999999 1.99999999 1.99999999 1.99999999 1.99999999
 1.99999999 1.99999999 1.99999999 1.99999999 1.99999999 1.99999999
 1.99999999 1.99999999]
for indices:
(array([ 0,  1,  2,  3,  4,  5,  6,  7,  8,  9, 10, 11, 12, 13, 14, 15, 75,
       76, 77, 78, 79, 80, 81, 82, 83, 84, 85, 86, 87, 88, 89, 90]),)",NAN,NAN,NAN,243.07074551698796,243.07059926632144,0.3306855750270188,245.91953255515546,244.29558146605268,1.6239510891027749,4,16,10,4,1,243.07074551698796,243.0707455045633,0.3126211673952639,185.35468340385705,184.23579637194052,1.118887031916529,4,16,10,4,0,246.86843512698462,174.75886182322981,300.00090739399997,24,1000,10,259.8996786125252,171.8186162364867,300.067489,243.07074571604699,161.677467407298,300.529132
o9_ar4_1,236.1384562,-inf,FAILED,"Objective value wrong, with error 1e+50
Lbx > x* for indices:
[[ 0  0]
 [ 1  0]
 [ 2  0]
 [ 3  0]
 [ 4  0]
 [ 5  0]
 [ 6  0]
 [ 7  0]
 [ 8  0]
 [ 9  0]
 [10  0]
 [11  0]
 [12  0]
 [13  0]
 [14  0]
 [15  0]
 [16  0]
 [17  0]]
Ubg < g(x*,p) - tol:
[       inf        inf        inf        inf        inf        inf
        inf        inf        inf        inf        inf        inf
        inf        inf        inf        inf        inf        inf
 1.99999999 1.99999999 1.99999999 1.99999999 1.99999999 1.99999999
 1.99999999 1.99999999 1.99999999 1.99999999 1.99999999 1.99999999
 1.99999999 1.99999999 1.99999999 1.99999999 1.99999999 1.99999999]
for indices:
(array([  0,   1,   2,   3,   4,   5,   6,   7,   8,   9,  10,  11,  12,
        13,  14,  15,  16,  17,  93,  94,  95,  96,  97,  98,  99, 100,
       101, 102, 103, 104, 105, 106, 107, 108, 109, 110]),)",NAN,NAN,NAN,-inf,FAILED,"Objective value wrong, with error 242.81930369971994
Ubg < g(x*,p) - tol:
[1.04691464e-02 3.64157178e-02 1.11114833e-01 3.57150077e-02
 2.02299513e-02 6.58602802e-03 3.45675407e-03 1.17321277e-02
 1.75949429e-03 6.13008586e-03 9.60912498e-04 3.65392092e-04
 3.45674615e-03 1.17321008e-02 7.50000750e-06 7.50000750e-06]
for indices:
(array([  0,   1,   2,   3,   4,   5,  10,  11,  12,  13,  14,  15,  16,
        17, 125, 322]),)",NAN,NAN,NAN,NAN,NAN,NAN,NAN,NAN,-inf,FAILED,"Objective value wrong, with error 0.010743064464688564
Ubg < g(x*,p) - tol:
[1.04691464e-02 3.64157178e-02 1.11114833e-01 3.57150077e-02
 2.02299513e-02 6.58602802e-03 3.45675407e-03 1.17321277e-02
 1.75949429e-03 6.13008586e-03 9.60912498e-04 3.65392092e-04
 3.45674615e-03 1.17321008e-02 7.50000750e-06 7.50000750e-06]
for indices:
(array([  0,   1,   2,   3,   4,   5,  10,  11,  12,  13,  14,  15,  16,
        17, 125, 322]),)",NAN,NAN,NAN,NAN,NAN,NAN,NAN,NAN,275.4121761522772,156.51734994294077,300.000261317,28,1000,40,270.91368956742537,165.7636666781874,300.078268,326.7782467126939,142.7764769632876,300.529255
p_ball_10b_5p_2d_h,18.71857799,18.71857798796891,0,43.877042880281806,17.295459000004417,0,0,18.718577685919676,18.703530237991654,0.3165007699280977,51.45402063522488,20.661268065217882,30.792752570006996,21,84,24,8,20,42.43447781596047,635.0325060697053,0.3080755276605487,1.0259317536838353,0.8601945708505809,0.16573718283325434,2,5,3,2,0,18.718576319602438,0,33.841715952,32,00300,00,18.718578180713536,18.5344884199591,10.807729,18.71857794877038,18.71857794877039,13.482783
p_ball_10b_5p_3d_h,44.00421681,44.00421680539977,0,44.647503049112856,33.032871000009145,0,0,44.004216501016806,43.96490574461082,0.5897679757326841,99.21706468099728,53.47077975934371,45.74628492165357,25,103,29,5,24,62.879101249887356,70520275.89397961,0.5629771603271365,1.2021973780356348,0.9808086548000574,0.22138872323557734,2,4,2,2,0,44.004213613890443,0,182.87172848,69,00660,00,44.004216834856194,43.56423002688099,43.430688,44.0042167291768,44.0042167291768,40.406518
p_ball_10b_5p_4d_h,71.37194798,71.37194798261878,0,99.48988541588187,60.82136499998114,0,0,71.37194764865797,70.17413985765701,0.8962498661130667,307.2823650040664,114.3599623371847,192.92240266688168,44,185,44,5,43,81.3242141027648,81.3242141027648,0.8501467239111662,4.312815237324685,4.04206209955737,0.2707531377673149,2,5,2,2,0,73.072415509688767,0,306.76046521999996,81,210770,00,85.05558474411617,85.05558474411617,3.772208,71.37194791585186,71.01701288368278,86.979239
p_ball_10b_7p_3d_h,109.8032151,-inf,FAILED,"Error in Function::call for 'minlp' [BonminInterface] at .../casadi/core/function.cpp:1432:
Error in Function::call for 'minlp' [BonminInterface] at .../casadi/core/function.cpp:361:
.../casadi/interfaces/bonmin/bonmin_interface.cpp:477: Uncaught error in Bonmin",NAN,NAN,NAN,109.98557772607204,109.98557772607202,1.302166284993291,313.0422541080043,230.59455889789388,82.4476952101104,22,105,85,10,15,121.83082380277558,86487182.64713557,1.2085200008004904,45.73431495996192,36.76485290704295,8.96946205291897,8,36,34,8,0,135.84789643218554,0,311.627797585,46,210420,00,109.80321497888431,107.0327535635457,300.023327,109.8606306102086,65.9012995991837,300.36424700000003
p_ball_15b_5p_2d_h,6.599867696,6.599867694976376,0,124.89110230002552,60.00160400000447,0,0,6.599865800553727,6.599855331432418,0.6607691822573543,91.02938914718106,25.167051238939166,65.8623379082419,25,87,17,3,24,6.599867482215283,96440056.92428723,0.628238302655518,5.813259192742407,5.647620053496212,0.16563913924619555,2,6,3,2,0,6.5998393095566854,0,195.342054492,63,00620,00,6.599867901939383,6.53409185977614,65.19251299999999,6.599866863505827,6.599866863505826,53.704964000000004
p_ball_20b_5p_2d_h,2.437175093,2.437175093345309,0,302.7826840309426,160.43555820500268,0,0,8.079191518448164,0.0,1.0044324737973511,307.301735911984,44.770736650098115,262.5309992618859,37,117,46,7,35,37.37624670518466,131723055.48748823,1.0305656474083662,4.341624089051038,3.8135103662498295,0.5281137228012085,3,10,7,3,0,16.539253782736601,0,300.63190594499997,42,210420,00,2.437175373247801,2.413746883557575,84.592825,2.4371750608897145,2.437175060889714,121.82099699999999
p_ball_20b_5p_3d_h,19.73646908,20.450031333106395,0,302.3840883076191,176.65995755899968,0,0,23.23071459360227,0.0,1.790528155863285,304.33366707572713,97.71112031908706,206.62254675664008,28,83,39,4,27,35.789882092426716,1740.5555842169695,1.7724099750630558,3.312325438950211,3.0172114144079387,0.2951140245422721,2,6,3,2,0,74.333414243075566,0,304.91592427999996,38,210380,00,19.73646908452387,19.13656957917896,300.02444,19.78030878424262,11.05016701451804,300.18368799999996
p_ball_30b_5p_2d_h,0.2916294099,1.9238453413652803,0,303.0605272036046,119.86757276899934,0,0,4.388234447981761,0.0,2.2509191473945975,312.2464491929859,155.17382635129616,157.07262284168974,19,57,22,8,16,47.00858322502849,107606834.76938176,2.192194512113929,25.082658990751952,23.62642952101305,1.4562294697389007,4,16,13,4,0,1.7976931348623157e+308,0,304.223116977,30,10300,00,0.2916294130489854,0.2887599615008103,203.226386,0.29162920318486907,0,300.10026700000003
portfol_buyin,0.02942379989,0.030458864440110835,0,0.02352223079651594,0.026642,0,0,0.02942379478242373,0.02829024469235643,0.06992721278220415,0.0420126561075449,0.02155402535572648,0.02045863075181842,2,3,0,2,1,0.02942379478242373,0.03234844154348517,0.053773895371705294,0.03384133521467447,0.01926628267392516,0.014575052540749311,2,3,0,2,0,0.029423788743197763,0,0.24834576,13,00130,00,0.02942379909635085,0.02942379909635085,0.067983,0.02942379388828878,0.02941772735687954,0.307975
portfol_card,0.03221766181,0.033670834171531994,0,0.028042001649737358,0.034583,0,0,0.032217664503262265,0.03093828811845734,0.02394303632900119,0.04088702332228422,0.021171003114432096,0.019716020207852125,2,3,0,2,1,0.032217664503262265,0.03347304964515014,0.024245277978479862,0.03280668007209897,0.018864208832383156,0.013942471239715815,2,3,0,2,0,0.032217649855338121,0,0.27967957299999996,12,00120,00,0.03221775688933997,0.03221775688933997,0.14350300000000002,0.03221766181280044,0.03221766181280044,0.15306599999999998
portfol_roundlot,0.02829063486,-inf,FAILED,"Objective value wrong, with error 1.7976931348623157e+308
Lbg > g(x*,p) + tol:
[0.04999999 0.99999999]
for indices:
(array([0, 2]),)",NAN,NAN,NAN,0.12755232083718918,0.11999972144133766,0.01895165489986539,0.34235947392880917,0.24918626761063933,0.09317320631816983,11,25,11,3,8,0.15215896989292707,0.15215896989292707,0.01920001721009612,0.4077169098891318,0.29959856159985065,0.10811834828928113,15,18,13,15,0,0.028282207269188921,0,11.530351004,104,001120,00,0.02831937557487735,0.02803612949326505,35.17958,0.02829040103243022,0.0282898038576193,0.083342
prob10,3.445503794,3.4455037943363673,0,0.02547959703952074,0.009125000000000001,0,0,3.4455037882283115,3.4455037882283115,0.010185458231717348,0.024646490812301636,0.0139888902194798,0.010657600592821836,2,3,0,2,1,3.4455037882283115,5.058833021833827,0.010207883082330227,0.021082961931824684,0.0129195605404675,0.008163401391357183,2,3,0,2,0,10.312118485241777,-412.40000000000003,0.07409424499999999,2,0020,00,3.4455037943264295,3.44550379432647,0.017735,3.4455037942913154,3.445503791753168,0.035774999999999994
ravempb,269590.2193,269590.21931546263,0,1.3917142562568188,1.9993889999999959,0,0,269590.2148658474,269590.2148658474,0.1438961261883378,1.02413564408198,0.541438405867666,0.482697238214314,6,10,1,5,2,295020.65262327186,362171.7986452654,0.1370874410495162,0.32699854811653495,0.17468351405113935,0.1523150340653956,3,6,1,3,0,269590.2142466018,268995.55925922666,0.41763161099999996,4,0050,120,269590.21931538254,267406.0925349041,0.154747,269590.21742271655,267888.2800906077,1.6854810000000002
sssd08-04,182022.5703,183200.43553427517,0,1.1299143517389894,0.29023399999998384,0,0,183203.9321566726,183203.89771899013,0.04001665720716119,0.4999870010651648,0.3866374637000263,0.11334953736513853,4,10,0,3,2,183203.9321566726,201201.08901441272,0.04032272286713123,0.13656222401186824,0.09428472630679607,0.042277497705072165,3,7,0,3,0,182431.95640752866,180918.2379271721,0.165781112,3,0000,20,182022.56980973756,180907.5365518331,0.22205799999999998,182022.57009207745,181121.5486019324,8.286369
sssd12-05,281408.6352,282077.3343156276,0,1.850829854607582,0.5324149999999429,0,0,285471.6102182661,285471.6102182661,0.06938653998076916,1.9342716629616916,1.1975107504986227,0.736760912463069,6,22,0,4,4,328612.77507214766,328612.77507214766,0.06650639697909355,0.48091350495815277,0.34734486090019345,0.13356864405795932,4,9,0,4,0,281861.9569395642,281861.9569395642,0.188207805,2,0010,100,282097.19595700764,279770.7176255228,0.35166400000000003,281455.6625698873,257936.9826000329,301.049843
sssd15-04,205054.4585,205054.45853183,0,1.1722976872697473,0.3535249999999991,0,0,206356.27613591964,204645.938242105,0.0697263041511178,1.0427052304148674,0.7176466933451593,0.3250585370697081,5,15,0,3,4,208246.42000445043,208246.42000445043,0.06168486177921295,0.13245025323703885,0.10060227941721678,0.03184797381982207,2,4,0,2,0,205160.96706617996,205160.96706617996,0.1846546,4,0010,70,205325.6927548305,203411.1996127701,0.28061400000000003,205160.9886055506,178925.1546323394,300.954863
sssd15-06,539635.4697,543719.4067432329,0,14.000553541816771,4.222245000000506,0,0,542898.513582693,538752.6171613616,0.12523209489881992,1.61067658290267,1.2603956782259047,0.3502809046767652,5,12,0,5,2,575654.4710035069,845127.5948874622,0.12885231664404273,0.34022932685911655,0.24446219624951482,0.09576713060960174,3,5,0,3,0,544144.66059281945,538881.44741270388,0.552841727,7,0000,200,544201.0776493888,538914.4628263917,0.486627,541956.0337304904,431065.6253676683,300.831991
sssd15-08,562617.8818,567102.9704180829,0,89.67100370209664,30.023867000026044,0,0,573170.7958121093,573170.7958121093,0.24320330703631043,73.47253360413015,69.1128240651451,4.359709538985044,11,43,0,8,6,1909023.5120187595,3182382.403750561,0.239827792160213,0.41116547398269176,0.2999404100701213,0.11122506391257048,3,5,0,3,0,563716.58160456864,563716.58160456864,0.56029425,5,0010,160,567119.9938340462,561933.6710355653,0.514423,563351.5199724408,464422.0836986352,300.58568299999996
sssd16-07,417188.8105,419425.7166526616,0,20.146985115483403,6.32558899999915,0,0,427278.53036194784,425191.0890192764,0.20294295204803348,3.2904755589552224,2.719036664813757,0.5714388941414654,6,23,0,4,4,459612.10119230323,498692.20999170496,0.20219732588157058,0.2244387292303145,0.17805261304602027,0.046386116184294224,2,3,0,2,0,420109.22809275595,416198.84914265422,0.5264771079999999,8,0000,220,420017.6637400005,416149.8445333338,0.47983200000000004,419114.18601613736,348358.6217439463,300.755897
sssd18-06,397992.2951,400946.25602764287,0,3.6738745234906673,1.174680999999942,0,0,401729.62288696575,401729.3274497624,0.17408919613808393,1.283320879098028,0.9145911880768836,0.3687296910211444,5,13,0,5,2,461601.7137451989,696650.3471356971,0.17056870507076383,0.27227920992299914,0.18144751340150833,0.09083169652149081,3,5,0,3,0,400563.99724158098,397336.66696400079,0.5633362949999999,7,0000,100,400468.05253221036,396871.3410549448,0.290636,398253.64877205394,334302.5482378583,300.82584499999996
sssd18-08,832795.5852,839375.5035227027,0,81.51252607163042,28.60468699999484,0,0,848944.9303455686,848944.9303455686,0.3758625406771898,3.9674577061086893,3.0286636287346482,0.9387940773740411,7,25,0,5,4,1527667.1260174096,3691286.144371824,0.37718052230775356,0.5981747373007238,0.4576531732454896,0.1405215640552342,3,5,0,3,0,836744.04551375203,828998.82479460584,1.0745009189999999,11,0000,200,835906.3260222874,832021.2646190661,0.499673,838082.585883481,621957.0445476493,300.668638
sssd20-04,347691.4105,349950.2585020412,0,1.6032228888943791,0.5081449999999619,0,0,348646.4338332801,347395.431189506,0.09282836178317666,1.718271997757256,1.1380991297774017,0.5801728679798543,6,22,0,4,5,360971.51933131006,386296.3103108802,0.08492630673572421,0.11716774897649884,0.08943095430731773,0.02773679466918111,2,2,0,2,0,347859.91725300031,345251.8717522549,0.270554975,6,0000,200,348197.72235463385,345800.6056445187,0.142995,347764.4568928224,288251.0560165598,300.814363
sssd20-08,469619.8376,473489.52904233616,0,31.547398178838193,11.393232999999412,0,0,486490.9709187428,486490.9709187428,0.47583497827872634,19.122015429660678,15.831235657446086,3.2907797722145915,10,40,0,6,6,893869.5219553378,2834279.5208853106,0.45978538831695914,0.44804527098312974,0.32736718747764826,0.12067808350548148,3,6,0,3,0,495914.36613638408,491032.50435680401,0.96472377,11,0000,320,471864.8708821045,468315.4089422042,0.39322,471977.4412435475,394055.8332810526,300.61521799999997
sssd22-08,508713.7312,512070.72121459263,0,27.656262604519725,10.280124000004173,0,0,513919.1881450293,513919.17279307626,0.6184117700904608,11.817540836986154,10.650916764512658,1.1666240724734962,7,29,0,4,6,529986.9026708715,785957.4527233758,0.5973085658624768,3.841633142903447,3.7847984060645103,0.056834736838936806,2,4,0,2,0,510379.42049447575,506673.01830515452,0.788911662,8,0000,80,510986.6851588524,506348.7335211474,0.366981,509076.46992002695,423728.825572877,300.632035
sssd25-04,300176.5637,301302.24121342815,0,2.355125422589481,0.7723989999999388,0,0,300680.87519587704,300296.86716540967,0.13417053315788507,1.5196788758039474,1.1540247527882457,0.36565412301570177,6,22,0,3,5,303467.79264071025,303467.79264071025,0.12075473414734006,0.1343889688141644,0.10237479908391833,0.03201416973024607,2,3,0,2,0,300436.50475513871,298111.56045880372,0.197750499,3,0000,50,300851.5047951455,298117.9641001734,0.32753599999999994,300186.79999719386,237737.4197313735,300.67377300000004
sssd25-08,472093.078,475883.9959524083,0,20.067483165301383,7.403479000000786,0,0,474955.6067711049,472154.07805109106,0.8795467931777239,8.217896456830204,7.294396384153515,0.9235000726766884,7,25,0,4,5,501249.9882213357,589402.3284831344,0.8496857839636505,1.122594885993749,1.0601493981666863,0.06244548782706261,2,4,0,2,0,474794.22261281754,474794.22261281754,0.923976183,6,0010,70,475731.9939019264,471401.2731478016,0.44401799999999997,473677.93910100195,406891.0220941922,300.675203
st_e14,4.579582402,4.579582402486655,0,0.0538052087649703,0.043196,0,0,4.579582373600571,4.579572227171747,0.027174885850399733,0.08841234678402543,0.033931643702089787,0.054480703081935644,5,11,0,3,3,5.579582371286729,5.564873814428035,0.02205286594107747,0.016617385670542717,0.0071693421341478825,0.009448043536394835,2,2,0,2,0,4.5795824024367082,4.5795824024367082,0.014844567,0,0000,20,4.579582402436707,4.53417292810631,0.011966999999999998,4.579582402433536,4.576289805208791,0.026792
stockcycle,119948.6883,119948.68833329527,0,19.067432006821036,10.115750999999495,0,0,130404.80451952858,117916.20281276494,8.962107484228909,301.4508058889769,280.3964973501861,21.054308538790792,36,168,0,5,34,138613.84292365523,141583.4636771308,8.928970943205059,0.2909360737539828,0.15247410396113992,0.13846196979284286,2,5,0,2,0,119948.68833333334,119942.93271126749,0.247166999,3,0000,210,120308.78833333332,119915.8011346171,0.094388,119948.68833333334,118783.8979067506,2.021203
synthes1,6.00975909,6.009758908948444,0,0.04627215676009655,0.032068999999999986,0,0,6.009758726704932,6.009758726704932,0.03081163903698325,0.037101196590811014,0.019026516005396843,0.01807468058541417,3,4,0,2,1,6.009758726704932,5.979502305921679,0.02215481922030449,0.020539776887744665,0.011013596318662167,0.009526180569082499,2,3,0,2,0,6.0097514789467592,6.0097514789467592,0.040000961,2,0000,50,6.009758909098336,6.007766318163435,0.011451000000000001,6.009758838804952,6.009758829814956,0.085769
synthes2,73.03531253,73.03531252510001,0,0.07099804282188416,0.061613000000000036,0,0,73.03531205058363,73.03531205058363,0.01569158025085926,0.12323020584881306,0.05586144654080272,0.06736875930801034,5,10,0,2,4,73.03531205058363,73.03531205058363,0.013063447084277868,0.03137609316036105,0.018005396705120802,0.01337069645524025,2,4,0,2,0,73.035292274450399,73.035289713737924,0.043332636,2,0010,70,73.03613922167362,72.49318991229586,0.01239,73.0411821494638,73.02899111513965,0.019895
synthes3,68.00974052,68.00974052143513,0,0.10000580828636885,0.08456800000000035,0,0,68.00974074385655,67.37121411197847,0.0190075752325356,0.09543539304286242,0.04818481020629406,0.047250582836568356,3,7,0,2,2,68.00974074385655,74.58702172623782,0.016870270017534494,0.04231256293132901,0.02489532670006156,0.017417236231267452,2,4,0,2,0,68.009428025650521,67.553419492595992,0.035086334000000004,1,0000,70,68.06262769178738,67.7043017708817,0.011853999999999998,68.07687883647847,67.87314216634815,0.048523
tls2,5.3,5.299999999999882,0,8.919843752868474,6.120461999999947,0,0,5.299999919921546,5.299999919921546,0.02872332278639078,0.6899332660250366,0.44808847643435,0.24184478959068656,7,21,17,6,2,5.299999917954797,5.312200898175027,0.0260517168790102,0.5112210069783032,0.3632792290300131,0.1479417779482901,6,19,16,6,0,5.2999999999999998,5.2999999999999998,0.062127718000000005,1,0010,100,5.3,5.300000000000001,0.043347000000000004,5.3,5.300000000000001,0.32911900000000005
tls4,8.3,-inf,FAILED,"Objective value wrong, with error 1e+50
Lbx > x* for indices:
[[ 0  0]
 [ 1  0]
 [ 2  0]
 [ 3  0]
 [ 4  0]
 [ 5  0]
 [ 6  0]
 [ 7  0]
 [ 8  0]
 [ 9  0]
 [10  0]
 [11  0]
 [12  0]
 [13  0]
 [14  0]
 [15  0]
 [16  0]
 [17  0]
 [18  0]
 [19  0]]
Lbg > g(x*,p) + tol:
[0.99999999 0.99999999 0.99999999 0.99999999 0.99999999 0.99999999
 0.99999999 0.99999999 0.99999999 0.99999999 0.99999999 0.99999999
 0.99999999 0.99999999 0.99999999 0.99999999 0.99999999 0.99999999
 0.99999999 0.99999999]
for indices:
(array([24, 25, 26, 27, 32, 33, 34, 35, 36, 37, 38, 39, 40, 41, 42, 43, 44,
       45, 46, 47]),)
Ubg < g(x*,p) - tol:
[  11.99999999   10.99999999   15.99999999   14.99999999 1699.99999999
 1699.99999999 1699.99999999 1699.99999999]
for indices:
(array([ 0,  1,  2,  3,  8,  9, 10, 11]),)",NAN,NAN,NAN,8.399999940817006,8.299999159920635,0.1121314843185246,302.43842833442613,209.6448743790388,92.79355395538732,71,333,301,13,58,9.499999945509167,8.419173856672925,0.1009408850222826,300.9516087328084,286.5056380867027,14.445970646105707,27,131,129,27,0,8.3000000000000007,8.2999999999999989,13.862855191000001,13,0010,110,8.3,8.3,6.354499000000001,8.3,8.3,23.536635
tls5,10.3,-inf,FAILED,"Objective value wrong, with error 1e+50
Lbx > x* for indices:
[[ 0  0]
 [ 1  0]
 [ 2  0]
 [ 3  0]
 [ 4  0]
 [ 5  0]
 [ 6  0]
 [ 7  0]
 [ 8  0]
 [ 9  0]
 [10  0]
 [11  0]
 [12  0]
 [13  0]
 [14  0]
 [15  0]
 [16  0]
 [17  0]
 [18  0]
 [19  0]
 [20  0]
 [21  0]
 [22  0]
 [23  0]
 [24  0]
 [25  0]
 [26  0]
 [27  0]
 [28  0]
 [29  0]]
Lbg > g(x*,p) + tol:
[0.99999999 0.99999999 0.99999999 0.99999999 0.99999999 0.99999999
 0.99999999 0.99999999 0.99999999 0.99999999 0.99999999 0.99999999
 0.99999999 0.99999999 0.99999999 0.99999999 0.99999999 0.99999999
 0.99999999 0.99999999 0.99999999 0.99999999 0.99999999 0.99999999
 0.99999999 0.99999999 0.99999999 0.99999999 0.99999999 0.99999999]
for indices:
(array([30, 31, 32, 33, 34, 40, 41, 42, 43, 44, 45, 46, 47, 48, 49, 50, 51,
       52, 53, 54, 55, 56, 57, 58, 59, 60, 61, 62, 63, 64]),)
Ubg < g(x*,p) - tol:
[  16.99999999   10.99999999   19.99999999   10.99999999   13.99999999
 1799.99999999 1799.99999999 1799.99999999 1799.99999999 1799.99999999]
for indices:
(array([ 0,  1,  2,  3,  4, 10, 11, 12, 13, 14]),)",NAN,NAN,NAN,-inf,FAILED,"Objective value wrong, with error 6.421130662141814
Lbg > g(x*,p) + tol:
[1.02795643e-15 1.02795643e-15 1.39778012e-16 2.87557098e-17
 1.39778012e-16 1.39778012e-16 1.02795643e-15 1.02795643e-15]
for indices:
(array([40, 41, 42, 47, 55, 57, 62, 64]),)
Ubg < g(x*,p) - tol:
[5.99999723e+00 2.99999825e+00 3.99999617e+00 1.39778012e-16]
for indices:
(array([ 1,  2,  4, 61]),)",NAN,NAN,NAN,NAN,NAN,NAN,NAN,NAN,-inf,FAILED,"Objective value wrong, with error 0.6802158995777364
Lbg > g(x*,p) + tol:
[1.02795643e-15 1.02795643e-15 1.39778012e-16 2.87557098e-17
 1.39778012e-16 1.39778012e-16 1.02795643e-15 1.02795643e-15]
for indices:
(array([40, 41, 42, 47, 55, 57, 62, 64]),)
Ubg < g(x*,p) - tol:
[5.99999723e+00 2.99999825e+00 3.99999617e+00 1.39778012e-16]
for indices:
(array([ 1,  2,  4, 61]),)",NAN,NAN,NAN,NAN,NAN,NAN,NAN,NAN,10.300000000000001,4.2999999999999998,300.02597721,22,1000,120,10.3,5.100000000000001,300.026436,10.7,6.355721812919227,300.68494499999997
tls6,15.3,-inf,FAILED,"Objective value wrong, with error 1e+50
Lbx > x* for indices:
[[ 0  0]
 [ 1  0]
 [ 2  0]
 [ 3  0]
 [ 4  0]
 [ 5  0]
 [ 6  0]
 [ 7  0]
 [ 8  0]
 [ 9  0]
 [10  0]
 [11  0]
 [12  0]
 [13  0]
 [14  0]
 [15  0]
 [16  0]
 [17  0]
 [18  0]
 [19  0]
 [20  0]
 [21  0]
 [22  0]
 [23  0]
 [24  0]
 [25  0]
 [26  0]
 [27  0]
 [28  0]
 [29  0]
 [30  0]
 [31  0]
 [32  0]
 [33  0]
 [34  0]
 [35  0]
 [36  0]
 [37  0]
 [38  0]
 [39  0]
 [40  0]
 [41  0]]
Lbg > g(x*,p) + tol:
[0.99999999 0.99999999 0.99999999 0.99999999 0.99999999 0.99999999
 0.99999999 0.99999999 0.99999999 0.99999999 0.99999999 0.99999999
 0.99999999 0.99999999 0.99999999 0.99999999 0.99999999 0.99999999
 0.99999999 0.99999999 0.99999999 0.99999999 0.99999999 0.99999999
 0.99999999 0.99999999 0.99999999 0.99999999 0.99999999 0.99999999
 0.99999999 0.99999999 0.99999999 0.99999999 0.99999999 0.99999999
 0.99999999 0.99999999 0.99999999 0.99999999 0.99999999 0.99999999]
for indices:
(array([36, 37, 38, 39, 40, 41, 48, 49, 50, 51, 52, 53, 54, 55, 56, 57, 58,
       59, 60, 61, 62, 63, 64, 65, 66, 67, 68, 69, 70, 71, 72, 73, 74, 75,
       76, 77, 78, 79, 80, 81, 82, 83]),)
Ubg < g(x*,p) - tol:
[  13.99999999   21.99999999   17.99999999   12.99999999   19.99999999
   21.99999999 2099.99999999 2099.99999999 2099.99999999 2099.99999999
 2099.99999999 2099.99999999]
for indices:
(array([ 0,  1,  2,  3,  4,  5, 12, 13, 14, 15, 16, 17]),)",NAN,NAN,NAN,-inf,FAILED,"Integer infeasible: [] (array([], dtype=int64),)",NAN,NAN,NAN,NAN,NAN,NAN,NAN,NAN,-inf,FAILED,"Objective value wrong, with error 4.2593096068517236
Lbg > g(x*,p) + tol:
[1.02795643e-15 2.87557098e-17 2.87557098e-17 1.02795643e-15
 1.02795643e-15 2.87557098e-17 2.87557098e-17 1.39778012e-16
 1.02795643e-15 1.39778012e-16 1.02795643e-15]
for indices:
(array([50, 52, 56, 57, 58, 62, 64, 65, 74, 80, 83]),)
Ubg < g(x*,p) - tol:
[7.99999483e+00 1.99999883e+00 7.99999650e+00 3.99999475e+00
 3.99999650e+00 1.19999965e+01 1.52388111e-14 1.52388111e-14
 1.39778012e-16 1.39778012e-16 9.69512258e-14 4.54368774e-14
 1.02795643e-15 1.39778012e-16 1.39778012e-16]
for indices:
(array([ 0,  1,  2,  3,  4,  5, 59, 61, 63, 66, 67, 69, 71, 75, 81]),)",NAN,NAN,NAN,NAN,NAN,NAN,NAN,NAN,15.300000000000001,6.3000000000000007,300.036074772,23,1000,170,15.3,5.300000000000001,300.03294,17.1,8.230576534351183,300.35920400000003
