name,primalbound,cvx_sbmiqp.obj,cvx_sbmiqp.dual_obj,cvx_sbmiqp.load_time,cvx_sbmiqp.calc_time,cvx_sbmiqp.solver_time,cvx_sbmiqp.python_time,cvx_sbmiqp.iter_nr,cvx_sbmiqp.NLP_runs,cvx_sbmiqp.FNLP_runs,cvx_sbmiqp.MIQP_runs,cvx_sbmiqp.MILP_runs,cvx_sbmiqp_new.obj,cvx_sbmiqp_new.dual_obj,cvx_sbmiqp_new.load_time,cvx_sbmiqp_new.calc_time,cvx_sbmiqp_new.iter_nr,cvx_sbmiqp_new.NLP_runs,cvx_sbmiqp_new.FNLP_runs,cvx_sbmiqp_new.MIQP_runs,cvx_sbmiqp_new.MILP_runs,cvx_sbmiqp_ee.obj,cvx_sbmiqp_ee.dual_obj,cvx_sbmiqp_ee.load_time,cvx_sbmiqp_ee.calc_time,cvx_sbmiqp_ee.solver_time,cvx_sbmiqp_ee.python_time,cvx_sbmiqp_ee.iter_nr,cvx_sbmiqp_ee.NLP_runs,cvx_sbmiqp_ee.FNLP_runs,cvx_sbmiqp_ee.MIQP_runs,cvx_sbmiqp_ee.MILP_runs,cvx_sbmiqp_ee_new.obj,cvx_sbmiqp_ee_new.dual_obj,cvx_sbmiqp_ee_new.load_time,cvx_sbmiqp_ee_new.calc_time,cvx_sbmiqp_ee_new.iter_nr,cvx_sbmiqp_ee_new.NLP_runs,cvx_sbmiqp_ee_new.FNLP_runs,cvx_sbmiqp_ee_new.MIQP_runs,cvx_sbmiqp_ee_new.MILP_runs
batch,285506.5082,285506.50498104404,285506.50498104404,7.189810276031494e-07,0.4699595030397177,0.302721691,0.5193232404999435,4,5,0,4,1,285506.50498104404,285506.50498104404,7.060589268803596e-07,0.08278367901220918,2,5,0,2,1,323742.1273360562,335985.8715431979,8.00006091594696e-07,0.21562274591997266,0.22443500000000002,0.26867160433903337,3,4,0,3,0,285506.50498104404,286459.2951516146,6.42961822450161e-07,0.07486360298935324,2,5,0,2,0
batch0812,2687026.784,2836593.013029522,2836593.013029522,0.18140439596027136,1.7679459396749735,0.465489201,1.4521023659035563,4,6,1,4,2,2961407.4273775765,2961407.4273775765,0.11027249891776592,0.3167521950090304,3,5,1,3,2,2836593.013029522,2863756.982863471,0.17999801877886057,0.41650615679100156,0.449071698,0.5358339697122574,3,4,1,3,0,2998471.357097623,2998471.357097623,0.10951659397687763,0.15589837299194187,2,3,1,2,0
batchdes,167427.6571,178545.1945508755,178545.1945508755,0.019710963126271963,0.04856261005625129,0.041248,0.041545506566762924,2,2,0,2,1,167427.65337972456,167427.65337972456,0.025561493006534874,0.022043601027689874,2,2,0,2,1,178545.1945508755,178545.1945508755,0.018846325110644102,0.03717364417389035,0.029405,0.04177785664796829,2,2,0,2,0,167427.65337972456,167427.65337972456,0.02479142404627055,0.022916891030035913,2,2,0,2,0
clay0203hfsg,41573.26252,41737.46030954705,41324.4706626026,0.10409788461402059,2.8831754345446825,1.3990658609999993,4.661657698918134,6,18,12,6,2,41573.26250379671,41391.52593116289,0.1156544890254736,2.161400048993528,7,22,13,4,5,41907.460309547285,41907.460309547285,0.10254668490961194,1.4135364079847932,1.1576011769999996,2.6920677572488785,5,14,11,5,0,55423.052804170744,750730522.2421725,0.11872682196553797,0.6948241230566055,3,7,5,3,0
clay0204hfsg,6545.0,6544.999962872769,6544.952545000583,0.2706393823027611,2.712933570612222,2.528911345999995,3.181094768922776,3,10,5,3,1,6544.999962762632,6544.947290002779,0.22460116795264184,4.998209089972079,2,6,3,2,1,6544.999962872769,6544.999962762632,0.26802515424788,2.277656459249556,2.2167803699999937,3.15271044196561,3,10,5,3,0,6544.999962762632,6544.999962762632,0.2247275080299005,4.72234835207928,2,6,3,2,0
clay0205hfsg,8092.5,8092.499956870159,8084.932002042369,0.653822879306972,4.9299842971377075,5.628079221,2.4550519823096693,2,5,0,2,1,8092.499956870298,8084.94950936269,0.42686476605013013,64.47162748593837,3,7,2,2,1,8092.499956870159,8092.499956870352,0.6455421010032296,2.64894749969244,3.416044774,2.451124823652208,2,5,0,2,0,8092.499956870298,8084.9595975739385,0.4164986138930544,61.20650552108418,2,6,1,2,0
clay0303hfsg,26669.10957,26669.109551317826,26669.105709558935,0.13043805118650198,5.903026186861098,1.7335983119999996,14.083608514629304,8,27,20,8,2,26669.10955098333,26669.055101342103,0.17781597806606442,3.160041516064666,6,24,21,5,2,41709.76921886916,41709.76921886916,0.12778775207698345,1.942643434740603,1.2991818300000002,3.7804963192902505,5,18,16,5,0,26669.10955098333,2614782425.4252706,0.1754301149630919,2.4722740409197286,5,20,18,5,0
clay0304hfsg,40262.38753,40262.38749701286,39909.90074489518,0.32645201310515404,19.285216215997934,4.04320541,38.60596935497597,10,35,27,9,4,40262.387497012896,39890.10313237732,0.30031986394897103,15.150335340062156,12,47,35,8,7,40262.38749701294,40262.38749701294,0.3184790019877255,4.324257295113057,2.569740577000001,10.889141269493848,6,22,20,6,0,62419.222849262864,62419.222849262864,0.30062283005099744,6.319607508950867,6,26,24,6,0
clay0305hfsg,8092.5,8092.499956870221,8084.9311040508965,0.7482464234344661,5.39808409428224,6.02828988,3.0000593084841967,2,5,0,2,1,8092.499956697877,8092.439801022633,0.5514782769605517,147.9020518109901,6,19,4,4,3,8092.499956870221,8092.499956870221,0.753346404992044,3.168704017996788,3.902577462000001,3.002778648864478,2,5,0,2,0,8278.470519327599,8278.470519327599,0.5399069449631497,64.23651344294194,2,6,0,2,0
cvxnonsep_normcon20,-21.74914736,-21.7491473846331,-21.82222547389317,0.02014411985874176,0.02966607641428709,0.026441,0.03699237387627363,2,2,0,2,0,-21.7491473846331,-21.82222547389317,0.05031034105923027,0.02305444295052439,2,2,0,2,1,-21.7491473846331,-21.82222547389317,0.020260858815163374,0.02940978202968836,0.026913,0.037162101827561855,2,2,0,2,0,-21.7491473846331,-21.669409092067102,0.04418464901391417,0.017175466986373067,2,2,0,2,0
cvxnonsep_normcon30,-34.24396574,-34.13938525609633,-34.428749859066556,0.018439479637891054,12.47714383341372,1.945225859000001,544.1234435276128,113,235,70,84,30,-34.22751206702149,-34.428749859066556,0.03472512704320252,0.025346762035042048,2,2,0,2,1,-33.9875120670215,-34.281348953713525,0.018009780906140804,13.6528454371728,1.488159856,677.3597219865769,131,255,115,131,0,-34.22751206702149,-32.7669404636857,0.03224218892864883,0.02031271392479539,2,2,0,2,0
cvxnonsep_normcon40,-32.62966972,-32.572757262433726,-32.88554272835089,0.02521307487040758,81.30444187298417,11.201780239000001,7040.51437164424,269,674,268,160,109,-32.6296697474825,-32.88554272835089,0.053593819960951805,0.03141613595653325,2,2,0,2,1,-32.436652102541586,-32.72391527109604,0.024968954734504223,32.08319917693734,3.4348903630000014,2354.6720339409076,203,336,181,203,0,-32.6296697474825,-31.16321875870223,0.05203045008238405,0.02587267104536295,2,2,0,2,0
cvxnonsep_nsig20,80.94929546,80.9492946574176,80.81583433225808,0.01775754289701581,0.028763712383806705,0.025623,0.03815847774967551,2,2,0,2,0,80.94929465741761,80.81583433225809,0.0304642430273816,0.022472204989753664,2,2,0,2,1,80.9492946574176,80.81583433225808,0.01558287302032113,0.027592533268034458,0.024429,0.03612376609817147,2,2,0,2,0,80.94929465741761,80.95523279747957,0.029304311028681695,0.017664350918494165,2,2,0,2,0
cvxnonsep_nsig20r,80.94929546,80.94927862502492,80.81581789826072,0.01923468802124262,0.03605974605306983,0.024665,0.03942383173853159,2,2,0,2,0,81.49159484565594,80.81581789826072,0.020399869070388377,0.12435593106783926,5,11,0,5,0,80.94927862502492,80.81581789826072,0.01807633088901639,0.035134981386363506,0.024179,0.03847826179116964,2,2,0,2,0,92.54757175177032,97.27747523667497,0.01944052299950272,0.023477651993744075,2,2,0,2,0
cvxnonsep_nsig30,130.6287126,130.65033700034454,130.47997176012416,0.018207678105682135,0.0319439647719264,0.040887,0.04234067443758249,2,2,0,2,0,130.65033700034454,130.47997176012422,0.046454033930785954,0.02499722398351878,2,2,0,2,0,130.65033700034454,130.47997176012416,0.017193270847201347,0.030334123875945807,0.037869,0.04025151487439871,2,2,0,2,0,130.65033700034454,130.64601883099738,0.044934610021300614,0.024515183991752565,2,2,0,2,0
cvxnonsep_nsig30r,156.4266874,156.4266167111624,156.2343211644331,0.026910108979791403,0.041585979983210564,0.031808,0.042990030720829964,2,2,0,2,0,157.24837347429536,156.2343211644331,0.030796956969425082,0.16479029890615493,5,7,1,5,0,156.4266167111624,156.2343211644331,0.025638851802796125,0.04031715402379632,0.030515999999999998,0.04146046284586191,2,2,0,2,0,160.91797524260537,166.44320793431703,0.029843405005522072,0.08655941998586059,3,5,1,3,0
cvxnonsep_nsig40,133.9613305,133.96132894832803,133.74494901551313,0.025003897957503796,0.0337666398845613,0.053259,0.046521729324012995,2,2,0,2,0,133.96132894832803,133.74494901551313,0.08245428500231355,0.035525606013834476,2,2,0,2,1,133.96132894832803,133.74494901551313,0.023931408766657114,0.03252417175099254,0.049517000000000005,0.044701522681862116,2,2,0,2,0,133.96132894832803,134.18791320377318,0.0770411629928276,0.03067843208555132,2,2,0,2,0
cvxnonsep_nsig40r,133.9613305,133.96126813632867,133.74488859965595,0.03857826115563512,0.1507907109335065,0.056039,0.13998714927583933,2,2,0,2,0,134.61160703345774,133.74488859965595,0.045061897952109575,0.2637464969884604,4,10,1,4,0,133.96126813632867,133.74488859965595,0.034926146268844604,0.10591564606875181,0.028953,0.10575984744355083,2,2,0,2,0,134.61160703345774,135.62324084958578,0.04385992290917784,0.25759061705321074,4,10,1,4,0
cvxnonsep_pcon20,-21.5123012,-21.469437905707228,-21.629610239291956,0.016441859304904938,0.03346706088632345,0.029219,0.04551889235153794,2,2,0,2,0,-21.469437905707228,-21.629610239291953,0.026070195948705077,0.02071525389328599,2,2,0,2,0,-21.469437905707228,-21.629610239291956,0.021260377950966358,0.029257501009851694,0.023803,0.04139711754396558,2,2,0,2,0,-21.469437905707228,-21.434820032615363,0.02502758102491498,0.01982306595891714,2,2,0,2,0
cvxnonsep_pcon20r,-21.5123012,-21.46943786371748,-21.62961019921222,0.02543917577713728,0.037135057151317596,0.028615,0.04136843141168356,2,2,0,2,0,-21.46943786371748,-21.62961019921222,0.02265013800933957,0.021855700993910432,2,2,0,2,0,-21.46943786371748,-21.62961019921222,0.023265257943421602,0.036926780827343464,0.029231999999999998,0.04001546651124954,2,2,0,2,0,-21.46943786371748,-21.4348205714153,0.022194754099473357,0.020916122943162918,2,2,0,2,0
enpro48pb,187277.2594,-inf,FAILED,CRASH,NAN,NAN,NAN,NAN,NAN,NAN,NAN,NAN,187277.25576055518,187276.73472848444,0.23774471797514707,1.274151504971087,5,7,0,4,2,-inf,FAILED,CRASH,NAN,NAN,NAN,NAN,NAN,NAN,NAN,NAN,204714.02209977858,203510.1773529891,0.23951028496958315,0.26975228905212134,2,3,0,2,0
enpro56pb,263428.301,263428.29664209305,263427.9016778617,7.222406566143036e-07,7.715176979079843,4.256803265,12.239536290057003,6,13,1,6,2,263428.29664171406,262632.70460130344,0.18297245702706277,2.455990853952244,5,8,1,5,1,269933.0657796926,280468.44571369374,6.710179150104523e-07,1.8139907037839293,2.112439676,2.3170040319673717,3,6,1,3,0,272990.69544238894,285411.59864639025,0.19395985291339457,0.8017004819121212,4,5,1,4,0
ex1223,4.579582402,4.579582373600571,4.579582373600571,0.019506721291691065,0.256831306964159,0.13440000000000002,0.5238045905716717,6,11,0,6,4,4.579582373600571,4.579582373600571,0.02048030204605311,0.08109278499614447,6,11,0,3,4,5.579582371286729,5.55385887581957,0.018868776969611645,0.03185467794537544,0.024291,0.0369433187879622,2,2,0,2,0,5.579582371286729,5.564873814428035,0.020512228016741574,0.014772954978980124,2,2,0,2,0
ex1223b,4.579582402,4.57958237379399,4.57958237379399,0.011561820283532143,0.2701991959474981,0.14870999999999998,0.6108696316368878,6,12,0,6,5,4.57958237379399,4.57958237379399,0.010230493964627385,0.0797813480021432,6,12,0,2,5,4.57958237379399,5.711852820055359,0.011410593055188656,0.03953220462426543,0.037925,0.04111527744680643,2,3,0,2,0,4.57958237379399,5.807081099309983,0.010064108995720744,0.017849409952759743,2,3,0,2,0
fac1,160912612.4,160912612.2935292,160912612.2935292,0.017534539103507996,1.472875607199967,0.91374130200031,1.4804026167839766,2,3,1,2,1,160912612.2935292,160912612.2935292,0.015066205989569426,1.6575218109646812,2,3,1,2,1,160912612.2935292,160912612.2935292,0.01481663715094328,1.5021838210523129,0.9541779370000905,1.5136138955131173,2,3,1,2,0,160912612.2935292,160912612.2935292,0.015035603079013526,1.5642744660144672,2,3,1,2,0
fac2,331837498.2,331837497.8380618,329739765.28796196,0.03128268476575613,0.07592068705707788,0.153449,0.08866522647440434,2,2,0,2,1,331837497.8380618,329739765.28796196,0.037592323031276464,0.04598601802717894,2,2,0,2,1,331837497.8380618,331837497.8380618,0.030997854191809893,0.06610771594569087,0.128222,0.08915955340489745,2,2,0,2,0,331837497.8380618,331837497.8380618,0.03781154204625636,0.0404534850968048,2,2,0,2,0
flay02h,37.94733192,37.94733186289341,37.94733188293823,0.03536497289314866,0.19303400721400976,0.10775628,0.15080149099230766,3,4,0,3,1,37.94733186289341,37.94733188293823,0.023988818982616067,0.05437747295945883,3,5,0,2,1,37.94733186289341,37.94733188293823,0.02898319298401475,0.1539519289508462,0.10271899999999999,0.15420758351683617,3,4,0,3,0,37.94733186289341,37.94733188293823,0.023959717946127057,0.053232636069878936,3,5,0,3,0
flay02m,37.94733192,37.947331824571066,37.947331804570084,0.013774592895060778,0.07896714378148317,0.050005,0.09529012022539973,3,4,0,3,1,37.947331804570084,37.9473259170314,0.01193528005387634,0.027064724010415375,3,3,0,2,1,37.947331824571066,37.947331804570084,0.012675764970481396,0.06482268776744604,0.04177,0.09520381782203913,3,4,0,3,0,37.947331804570084,37.947331824571044,0.011675080982968211,0.025993756018579006,3,3,0,3,0
flay03h,48.98979486,48.98979484026368,48.82645082922572,0.10278632584959269,3.009279055055231,1.1914031710000001,5.346568176988512,7,18,0,5,3,48.989794840066864,48.82641344035217,0.06409140105824918,0.7839374949689955,6,21,0,2,4,48.9897948403279,48.98979487314513,0.10427529085427523,0.402612472884357,0.577727914,0.5146269658580422,3,7,0,3,0,48.98979483484526,48.98979487314283,0.06421829806640744,0.344676316017285,3,9,0,3,0
flay03m,48.98979486,48.98979473356545,48.82649386029541,0.01992072816938162,0.6373794400133193,0.5411078859999999,1.6646398482844234,7,18,0,5,3,48.98979474823483,48.826488205963315,0.019945634994655848,0.32108937995508313,7,24,0,2,5,48.98979474823521,48.98979470823197,0.02605965407565236,0.11764085991308093,0.18213200000000002,0.14737949008122087,3,5,0,3,0,48.98979473356556,48.98979474823483,0.023727567051537335,0.0831340909935534,3,7,0,3,0
flay04h,54.40588204,54.405882041029,54.08162570617696,0.3489477187395096,10.306748732924461,7.019124956,26.145320697687566,8,24,0,7,4,54.40588204041725,53.917037819333004,0.17725589906331152,8.726699129096232,8,28,0,3,6,54.4166667054779,54.41666667870853,0.35096775693818927,1.162039206828922,1.3978204829999998,1.4574743155390024,3,8,0,3,0,54.41666667858699,54.41666669964576,0.18428654503077269,3.5927598170237616,3,8,0,3,0
flay04m,54.40588203,54.40588191752401,54.17138805275064,0.03413925599306822,3.5850504278205335,2.851444686000001,12.867903165519238,10,35,0,7,5,54.40588190069831,53.95845936598879,0.033498654956929386,2.2741095951059833,8,33,0,2,6,54.405881916095026,54.4058818952045,0.033034997060894966,0.4232672839425504,0.8522721310000001,0.5196730098687112,3,10,0,3,0,54.40588189680154,54.40588191425124,0.03311167994979769,0.7704028469743207,3,9,0,3,0
flay05h,64.49806199,64.49806204036643,64.20531859852211,0.9206690001301467,212.5947667323053,197.07000271799993,702.1205649739131,12,44,0,8,6,64.49806202194262,63.940512914931276,0.3990652849897742,256.708835448022,11,44,0,2,9,64.49806206402187,64.4980620272829,0.887529952917248,3.109106090851128,3.4213496789999995,1.969874978531152,3,9,0,3,0,64.4980620343172,64.49806211483586,0.38962082809302956,55.1306683140574,3,10,0,3,0
flay05m,64.49806199,64.49806186383984,64.14629879565996,0.05617998307570815,62.57981351716444,60.220231143999996,184.2499288492836,12,52,0,8,6,64.49806185553828,63.940453447989896,0.05283674201928079,55.94584377598949,11,49,0,2,9,64.49806177897882,64.49806185899081,0.05063107004389167,0.6480459040030837,1.0568496719999998,0.5540868360549212,3,9,0,3,0,64.49806177897813,64.49806185899081,0.05050539691001177,1.8633656749734655,3,11,0,3,0
flay06h,66.93280212,66.9328021853548,65.7373557925838,2.151920283678919,301.86680896254256,297.263148253,599.5339297992177,7,26,0,5,3,66.93280218646217,64.82850570352379,0.7874045670032501,300.0744365910068,6,24,0,2,4,66.93280217977812,66.93280232578522,2.069628458004445,13.482928918208927,13.737125743,8.992108119651675,3,9,0,3,0,66.93280218485576,66.93280226737888,0.7676833099685609,84.48377916694153,3,11,0,3,0
flay06m,66.93280212,66.93280196783981,66.4165027339914,0.09508364414796233,300.5395285761915,297.450754622,852.1736353668384,10,46,0,7,5,66.93280199011811,65.19059469966722,0.0836066190386191,300.1542919969652,8,35,0,2,6,66.9328018852667,66.93280199748492,0.08884427510201931,8.66669562086463,8.843747259,3.369489274919033,3,11,0,3,0,66.93280192257495,66.932801979326,0.08608538808766752,62.79293058300391,3,11,0,3,0
fo7,20.72982507,20.729824746608614,20.722207204928623,0.16653085267171264,84.47541284421459,79.01925662699999,145.82721481192857,7,24,16,6,3,20.729824741593095,20.729530978207148,0.16510119510348886,87.76933851395734,5,21,17,4,2,20.729824746608614,20.729824746608614,0.1684753568843007,6.899756245780736,6.267974239999998,13.868331503588706,4,15,13,4,0,20.729824741593095,20.729824741593095,0.16602050699293613,67.56179128400981,4,16,12,4,0
fo7_2,17.74934573,17.749345444272787,17.74911577178347,0.16941164806485176,54.795788989868015,49.081354363,63.24865928478539,6,20,14,6,4,17.749345432133822,17.744829682278656,0.17100364004727453,95.176940650912,6,25,19,2,5,17.749345444272787,17.749345444272787,0.16684025106951594,3.1191577948629856,3.459397913,2.8129738103598356,2,6,3,2,0,17.749345432133822,17.749345432133822,0.17489426594693214,60.501725497073494,2,6,4,2,0
fo7_ar25_1,23.0935676,23.093567311312718,22.894723830512536,0.20678954431787133,24.936058982275426,20.771915674000002,40.954068458639085,5,16,8,5,3,23.09356731010353,23.093462598997746,0.2103661720175296,121.15146829292644,6,25,10,5,3,23.122502270867862,23.122502270867862,0.2049996261484921,4.262799578718841,4.477157266000002,4.018699960317463,2,6,4,2,0,23.121014847376102,23.121014847376102,0.2119146839249879,71.05486151191872,4,16,10,4,0
fo7_ar2_1,24.83984707,24.8504232613786,24.822011659741072,0.2149703288450837,22.126700981985778,19.700337405,20.467739465180784,4,16,8,4,2,24.850423269233694,24.826288135375886,0.20841068704612553,77.43640301399864,3,11,0,3,2,25.105821631847178,25.10582163456536,0.1979961753822863,6.256498499773443,5.984216248000002,8.099892715923488,3,11,8,3,0,24.9575751958442,24.957575204549308,0.20780075003858656,60.204891212051734,2,6,0,2,0
fo7_ar3_1,22.51747101,22.51747052363853,22.513554763323924,0.210268828086555,65.62874236376956,60.488125079,74.77331822738051,5,20,7,5,4,22.5174705281721,22.336810969632687,0.21088045393116772,95.93227902194485,4,15,4,3,3,22.51747053600675,22.51747052363853,0.19864803738892078,5.404524155892432,5.688009041999997,5.160158013459295,2,6,2,2,0,22.833306732973277,22.833306717461536,0.21745109895709902,60.20297771098558,2,6,0,2,0
fo7_ar4_1,20.72982507,20.72982471380289,20.549026938350558,0.20904485927894711,42.598557238001376,38.028046998,55.80441017728299,5,18,11,5,3,20.72982469192612,20.59343740934645,0.2088927950244397,87.3018827229971,5,18,10,3,3,22.39245843449524,22.39245843449524,0.1971934251487255,6.936612769961357,7.187387642,6.669114138931036,2,6,3,2,0,20.72982469192612,20.72982469192612,0.2119096809765324,67.45454275910743,3,11,7,3,0
fo7_ar5_1,17.74932941,17.749329045518934,17.7490602808329,0.21599913807585835,33.48504372127354,29.227640289999997,45.47968461364508,5,16,6,5,3,17.749329045518934,17.749112022588353,0.21844364702701569,90.77749398897868,5,20,9,4,3,17.74932903205996,17.749329045518934,0.22096990887075663,5.903562104329467,5.995737000000001,5.643717261962593,2,6,0,2,0,19.622865513521642,19.622865513521642,0.20878454693593085,60.35689980292227,2,6,2,2,0
fo8,22.38189652,22.381896345237756,22.379742936615198,0.26609576866030693,157.31861402001232,150.09375116700002,186.13802825752646,6,23,13,5,3,22.381896235265852,22.376966853398688,0.2617679249960929,155.37806068907958,5,20,13,3,4,23.91005328187738,23.91005328187738,0.2578730988316238,10.212826048023999,10.574455118000001,9.620227118488401,2,6,2,2,0,23.91005316042935,23.91005316042935,0.26678892003837973,60.853448240086436,2,6,3,2,0
fo8_ar25_1,28.0451814,28.045181231336482,28.007466136226387,0.3237215462140739,209.15773257706314,203.84081196,222.3263611649163,5,21,16,4,2,28.158554487580794,27.95584377826356,0.3158871289342642,207.28611473704223,5,17,8,4,3,28.045181232991617,28.045181232991617,0.32655525440350175,91.2634215541184,88.253973027,188.20398717420176,5,20,17,5,0,57.43960122083227,63.88450276394097,0.313706956920214,18.80039474798832,2,2,0,2,0
fo8_ar2_1,30.34061042,30.345435072242452,30.34016324571883,0.3255331115797162,245.60710051003844,239.01591470799997,234.68634370621294,5,18,7,5,3,30.34543494972666,30.345434727595478,0.3201770590385422,300.2325091100065,6,24,6,5,5,30.804159503700415,30.804159507905574,0.3312915130518377,14.562644299119711,15.131567066999997,14.459895694162697,2,6,2,2,0,38.809749049234846,39.410799464606434,0.3186775119975209,1.1669072449440137,2,6,1,2,0
fo8_ar3_1,23.91005347,23.9100533546735,23.910052721166018,0.3345278580673039,26.999560500029474,27.338667116000003,20.068245675880462,2,6,1,2,1,23.910053350822118,23.906318355438028,0.32136849500238895,175.92149341700133,5,21,12,5,2,23.9100533546735,23.9100533546735,0.3258689697831869,20.18129943823442,20.672729579,20.07550568226725,2,6,1,2,0,30.66287207103362,33.156593731456994,0.32702346704900265,120.909171161009,4,16,12,4,0
fo8_ar4_1,22.38189652,22.38189640821778,22.3818892442158,0.3277968899346888,48.91348056308925,47.495168487000015,46.02795720426366,3,11,4,3,2,22.38189641954304,22.38186768245396,0.3223688759608194,101.94442174502183,4,16,11,4,1,23.910053346676335,23.910053341152675,0.3277522148564458,19.551789690740407,19.984692099000007,19.452873304951936,2,6,2,2,0,22.38189641954304,43.46855707491823,0.3182106630410999,94.89411278197076,4,16,11,4,0
fo8_ar5_1,22.38189652,22.381896421533547,22.38189583567586,0.32909352891147137,125.43567527318373,121.82704065300001,128.87833098415285,4,13,4,4,3,22.381896417177355,22.381287882463464,0.32157568901311606,131.16466427699197,4,14,10,4,2,23.910053340539125,23.910053340539125,0.3247910952195525,22.857672079931945,23.257669000000003,22.746662116609514,2,5,0,2,0,34.40276358636025,51.573501080729244,0.32550394407007843,63.64132570801303,3,9,7,3,0
fo9,23.46428571,23.46428552344947,23.464285514004153,0.4002727121114731,178.4199266238138,169.42428622900002,268.1361763626337,5,17,12,5,3,23.464285506715104,23.46424538966847,0.3876344379968941,222.76337384793442,4,16,7,4,2,24.00549419465908,24.00549419465908,0.3939424869604409,28.77520989300683,29.032162752999994,28.08418432576582,2,6,3,2,0,28.351648014676787,28.351648117185867,0.3833391360240057,75.57232400996145,3,11,7,3,0
fo9_ar25_1,32.18643105,32.24999995113162,32.24999993403837,0.5053961602970958,304.1492672669701,297.416621464,395.0750743849203,4,14,5,4,2,32.2499999498652,32.249999944647946,0.46867363806813955,300.24845275701955,5,21,10,5,2,32.37499994716477,32.37499995283958,0.4960803762078285,94.15120475413278,93.00777398499999,148.71241442346945,3,10,4,3,0,32.679487135571,33.173555630273114,0.46319171297363937,182.5522359389579,4,16,10,4,0
fo9_ar2_1,32.625,32.62499994703201,32.62499995701692,0.5059549449943006,304.1294364868663,298.175372906,510.9764032657258,4,10,2,4,2,32.62499994174257,32.624999809338306,0.48085380089469254,300.2215839190176,4,16,7,4,3,32.62499994703201,32.624999957016925,0.5056572379544377,58.765009506139904,58.790986000000004,58.0917010596022,2,5,0,2,0,34.999999905292576,34.99999990548863,0.47026050300337374,60.48829041910358,2,6,0,2,0
fo9_ar3_1,24.81547619,24.815476131722832,24.814315833865198,0.5056907720863819,54.25060498807579,53.501086148,32.35162514774129,2,6,3,2,1,24.81547610789238,24.812740876894658,0.478567008045502,183.45863044506405,4,16,9,3,3,24.815476131722832,24.815476131722832,0.5070726429112256,32.74191246274859,32.601761242,32.0771710164845,2,6,3,2,0,32.852272687377415,32.852272687377415,0.47239277500193566,61.02730529208202,2,6,4,2,0
fo9_ar4_1,23.46428571,23.464285645841986,23.46281710197648,0.5130505440756679,189.4524533539079,185.926971914,140.71335764415562,3,10,2,3,2,23.464285603501924,23.463145242601158,0.47489667497575283,173.24290877301246,3,11,1,3,2,24.430719801395345,24.430719801395345,0.504086044151336,41.408957274165004,41.394845999999994,40.74241327540949,2,5,1,2,0,30.11538455102743,30.11538455102743,0.46771423891186714,60.425833141896874,2,6,0,2,0
fo9_ar5_1,23.46428571,23.464285605362225,23.464285605362225,0.5059363231994212,305.52355375001207,293.24270670399994,603.5539058963768,5,16,8,5,3,23.46428564458532,25.405365506820367,0.47505253995768726,245.19760105700698,5,21,11,4,2,24.85846145601734,24.85846145601734,0.5109338080510497,38.40865173563361,38.38164141700001,37.74666014360264,2,5,3,2,0,25.794299839947357,34.77063358029033,0.47569829307030886,122.16877780493814,3,11,9,3,0
gear2,2.700857149e-12,1.3811436508962303e-06,5.21215564152541e-15,0.02564644906669855,0.08691545110195875,0.16633299999999998,0.07751265820115805,2,6,0,2,1,2.727279702363975e-05,5.21215564152541e-15,0.039043936994858086,0.04098892002366483,2,6,0,2,1,1.3811436508962303e-06,3.3429067971753844e-05,0.023834855295717716,0.07617775164544582,0.15266599999999997,0.07783105224370956,2,6,0,2,0,2.727279702363975e-05,0.0002453180861144051,0.036036521079950035,0.034731128020212054,2,6,0,2,0
gear3,2.700857149e-12,2.72645059771712e-08,2.72645059771712e-08,0.012808953877538443,0.050109467934817076,0.058425000000000005,0.047095663379877806,2,4,0,2,1,2.72645059771712e-08,2.72645059771712e-08,0.009546959889121354,0.023386878077872097,2,4,0,2,1,2.72645059771712e-08,2.6399792310885495e-05,0.011818759143352509,0.04340232303366065,0.04970000000000001,0.04782828176394105,2,4,0,2,0,2.72645059771712e-08,2.6399792310885495e-05,0.009174328064545989,0.019281576038338244,2,4,0,2,0
jit1,173983.33,173982.61006293277,173345.3768308797,0.017748016864061356,0.05080373911187053,0.114318,0.052287566009908915,2,3,0,2,0,173982.61006293277,173345.3768308797,0.017023032996803522,0.02458750200457871,2,3,0,2,0,173982.61006293277,173345.3768308797,0.018318910151720047,0.05574784614145756,0.10383400000000001,0.056565212085843086,2,3,0,2,0,173982.61006293277,173345.3768308797,0.01741137297358364,0.026574291987344623,2,3,0,2,0
m3,37.8,37.79999956991859,37.79999956991859,0.02310568792745471,0.1939444518648088,0.519312,0.11930937226861715,2,5,0,2,1,37.79999956991859,37.79995944000002,0.0261729599442333,0.09245744999498129,2,4,0,2,1,37.79999956991859,37.79999956991859,0.02532222867012024,0.1548761297017336,0.45906,0.11943150497972965,2,5,0,2,0,37.79999956991859,37.79999956991859,0.02747496694792062,0.06830418191384524,2,4,0,2,0
m6,82.25687691,82.28551760784383,82.25687691365584,0.10384646290913224,0.7171421209350228,0.8752066079999999,0.33249141182750463,2,4,0,2,1,82.25687581000712,82.25662956913098,0.10991676605772227,4.274624724057503,3,8,1,2,2,82.28551760784383,82.28551760784383,0.10238254396244884,0.5079623130150139,0.7646611539999999,0.335037006996572,2,4,0,2,0,82.25687581000712,82.25687581000712,0.10846673604100943,3.898747426108457,2,5,1,2,0
m7,106.7568769,106.75687555085169,106.75687507553873,0.16488178679719567,2.626548167783767,2.036131341,1.7867657630704343,3,8,1,3,2,106.75687555085169,106.75671918188483,0.18241113692056388,61.338507941924036,3,10,0,2,2,106.75687555085169,106.75687555085169,0.16575069120153785,0.7030857158824801,1.017343088,0.43309755017980933,2,5,0,2,0,106.75687555085169,106.75687555085169,0.1717564109712839,60.32437738100998,2,6,0,2,0
m7_ar25_1,143.585,143.5849968326451,143.58466296878208,0.20730545790866017,1.1927785510197282,1.13650021,0.49841045029461384,2,5,0,2,1,143.5849968326451,143.5843781475395,0.2215232290327549,10.128649362944998,2,6,0,2,1,143.5849968326451,143.58499691440977,0.20632405998185277,0.713127673137933,0.9470299999999998,0.46079244557768106,2,5,0,2,0,143.5849968326451,143.58499682907168,0.21592897991649806,9.799203008995391,2,6,0,2,0
m7_ar2_1,190.235,190.23499648570214,190.23499317228107,0.20599500695243478,5.507310955785215,4.61638999,2.879743249155581,3,5,1,3,2,190.23499652432238,190.23465126040136,0.21614233602304012,8.841357839060947,3,9,1,2,2,190.23499652432238,190.23499652432238,0.20670862821862102,1.0449206363409758,1.2079900000000001,0.8038517874665558,2,2,0,2,0,190.23499652431252,190.23499648570214,0.22944776294752955,6.36801993905101,2,6,0,2,0
m7_ar3_1,143.585,143.58499675835276,143.58499675835276,0.20710860285907984,326.45306806312874,14.926321066000002,4687.796917555854,46,118,92,25,23,143.5849968234994,143.58472356922198,0.21514703892171383,164.07036030699965,85,272,167,2,84,168.03795648233663,168.03795648233663,0.20622392371296883,1.2128472570329905,1.6322302419999999,0.9552147998474538,2,6,4,2,0,143.5849968231801,143.5849968234994,0.22733014996629208,55.86546593206003,2,6,0,2,0
m7_ar4_1,106.7568769,106.75687596541079,106.7563999999987,0.23142332816496491,2.450649267062545,2.4442720409999996,1.0302881873212755,2,6,2,2,1,106.75687596509893,106.7563211999998,0.22044858511071652,60.54552841396071,2,6,0,2,1,106.75687596541079,106.75687596472984,0.20721199503168464,1.2057546800933778,1.575560022,0.9580681696534157,2,6,2,2,0,106.75687596509893,106.75687596509893,0.21496681601274759,60.23972289997619,2,6,0,2,0
m7_ar5_1,106.4600058,106.4600047411874,106.45999915478257,0.20896449266001582,7.07806271314621,5.981190083,5.775775135494769,3,11,3,3,2,106.46000474087647,106.45992118925238,0.225148021010682,62.573460963903926,3,9,2,2,2,106.46000474068518,106.4600047411874,0.21098760096356273,1.7380935125984251,2.0892612919999998,1.4918361571617424,2,6,1,2,0,106.46000474087647,106.46000474087647,0.21881641703657806,60.221820855047554,2,6,0,2,0
no7_ar25_1,107.8153083,107.81530521596736,107.81140336388393,0.21013633394613862,63.702484427951276,63.00366025300001,39.73811676213518,3,11,5,3,1,107.86948984866845,107.80258998311876,0.21684459201060236,48.837479465059005,3,11,5,3,1,107.81530521596736,107.81530521596736,0.2078806501813233,25.969013013876975,25.750701890000002,39.36019098339602,3,11,5,3,0,107.86948984866845,107.86948984866845,0.21623546502087265,26.13410272495821,3,11,5,3,0
no7_ar2_1,107.8153083,107.81530513262845,107.8153050270901,0.21207102993503213,17.467612186912447,17.455705622,6.727705019060522,2,6,0,2,1,107.86632249422674,107.79953277323038,0.21759111294522882,15.60015521897003,2,6,1,2,1,107.81530513262845,107.81530513262845,0.20770647702738643,6.930473379790783,7.154641000000001,6.6686132699251175,2,6,0,2,0,107.86632249422674,107.86632249652422,0.21090916299726814,9.68703548994381,2,6,1,2,0
no7_ar3_1,107.8153083,107.81530513262736,107.41389630032002,0.2131090983748436,132.26436179457232,129.83308280800003,127.5568991038017,4,15,10,4,2,107.81530521581657,107.61962662427466,0.21724361297674477,286.94890641397797,6,22,13,6,2,111.2464713518303,111.2464713518303,0.2064424050040543,35.27834450174123,35.020217374,51.83721906878054,3,11,9,3,0,109.39752361432642,129.68551067111764,0.22106999007519335,151.33695252297912,5,17,13,5,0
no7_ar4_1,98.51840218,98.7442012214068,98.0175791744952,0.2096521770581603,159.80108377384022,153.250410667,326.3391909888014,7,27,21,6,2,98.74420121890667,97.97780651070607,0.22611559100914747,214.05245742795523,6,24,19,3,5,98.88346249616097,98.88346249616097,0.20803738804534078,57.846365141216666,56.138386816,126.58205216098577,5,21,15,5,0,116.33906490308496,116.33906490308496,0.2153007610468194,3.8284813510254025,2,6,2,2,0
no7_ar5_1,90.62267488,90.62267376591774,90.59551534904499,0.21228533703833818,301.9011249858886,288.30102410099994,667.1151875546202,9,30,21,8,4,90.62267375262,90.59356564793255,0.220838229986839,185.4225911720423,7,30,16,4,5,101.95009531061119,101.95009531061119,0.20815140567719936,11.026929873041809,11.34191815,10.491101956926286,2,6,4,2,0,133.69626837750252,133.69626837750252,0.2110786649864167,10.168419262976386,2,6,4,2,0
nvs20,230.9221652,230.92216293970984,229.7077380220426,0.02896463591605425,0.16725076222792268,0.30822099999999997,0.26250063348561525,4,9,0,4,3,230.92216293970984,229.7077380220426,0.038442534976638854,0.0783411959419027,4,9,0,2,3,230.92216293970984,270.5135798912582,0.01908290386199951,0.04287979332730174,0.06655900000000001,0.04603301268070936,2,3,0,2,0,230.92216293970984,270.5135798912582,0.03533791902009398,0.024671346065588295,2,3,0,2,0
o7,131.6531381,-inf,FAILED,"Objective value wrong, with error 9.182449718561086
Ubg < g(x*,p) - tol:
[4.99878736e-02 1.47358262e-02 3.98723244e-02 1.56374688e-01
 9.37723491e-01 8.92527946e-01 4.16976983e-02 2.76890001e-02
 7.83044626e-03 5.25548980e-03 7.83068316e-03 5.25564847e-03
 3.86813381e-06]
for indices:
(array([  0,   1,   2,   3,   4,   5,   6,   7,   8,   9,  12,  13, 200]),)",NAN,NAN,NAN,NAN,NAN,NAN,NAN,NAN,137.93183743739672,123.07176619126865,0.17300579405855387,300.088611460058,6,26,24,5,2,-inf,FAILED,"Ubg < g(x*,p) - tol:
[0.00604084 0.02171277 0.00063906 0.00136204 0.09586101 0.0445095
 0.21757828 0.29211532 0.0011431  0.00433264 0.1246501  0.0425857
 0.0011431  0.00433264]
for indices:
(array([ 0,  1,  2,  3,  4,  5,  6,  7,  8,  9, 10, 11, 12, 13]),)",NAN,NAN,NAN,NAN,NAN,NAN,NAN,NAN,137.93183743739672,137.93183743739672,0.16739532898645848,189.0002111410722,5,21,19,5,0
o7_2,116.9459316,124.03107430990612,106.90764599066944,0.1702097998932004,300.83943212404847,298.607773618,420.88871263246983,5,18,14,5,1,116.94593022681978,116.94593019603143,0.1819050629856065,300.25618379202206,6,26,19,5,3,124.03107430990612,124.03107434506282,0.16852069087326527,108.73558691609651,108.147135737,166.06427291966975,4,14,10,4,0,139.43196621245878,139.4319662225591,0.17749218398239464,149.87097984401044,4,16,12,4,0
o7_ar25_1,140.4119583,140.4119572932655,139.88332816572068,0.2108884546905756,256.2083012522198,255.21766203599998,180.13533146306872,3,10,6,3,2,140.41195730587,139.89697249461435,0.21882772899698466,288.7086200170452,4,16,6,4,3,140.4119572932655,140.4119572932655,0.2102376907132566,50.88034313265234,51.310740396000014,50.56500138761476,2,6,4,2,0,147.51799766092728,147.51799766092728,0.21540559502318501,16.594395283027552,2,6,2,2,0
o7_ar2_1,140.4119583,140.41195730154567,140.4119578468877,0.21049495367333293,146.04785124817863,145.260988554,118.09540682751685,3,11,2,3,2,140.41195724887217,140.41185561711444,0.21972734504379332,97.18343475903384,3,10,2,2,2,140.4119573047369,140.41195731502478,0.21071884408593178,35.448016182053834,35.658762497,35.187365885358304,2,6,0,2,0,140.41195730602442,140.4119572998933,0.21451300696935505,12.304572217050008,2,6,0,2,0
o7_ar3_1,137.931839,-inf,FAILED,"Objective value wrong, with error 130.3216022372435
Ubg < g(x*,p) - tol:
[5.90136533e-01 5.97133511e-01 1.23677156e-01 1.85261659e-01
 1.11967509e-01 1.47268825e-01 4.95227059e-03 1.33880445e-02
 1.21496879e-05 3.38351074e-06 2.86468972e-01 4.30698761e-01
 4.11061467e-05 9.98330025e-03 4.11061467e-05 4.06767643e-07
 9.98470701e-03 9.98470701e-03]
for indices:
(array([  2,   3,   4,   5,   6,   7,   8,   9,  10,  11,  12,  13,  49,
       140, 230, 232, 251, 268]),)",NAN,NAN,NAN,NAN,NAN,NAN,NAN,NAN,137.93183763134712,137.93183763144057,0.2193139080191031,300.20614610402845,6,22,13,6,2,-inf,FAILED,"Ubg < g(x*,p) - tol:
[5.90136533e-01 5.97133511e-01 1.23677156e-01 1.85261659e-01
 1.11967509e-01 1.47268825e-01 4.95227059e-03 1.33880445e-02
 1.21496879e-05 3.38351074e-06 2.86468972e-01 4.30698761e-01
 4.11061467e-05 9.98330025e-03 4.11061467e-05 4.06767643e-07
 9.98470701e-03 9.98470701e-03]
for indices:
(array([  2,   3,   4,   5,   6,   7,   8,   9,  10,  11,  12,  13,  49,
       140, 230, 232, 251, 268]),)",NAN,NAN,NAN,NAN,NAN,NAN,NAN,NAN,138.86489124721373,146.45428880570827,0.21611432498320937,183.32189200690482,5,17,12,5,0
o7_ar4_1,131.6531381,-inf,FAILED,"Ubg < g(x*,p) - tol:
[7.58911451e-01 4.02306162e-01 3.05287358e-01 6.26611465e-01
 1.66901751e-01 5.70612561e-02 9.73255811e-01 5.71779506e-01
 1.39999700e-05 2.75000188e-06]
for indices:
(array([ 0,  1,  2,  3,  4,  5,  6,  7, 10, 11]),)",NAN,NAN,NAN,NAN,NAN,NAN,NAN,NAN,145.51091046869536,128.97505818930438,0.22765977401286364,300.0854278320912,6,26,23,2,5,-inf,FAILED,"Ubg < g(x*,p) - tol:
[5.05314503e-02 1.03556455e-01 6.84674897e-06 3.02628453e-05
 1.17003580e-01 1.06624702e-01 1.42288233e-01 1.35962044e-01
 1.42288236e-01 1.35962047e-01 1.42290109e-01 1.35963922e-01]
for indices:
(array([ 0,  1,  2,  3,  6,  7,  8,  9, 10, 11, 12, 13]),)",NAN,NAN,NAN,NAN,NAN,NAN,NAN,NAN,145.51091046869536,145.51091046869536,0.22177360602654517,9.246899929014035,2,6,3,2,0
o7_ar5_1,116.9458471,-inf,FAILED,"Ubg < g(x*,p) - tol:
[2.78927288e-04 5.56236687e-05 1.25822587e-03 5.45182360e-03
 9.20283769e-01 3.67123283e-01 3.44559638e-01 7.48238924e-01
 2.06871199e-04 4.05730002e-05 1.42614720e+00 1.62690702e+00
 5.85296745e-07 3.96217806e-07 2.72842000e-05 5.85296744e-07
 5.85296744e-07 5.85296745e-07]
for indices:
(array([  2,   3,   4,   5,   6,   7,   8,   9,  10,  11,  12,  13,  21,
        61,  69,  73, 106, 121]),)",NAN,NAN,NAN,NAN,NAN,NAN,NAN,NAN,116.94584550239168,115.2857675311352,0.222014767001383,300.0423558540642,6,23,18,4,3,-inf,FAILED,"Ubg < g(x*,p) - tol:
[9.24389730e-01 4.08958353e-01 9.24499345e-01 4.08999943e-01
 1.43273745e-01 2.20388451e-01 5.30670266e-01 9.77587473e-01
 4.05903782e-05 3.21870013e-07 3.82038603e-05 4.05903782e-05
 3.58153743e-05 2.86880311e-05]
for indices:
(array([  2,   3,   4,   5,   8,   9,  12,  13,  37,  70, 118, 186, 221,
       261]),)",NAN,NAN,NAN,NAN,NAN,NAN,NAN,NAN,116.94584550239168,146.64890320696952,0.21285502100363374,122.09772857301868,4,13,11,4,0
o8_ar4_1,243.0707486,247.67235805044837,216.7219066054399,0.3406314221210778,300.1441457592882,300.5421987,150.62708078604192,2,6,3,2,1,-inf,FAILED,"Objective value wrong, with error 254.54580440650955
Ubg < g(x*,p) - tol:
[2.95409896e-03 7.66974036e-04 8.11902771e-05 1.96733107e-05
 7.30737205e-01 1.11211267e+00 3.23616352e-01 1.70047866e-01
 3.24079765e-01 1.38641326e-01 2.40021834e-01 1.13394176e-01
 5.53689203e-02 1.22972936e-01 9.99999983e-07 9.99999994e-07
 9.99999970e-07 9.99999967e-07 9.99999999e-07 1.30183651e-14
 5.78713753e-14 8.79951760e-15 1.02795643e-15 1.59049450e-14
 5.16541264e-14 6.32004458e-14 1.91613485e-15 9.99999968e-07
 8.13338379e-15 9.96157610e-14 4.01078069e-14 3.30023795e-14
 7.74113005e-14 9.99999865e-07 6.35702695e-15 9.90974063e-15
 3.38905580e-14 1.70151680e-14 3.30023795e-14 9.99999919e-07
 5.43186616e-14 5.78713753e-14 5.78713753e-14 6.32004458e-14
 1.09385724e-13 2.05678817e-14 5.07659479e-14 2.80431327e-15
 9.98722260e-07 3.76653162e-14 2.58969522e-14 6.49768027e-14
 9.99999853e-07 9.99999919e-07 1.16860975e-14 9.99999933e-07
 8.09640142e-14]
for indices:
(array([  0,   1,   2,   3,   4,   5,   8,   9,  10,  11,  12,  13,  14,
        15,  23,  25,  35,  54,  57,  59,  71,  80,  81,  96, 110, 119,
       139, 142, 148, 149, 162, 172, 174, 190, 192, 196, 197, 199, 218,
       222, 227, 236, 242, 247, 260, 265, 274, 280, 286, 287, 299, 315,
       322, 333, 336, 341, 343]),)",NAN,NAN,NAN,NAN,NAN,NAN,247.67235805044837,247.67235805044837,0.34120280388742685,151.87511175777763,152.34764063700004,150.6519256993197,2,6,3,2,0,-inf,FAILED,"Objective value wrong, with error 0.004311763362264604
Ubg < g(x*,p) - tol:
[2.95409896e-03 7.66974036e-04 8.11902771e-05 1.96733107e-05
 7.30737205e-01 1.11211267e+00 3.23616352e-01 1.70047866e-01
 3.24079765e-01 1.38641326e-01 2.40021834e-01 1.13394176e-01
 5.53689203e-02 1.22972936e-01 9.99999983e-07 9.99999994e-07
 9.99999970e-07 9.99999967e-07 9.99999999e-07 1.30183651e-14
 5.78713753e-14 8.79951760e-15 1.02795643e-15 1.59049450e-14
 5.16541264e-14 6.32004458e-14 1.91613485e-15 9.99999968e-07
 8.13338379e-15 9.96157610e-14 4.01078069e-14 3.30023795e-14
 7.74113005e-14 9.99999865e-07 6.35702695e-15 9.90974063e-15
 3.38905580e-14 1.70151680e-14 3.30023795e-14 9.99999919e-07
 5.43186616e-14 5.78713753e-14 5.78713753e-14 6.32004458e-14
 1.09385724e-13 2.05678817e-14 5.07659479e-14 2.80431327e-15
 9.98722260e-07 3.76653162e-14 2.58969522e-14 6.49768027e-14
 9.99999853e-07 9.99999919e-07 1.16860975e-14 9.99999933e-07
 8.09640142e-14]
for indices:
(array([  0,   1,   2,   3,   4,   5,   8,   9,  10,  11,  12,  13,  14,
        15,  23,  25,  35,  54,  57,  59,  71,  80,  81,  96, 110, 119,
       139, 142, 148, 149, 162, 172, 174, 190, 192, 196, 197, 199, 218,
       222, 227, 236, 242, 247, 260, 265, 274, 280, 286, 287, 299, 315,
       322, 333, 336, 341, 343]),)",NAN,NAN,NAN,NAN,NAN,NAN
o9_ar4_1,236.1384562,-inf,FAILED,"Objective value wrong, with error 227.2346467806073
Ubg < g(x*,p) - tol:
[9.86015008e-03 3.44348024e-02 8.31823836e-01 4.61368229e-01
 2.64176232e-04 1.03949484e-03 7.84809867e-01 6.88054456e-01
 1.34987684e+00 1.34994492e+00 7.04713268e-02 2.53058773e-02
 7.72746883e-01 6.79743566e-01 2.29236487e-07 1.40000150e-05
 2.29236483e-07]
for indices:
(array([  0,   1,   4,   5,   6,   7,  10,  11,  12,  13,  14,  15,  16,
        17,  54, 233, 278]),)",NAN,NAN,NAN,NAN,NAN,NAN,NAN,NAN,275.0823034504373,257.94752873116664,0.491291823098436,300.0539380579721,5,21,18,4,2,-inf,FAILED,"Ubg < g(x*,p) - tol:
[9.86015008e-03 3.44348024e-02 8.31823836e-01 4.61368229e-01
 2.64176232e-04 1.03949484e-03 7.84809867e-01 6.88054456e-01
 1.34987684e+00 1.34994492e+00 7.04713268e-02 2.53058773e-02
 7.72746883e-01 6.79743566e-01 2.29236487e-07 1.40000150e-05
 2.29236483e-07]
for indices:
(array([  0,   1,   4,   5,   6,   7,  10,  11,  12,  13,  14,  15,  16,
        17,  54, 233, 278]),)",NAN,NAN,NAN,NAN,NAN,NAN,NAN,NAN,275.0823034504373,275.0823034507421,0.4732846609549597,188.71187146403827,4,16,13,4,0
p_ball_10b_5p_2d_h,18.71857799,18.718577687693454,18.646280936110184,0.3282631812617183,111.74293558299541,7.069821963,624.7736893342808,23,58,20,17,9,18.718577687693454,18.645993179845,0.3069202860351652,31.848240588908084,22,82,31,6,21,18.759492848706937,18.759492848706937,0.321270820684731,41.37590361805633,2.679911712,170.68468451872468,16,34,13,16,0,42.43447781596047,2495.6898963605445,0.29578445001970977,1.3288251409539953,2,5,3,2,0
p_ball_10b_5p_3d_h,44.00421681,44.004216501016806,44.00420647728475,0.5958142699673772,280.6109071946703,25.719746268999998,2423.5101287621073,30,104,26,17,13,44.004216501016806,44.00418831900796,0.4445149200037122,74.24215780210216,27,102,15,3,26,44.004216501016806,44.004216501016806,0.5864925519563258,117.63044454995543,10.272851583000001,576.6141869924031,20,58,19,20,0,44.72152687140022,126391484.7084657,0.4325425080023706,3.0191962990211323,2,6,3,2,0
p_ball_10b_5p_4d_h,71.37194798,71.51757097975754,60.79656056269409,0.9178272229619324,323.5582727440633,32.407626337,2193.731242418755,26,104,48,14,12,71.37194764865797,71.37194773608397,0.5751541069475934,307.75340269401204,45,173,54,5,44,71.51757097975754,71.51757097975754,0.8704251311719418,220.85663485666737,20.714744126000006,1143.7228694432415,22,69,30,22,0,79.40856889114974,82832519.99547823,0.5545933629618958,10.313963726046495,2,6,4,2,0
p_ball_10b_7p_3d_h,109.8032151,112.5475729178763,56.29778519749024,1.2431361549533904,302.97057815175503,52.85914534500001,1250.430634520948,20,64,52,16,5,109.98557772415381,109.98557772415381,0.785219770972617,302.45635785907507,25,101,68,7,21,113.78252552846158,113.78252546546693,1.260340906213969,230.2056977772154,85.654652304,912.0450412272476,17,59,52,17,0,118.0562026899639,118.0562026899639,0.7505325849633664,36.09830597101245,5,21,19,5,0
p_ball_15b_5p_2d_h,6.599867696,6.599865573918999,6.337099203608521,0.6496589323505759,312.1041607661173,17.860792225999997,2756.148889414966,31,80,17,17,14,6.599865805524462,6.59970103288021,0.5767917179036885,65.17173077003099,29,94,20,3,28,6.59986748355395,6.59986748355395,0.6541793677024543,118.97905244072899,5.090761218999999,579.158146197442,20,35,14,20,0,7.327582617611853,8400.499675633402,0.5365867200307548,9.063762762001716,2,6,3,2,0
p_ball_20b_5p_2d_h,2.437175093,10.888346168961936,0.0,1.0778606729581952,316.7446045121178,8.901212767999997,2018.5995842907578,26,54,34,14,12,6.938000693164946,0.0,0.8653609550092369,306.5734991559293,52,172,77,10,48,9.686953396953506,0.0,1.0755196893587708,321.9170590871945,6.529714182999999,1935.5233079595491,26,36,25,26,0,37.37624670518466,57667339.003057644,0.8086669950280339,3.888810900039971,3,9,5,3,0
p_ball_20b_5p_3d_h,19.73646908,25.50082854545972,0.0,1.8864900297485292,313.5210006060079,14.599944019999992,1218.978924129624,22,57,35,21,1,20.612142571013678,1.4979588212045964,1.2590419430052862,321.24365335702896,53,178,83,4,51,38.8928948393168,0.0,1.8886169879697263,333.09983961330727,12.615636483999996,1376.2941560093313,23,44,36,23,0,24.65563085073893,38087659.83981327,1.1699906189460307,17.890566763002425,3,11,7,3,0
p_ball_30b_5p_2d_h,0.2916294099,7.84493755666616,0.0,2.4076726911589503,321.73324164096266,8.369413138000002,1162.688128927257,22,41,15,14,8,9.96065666382267,0.0,1.6220944949891418,301.55566343897954,32,106,54,10,28,4.388234447981367,5.417888360170764e-14,2.2864293358288705,344.5317300450988,8.150469292000002,1263.2516314676031,23,32,20,23,0,19.70822483635488,122327267215.89394,1.5699904990615323,86.22196258290205,5,21,15,5,0
portfol_buyin,0.02942379989,0.03045885654931061,0.02829024469235643,0.06594336405396461,0.042703238781541586,0.038872000000000004,0.0447102771140635,2,2,0,2,0,0.02942379478242373,0.028290244692356428,0.19553238502703607,0.06384653400164098,2,3,0,2,1,0.03045885654931061,0.02829024469235643,0.06039202865213156,0.04300560196861625,0.040397,0.044148247223347425,2,2,0,2,0,0.02942379478242373,0.03347902308481672,0.17187880200799555,0.05450429697521031,2,3,0,2,0
portfol_card,0.03221766181,0.03968433597748165,0.03093828811845734,0.026964083313941956,0.05339635303243995,0.05032,0.0545083899050951,2,3,0,2,0,0.032217664503262265,0.03093828811845734,0.13923744892235845,0.06051147298421711,2,3,0,2,1,0.03968433597748165,0.03265877712148643,0.027357820887118578,0.051507612224668264,0.047832000000000006,0.053541273809969425,2,3,0,2,0,0.032217664503262265,0.03347278755158332,0.13259010994806886,0.05126007192302495,2,3,0,2,0
portfol_roundlot,0.02829063486,-inf,FAILED,"Lbg > g(x*,p) + tol:
[3.04578645e-02 9.90000000e+04]
for indices:
(array([1, 3]),)
Ubg < g(x*,p) - tol:
[999.999999 999.999999 999.999999 999.999999 999.999999 999.999999
 999.999999]
for indices:
(array([ 4,  5,  6,  7,  8,  9, 10]),)",NAN,NAN,NAN,NAN,NAN,NAN,NAN,NAN,0.13581240104830247,0.13581240104830247,0.12865850306116045,4.866274271975271,43,121,73,4,40,-inf,FAILED,"Error in Function::call for 'benders_constraint_0' [MXFunction] at .../casadi/core/function.cpp:1458:
Error in Function::call for 'benders_constraint_0' [MXFunction] at .../casadi/core/function.cpp:362:
Error in Function::operator() for 'benders_constraint_0_qpsol' [GurobiInterface] at .../casadi/core/function.cpp:1539:
.../casadi/interfaces/gurobi/gurobi_interface.cpp:371: Assertion ""!flag"" failed:
Element 0 of a double array is Nan or Inf.",NAN,NAN,NAN,NAN,NAN,NAN,NAN,NAN,0.15215896989292704,0.15215896989292704,0.12201300100423396,1.2195649649947882,22,25,20,22,0
prob10,3.445503794,3.4455037882283115,3.4455037882283115,0.017268083058297634,0.05024248082190752,0.025559000000000005,0.06349488953128457,2,3,0,2,1,3.4455037882283115,3.4455037882283115,0.025936519959941506,0.02617887791711837,2,3,0,2,1,3.4455037882283115,5.058833021833472,0.10120859928429127,0.04288683878257871,0.019163000000000003,0.06241639191284776,2,3,0,2,0,3.4455037882283115,5.058833021833827,0.022397371008992195,0.020080372923985124,2,3,0,2,0
ravempb,269590.2193,269590.2148658474,268126.99798464845,0.1588348289951682,5.54021830111742,2.7310958179999996,12.090081771835685,6,13,5,5,3,269590.2148658474,268012.4723835932,0.127726101083681,0.632603383040987,5,11,2,3,3,269590.2148658474,269590.2148658474,0.15197347989305854,1.562083221040666,1.7039338639999997,1.7134400187060237,3,7,3,3,0,408185.7476037521,482269.8297135248,0.11400242208037525,0.14010502502787858,2,3,1,2,0
sssd08-04,182022.5703,183078.7807917836,183078.7807917836,0.048689514864236116,1.1128096268512309,1.5018555280000003,1.3751538749784231,5,16,0,5,3,182429.4007104114,182429.4007104114,0.04737258795648813,0.4688399320002645,4,13,0,4,2,203282.75537879742,203282.75537879742,0.04312937706708908,0.26211832324042916,1.010012,0.27914606779813766,3,6,0,3,0,203282.75537879742,203123.24298521035,0.0628631409490481,0.09058465191628784,2,3,0,2,0
sssd12-05,281408.6352,283776.8489546579,283776.8489546579,0.07765048230066895,3.355684878770262,2.8134293129999994,6.03251692187041,7,23,0,7,3,284813.21332350577,284813.21332350577,0.08116683305706829,2.245104486006312,7,27,0,4,5,308879.22980721237,308879.22980721237,0.07236621296033263,0.4192867409437895,0.9112158929999999,0.5489499843679368,3,10,0,3,0,297461.8503904987,303120.53693646984,0.07778962806332856,0.27492344297934324,3,7,0,3,0
sssd15-04,205054.4585,206655.48005892552,204959.37629146385,0.07310891430824995,1.6156813059933484,1.6782359570000005,3.351562222931534,6,18,0,6,3,205160.9670841025,205120.91883973143,0.07517935102805495,0.797581675928086,5,18,0,3,4,208844.24894348416,208844.24894348416,0.06698446813970804,0.20898836106061935,0.565011,0.1983578996732831,2,4,0,2,0,208844.24894348416,208844.24894348416,0.07218963699415326,0.12123616994358599,2,3,0,2,0
sssd15-06,539635.4697,540078.355968095,540078.355968095,0.15051741199567914,2.9318229760974646,2.7752839230000004,5.701296431943774,7,22,0,7,3,550589.8792964717,547091.0240900626,0.15810933301690966,1.330101390951313,5,17,0,4,3,624230.8179685622,624230.8179685622,0.14515011617913842,0.7063859291374683,1.1548381319999996,1.1542270323261619,4,11,0,4,0,569702.5619496532,845127.5948874622,0.14362920098938048,0.26705936703365296,3,8,0,3,0
sssd15-08,562617.8818,571052.0756145642,571052.0756145642,0.3526618951000273,9.529193661175668,9.114797571,15.72731701657176,7,23,0,7,3,582285.0427675139,578019.1031370021,0.2862240500980988,82.01683108601719,9,31,0,8,4,687691.949988223,687691.949988223,0.2978351451456547,0.6010847608558834,1.0919767580000002,0.7897422523237765,3,10,0,3,0,1920795.1036566214,3193285.306107027,0.28724640398286283,0.6731446720659733,3,5,0,3,0
sssd16-07,417188.8105,422534.4953501371,422534.4953501371,0.23093786602839828,6.812904786784202,6.451459415,10.034760328009725,7,24,0,7,3,430659.23017758306,430658.88123137935,0.23791488294955343,2.409452295047231,6,23,0,3,5,434070.58663592837,434070.58663592837,0.23878637608140707,1.8176854248158634,2.1484580510000004,4.376161598600447,5,14,0,5,0,459612.10119230323,499361.9731529108,0.2331026189494878,0.36549865605775267,2,3,0,2,0
sssd18-06,397992.2951,399180.9995318399,399180.9995318399,0.19142838986590505,8.009960433002561,7.878545182000001,13.302808746229857,7,24,0,7,3,398454.3718719499,398454.3718719499,0.2056555369636044,1.654866329045035,6,15,0,5,3,445695.9521749801,445695.9521749801,0.20701158791780472,0.5020771268755198,1.075288188,0.5476463958621025,3,10,0,3,0,527794.6422604995,696650.3471356971,0.19971248495858163,0.18122012994717807,3,3,0,3,0
sssd18-08,832795.5852,842892.9424938629,842892.8258674345,0.441735097207129,3.719266125932336,3.4300266769999994,6.988583805505186,6,24,0,6,3,840013.7897069036,838842.7154616205,0.42639631498605013,5.490761821973138,6,19,0,5,3,1042959.5294026469,1042959.5294026469,0.4615339678712189,0.6236572228372097,1.1520832369999998,0.7113151880912483,3,11,0,3,0,1441203.5842738224,3690525.3049361594,0.4228888429934159,0.3262437330558896,3,4,0,3,0
sssd20-04,347691.4105,348677.5739481058,347017.98858811025,0.09690057905390859,2.2648731591179967,2.425104926,5.092513076029718,6,18,0,6,3,348200.3911329234,347745.94995813177,0.11260345298796892,2.2028162840288132,7,22,0,5,5,351153.11483436776,351153.11483436776,0.10472949035465717,0.2471466762945056,0.6749449999999999,0.2301758392713964,2,6,0,2,0,360971.51933131006,504097.896662873,0.10640763491392136,0.13743542891461402,2,2,0,2,0
sssd20-08,469619.8376,474289.20552889485,471154.5595424563,0.5821545110084116,6.11848056782037,5.670533836,17.028847123496234,8,27,0,8,2,472673.28739188815,472673.28739188815,0.5419312919257209,3.2346733029698953,7,18,0,7,2,490795.98594477854,490795.98594477854,0.598324281629175,2.730943155940622,3.048811674,8.69937862502411,6,21,0,6,0,1791155.1860896903,2809433.6191773773,0.5370124110486358,0.6423405730165541,3,3,0,3,0
sssd22-08,508713.7312,513763.89842629706,513763.624564753,0.7754622949287295,7.446983023080975,6.378356388,23.470550033263862,9,30,0,9,3,511945.72069435316,511945.72069435316,0.6962076990166679,5.896526894066483,8,28,0,8,3,527149.9898463573,527149.9898463573,0.7937737079337239,2.868154493160546,2.990805172000001,8.299623365048319,6,23,0,6,0,1417211.2762818723,1733321.2317693376,0.6867861669743434,0.5325909979874268,3,4,0,3,0
sssd25-04,300176.5637,300907.4059248325,300667.0877174012,0.14593382086604834,3.153205924667418,3.207237682,5.3183341128751636,7,20,0,7,4,300720.94915349205,299970.290594381,0.15904816100373864,1.4969497510464862,6,18,0,4,4,307071.7443586585,307071.7443586585,0.15106552001088858,0.22491607489064336,0.671994,0.21095811063423753,2,4,0,2,0,303467.79264071025,303467.79264071025,0.15061108791269362,0.14385748805943877,2,3,0,2,0
sssd25-08,472093.078,473080.90940402227,470827.86087247444,1.121166072320193,10.88293472956866,9.990303331,31.666638454422355,9,30,0,9,2,472480.2619795946,472480.2619795946,0.9689807819668204,10.192167335073464,7,25,0,4,5,484626.62941934366,484626.62941934366,1.1383044640533626,3.952108692843467,4.028153139,13.623135928530246,6,23,0,6,0,499196.15662896674,655676.1635837981,0.9604944539023563,1.487599399057217,2,4,0,2,0
st_e14,4.579582402,4.579582373600571,4.579582373600571,0.03303937939926982,0.2656963896006346,0.14983200000000002,0.5424445564858615,6,11,0,6,4,4.579582373600571,4.579582373600571,0.0257693559397012,0.08935029397252947,6,11,0,3,4,5.579582371286729,5.55385887581957,0.027049774769693613,0.03428087895736098,0.028978,0.039881070144474506,2,2,0,2,0,5.579582371286729,5.564873814428035,0.022841566940769553,0.015400164062157273,2,2,0,2,0
stockcycle,119948.6883,133330.3931212387,117916.20281276494,12.511108867358416,301.7173491748981,251.72726375999994,3279.9302190276794,40,178,0,40,38,137187.74184751388,118046.3120984344,9.392645334010012,301.4501104330411,33,151,0,3,32,138613.84292365523,140093.26428993477,12.533591999206692,0.34890327090397477,0.619322916,0.33332907874137163,2,5,0,2,0,138613.84292365523,141583.4636771308,9.379395790980197,0.2990343550918624,2,5,0,2,0
synthes1,6.00975909,6.009758726704932,6.009758726704932,0.028423546813428402,0.073360834736377,0.046968,0.09877272322773933,3,4,0,3,1,6.009758726704932,6.009758726704932,0.033081620931625366,0.030839690938591957,3,4,0,2,1,6.009758726704932,6.009758726704932,0.029733313247561455,0.06846054177731276,0.042941,0.10877909045666456,3,4,0,3,0,6.009758726704932,5.979494993945212,0.027273584972135723,0.019682649988681078,2,3,0,2,0
synthes2,73.03531253,73.03531205058363,73.03531205058363,0.0162577829323709,0.23915139818564057,0.13768099999999997,0.4187368773855269,5,8,0,5,3,73.03531205058363,73.03531205058363,0.014912895043380558,0.1012131660245359,5,10,0,2,4,73.03531205058363,73.03531205058363,0.01569624524563551,0.07805518293753266,0.05359599999999999,0.11958412965759635,3,4,0,3,0,73.03531205058363,73.03531205058363,0.013689176994375885,0.030122851952910423,2,4,0,2,0
synthes3,68.00974052,68.00974074385655,67.37121411197846,0.020454945974051952,0.20102695701643825,0.210221,0.21141844475641847,3,8,0,3,2,68.00974074385655,67.37109097378976,0.02155515202321112,0.07754550303798169,3,7,0,2,2,68.00974074385655,74.22249484085977,0.020151976961642504,0.08651696518063545,0.13225499999999998,0.07882136479020119,2,5,0,2,0,68.00974074385655,80.59119015822867,0.02030688605736941,0.04003154602833092,2,4,0,2,0
tls2,5.3,5.299999917954797,5.299999917954797,0.03184140473604202,0.6032931287772954,0.356302223,1.7459719199687243,6,18,16,5,2,5.299999919921546,5.299999919921546,0.0403676739661023,0.34603570599574596,5,14,10,4,2,5.299999919921546,5.300000000000001,0.03137173689901829,0.5930671459063888,0.3883120760000002,1.8468486601486802,6,19,17,6,0,5.299999919921546,5.299999919921546,0.041268832981586456,0.2571456750156358,4,12,9,4,0
tls4,8.3,8.299999916135679,8.299999120400432,0.11843875516206026,265.64639032725245,110.15137819200008,6509.708172834013,82,259,245,50,33,8.299999916229748,8.299999098928563,0.1567345679504797,285.83808504405897,71,337,316,34,39,8.29999991632558,8.29999991632558,0.11749547580257058,53.858899239916354,24.030343919000007,646.4098144620657,36,156,154,36,0,8.399999944886087,12.460364415234194,0.14927457296289504,98.57316530204844,33,161,158,33,0
tls5,10.3,-inf,FAILED,"Objective value wrong, with error 6.499998827314102
Ubg < g(x*,p) - tol:
[9.99996084e-01 9.99994834e-01 1.09999950e+01 5.99999373e+00
 1.39778012e-16 2.18631669e-13 3.69249169e-15 1.53794645e-13
 4.19323010e-12]
for indices:
(array([ 0,  1,  2,  3, 40, 42, 46, 49, 55]),)",NAN,NAN,NAN,NAN,NAN,NAN,NAN,NAN,-inf,FAILED,"Objective value wrong, with error 2.9211306621418136
Lbg > g(x*,p) + tol:
[2.87557098e-17 2.87557098e-17 1.36102334e-15 1.39778012e-16
 1.02795643e-15 5.83867222e-16 1.02795643e-15 1.02795643e-15
 2.87557098e-17]
for indices:
(array([43, 46, 47, 49, 51, 52, 53, 54, 56]),)
Ubg < g(x*,p) - tol:
[3.99999783e+00 5.99999760e+00 1.09999985e+01 5.99999700e+00
 9.99998417e-01 9.90974063e-15 1.52388111e-14 6.35702695e-15
 1.39778012e-16 9.90974063e-15]
for indices:
(array([ 0,  1,  2,  3,  4, 42, 44, 45, 50, 62]),)",NAN,NAN,NAN,NAN,NAN,NAN,-inf,FAILED,"Ubg < g(x*,p) - tol:
[2.99999404e+00 2.99999446e+00 1.99999380e+00 4.99999384e+00
 9.31340009e-08 1.02795643e-15 1.39778012e-16 1.39778012e-16
 1.39778012e-16 1.39778012e-16 1.02795643e-15 1.39778012e-16
 1.02795643e-15 1.39778012e-16 1.39778012e-16 1.02795643e-15]
for indices:
(array([ 1,  2,  3,  4, 31, 40, 42, 46, 47, 49, 51, 53, 54, 55, 60, 62]),)",NAN,NAN,NAN,NAN,NAN,NAN,NAN,NAN,-inf,FAILED,"Objective value wrong, with error 2.0102377543260017
Lbg > g(x*,p) + tol:
[2.87557098e-17 2.87557098e-17 1.36102334e-15 1.39778012e-16
 1.02795643e-15 5.83867222e-16 1.02795643e-15 1.02795643e-15
 2.87557098e-17]
for indices:
(array([43, 46, 47, 49, 51, 52, 53, 54, 56]),)
Ubg < g(x*,p) - tol:
[3.99999783e+00 5.99999760e+00 1.09999985e+01 5.99999700e+00
 9.99998417e-01 9.90974063e-15 1.52388111e-14 6.35702695e-15
 1.39778012e-16 9.90974063e-15]
for indices:
(array([ 0,  1,  2,  3,  4, 42, 44, 45, 50, 62]),)",NAN,NAN,NAN,NAN,NAN,NAN
tls6,15.3,-inf,FAILED,Problem can not be solved - Feasible zone is empty,NAN,NAN,NAN,NAN,NAN,NAN,NAN,NAN,-inf,FAILED,"Objective value wrong, with error 7.4943453910457025
Lbg > g(x*,p) + tol:
[1.02795643e-15 2.80431327e-15 2.87557098e-17 1.02795643e-15
 2.87557098e-17 2.87557098e-17 2.80431327e-15 1.39778012e-16
 2.87557098e-17 1.02795643e-15 1.02795643e-15]
for indices:
(array([54, 57, 60, 63, 64, 71, 72, 76, 77, 81, 83]),)
Ubg < g(x*,p) - tol:
[1.19999962e+01 7.99999683e+00 2.99999104e+00 2.00000075e+00
 7.99999733e+00 1.39778012e-16 1.39778012e-16 1.39778012e-16
 2.05678817e-14 1.39778012e-16 2.80431327e-15 3.30023795e-14]
for indices:
(array([ 1,  2,  3,  4,  5, 50, 52, 56, 62, 74, 80, 82]),)",NAN,NAN,NAN,NAN,NAN,NAN,-inf,FAILED,"Ubg < g(x*,p) - tol:
[1.99999367e+00 9.99994250e-01 1.19999928e+01 6.99999242e+00
 4.99999417e+00 5.99999458e+00 2.80431327e-15 2.80431327e-15
 1.52388111e-14 1.52388111e-14 6.35702695e-15 1.02795643e-15
 1.39778012e-16]
for indices:
(array([ 0,  1,  2,  3,  4,  5, 53, 55, 59, 63, 77, 79, 82]),)",NAN,NAN,NAN,NAN,NAN,NAN,NAN,NAN,-inf,FAILED,"Objective value wrong, with error 2.5185511501433906
Lbg > g(x*,p) + tol:
[1.02795643e-15 2.80431327e-15 2.87557098e-17 1.02795643e-15
 2.87557098e-17 2.87557098e-17 2.80431327e-15 1.39778012e-16
 2.87557098e-17 1.02795643e-15 1.02795643e-15]
for indices:
(array([54, 57, 60, 63, 64, 71, 72, 76, 77, 81, 83]),)
Ubg < g(x*,p) - tol:
[1.19999962e+01 7.99999683e+00 2.99999104e+00 2.00000075e+00
 7.99999733e+00 1.39778012e-16 1.39778012e-16 1.39778012e-16
 2.05678817e-14 1.39778012e-16 2.80431327e-15 3.30023795e-14]
for indices:
(array([ 1,  2,  3,  4,  5, 50, 52, 56, 62, 74, 80, 82]),)",NAN,NAN,NAN,NAN,NAN,NAN
