name,primalbound,noncvx_sbmiqp.obj,noncvx_sbmiqp.dual_obj,noncvx_sbmiqp.load_time,noncvx_sbmiqp.calc_time,noncvx_sbmiqp.solver_time,noncvx_sbmiqp.python_time,noncvx_sbmiqp.iter_nr,noncvx_sbmiqp.NLP_runs,noncvx_sbmiqp.FNLP_runs,noncvx_sbmiqp.MIQP_runs,noncvx_sbmiqp.MILP_runs,noncvx_sbmiqp_new.obj,noncvx_sbmiqp_new.dual_obj,noncvx_sbmiqp_new.load_time,noncvx_sbmiqp_new.calc_time,noncvx_sbmiqp_new.iter_nr,noncvx_sbmiqp_new.NLP_runs,noncvx_sbmiqp_new.FNLP_runs,noncvx_sbmiqp_new.MIQP_runs,noncvx_sbmiqp_new.MILP_runs,noncvx_sbmiqp_ee.obj,noncvx_sbmiqp_ee.dual_obj,noncvx_sbmiqp_ee.load_time,noncvx_sbmiqp_ee.calc_time,noncvx_sbmiqp_ee.solver_time,noncvx_sbmiqp_ee.python_time,noncvx_sbmiqp_ee.iter_nr,noncvx_sbmiqp_ee.NLP_runs,noncvx_sbmiqp_ee.FNLP_runs,noncvx_sbmiqp_ee.MIQP_runs,noncvx_sbmiqp_ee.MILP_runs,noncvx_sbmiqp_ee_new.obj,noncvx_sbmiqp_ee_new.dual_obj,noncvx_sbmiqp_ee_new.load_time,noncvx_sbmiqp_ee_new.calc_time,noncvx_sbmiqp_ee_new.iter_nr,noncvx_sbmiqp_ee_new.NLP_runs,noncvx_sbmiqp_ee_new.FNLP_runs,noncvx_sbmiqp_ee_new.MIQP_runs,noncvx_sbmiqp_ee_new.MILP_runs
4stufen,116329.6706,-inf,FAILED,"Error in Function::call for 'benders_constraint_0' [MXFunction] at .../casadi/core/function.cpp:1458:
Error in Function::call for 'benders_constraint_0' [MXFunction] at .../casadi/core/function.cpp:362:
Error in Function::operator() for 'benders_constraint_0_qpsol' [GurobiInterface] at .../casadi/core/function.cpp:1539:
.../casadi/core/conic.cpp:499: Assertion ""lb <= ub && lb!=inf && ub!=-inf"" failed:
Ill-posed problem detected: LBA[1] <= UBA[1] was violated. Got LBA[1] = nan and UBA[1] = nan.",NAN,NAN,NAN,NAN,NAN,NAN,NAN,NAN,-inf,FAILED,"Error in Function::call for 'benders_constraint_0' [MXFunction] at .../casadi/core/function.cpp:1432:
Error in Function::call for 'benders_constraint_0' [MXFunction] at .../casadi/core/function.cpp:361:
Error in Function::operator() for 'benders_constraint_0_qpsol' [GurobiInterface] at .../casadi/core/function.cpp:1513:
.../casadi/core/conic.cpp:497: Assertion ""lb <= ub && lb!=inf && ub!=-inf"" failed:
Ill-posed problem detected: LBA[1] <= UBA[1] was violated. Got LBA[1] = nan and UBA[1] = nan.",NAN,NAN,NAN,NAN,NAN,NAN,-inf,FAILED,"Error in Function::call for 'benders_constraint_0' [MXFunction] at .../casadi/core/function.cpp:1458:
Error in Function::call for 'benders_constraint_0' [MXFunction] at .../casadi/core/function.cpp:362:
Error in Function::operator() for 'benders_constraint_0_qpsol' [GurobiInterface] at .../casadi/core/function.cpp:1539:
.../casadi/core/conic.cpp:499: Assertion ""lb <= ub && lb!=inf && ub!=-inf"" failed:
Ill-posed problem detected: LBA[1] <= UBA[1] was violated. Got LBA[1] = nan and UBA[1] = nan.",NAN,NAN,NAN,NAN,NAN,NAN,NAN,NAN,-inf,FAILED,'lam_g',NAN,NAN,NAN,NAN,NAN,NAN
autocorr_bern20-05,-416.0,-384.0000000074941,-384.0000050873999,0.7261748923920095,0.03409743495285511,0.022881,0.052797327283769846,2,2,0,2,0,-384.0000000074941,-384.0000050873999,0.8011260189814493,0.02611943008378148,2,2,0,2,0,-384.0000000074941,-384.000001,0.7621246790513396,0.029279273934662342,0.018983,0.0464258068241179,2,2,0,2,0,-384.0000000074941,-313.16377037391067,0.5211691659642383,0.019039674079976976,2,2,0,2,0
autocorr_bern20-10,-2936.0,-2928.0000000074942,-2928.000022359889,0.01796271000057459,0.040076573844999075,0.04105700000000001,0.07859464501962066,2,2,0,2,0,-2928.0000000074942,-2928.0000000074942,0.4826292619109154,0.12439822510350496,2,2,0,2,1,-2928.0000000074942,-2928.000001000001,0.017280132975429296,0.040011148899793625,0.04127100000000001,0.07874754164367914,2,2,0,2,0,-2928.0000000074942,-2812.716012954712,0.01785091799683869,0.026498441002331674,2,2,0,2,0
autocorr_bern20-15,-5960.0,-5820.000000007494,-5820.000023957375,0.021642383188009262,0.044559158850461245,0.055061000000000006,0.09175621066242456,2,2,0,2,0,-5820.000000007494,-5820.000000007494,1.0281059219269082,0.2988188739400357,2,2,0,2,1,-5820.000000007494,-5820.000001,0.021456508431583643,0.045022085309028625,0.057378000000000005,0.09244794631376863,2,2,0,2,0,-5820.000000007494,-5820.000001907349,0.022024454083293676,0.02841079095378518,2,2,0,2,0
autocorr_bern25-06,-960.0,-944.0000000074941,-944.0000140323688,0.016044646967202425,0.03751615667715669,0.03467600000000001,0.06985482713207603,2,2,0,2,0,-944.0000000074941,-944.0000140323708,0.26889707800000906,0.054086282034404576,2,2,0,2,0,-944.0000000074941,-944.000001,0.015358367003500462,0.03755600471049547,0.034752,0.07014502957463264,2,2,0,2,0,-944.0000000074941,-838.3630585372448,0.014816269045695662,0.02271079004276544,2,2,0,2,0
autocorr_bern25-13,-8148.0,-7992.000000007494,-7992.0000405845485,0.02448813198134303,0.03697155928239226,0.04419,0.06813093135133386,2,2,0,2,0,-7992.000000007494,-7992.000040584548,1.252017530030571,0.25616117496974766,2,2,0,2,0,-7992.000000007494,-7992.000001,0.02459844294935465,0.0373288169503212,0.046155999999999996,0.0688848583959043,2,2,0,2,0,-7992.000000007494,-7991.999954223633,0.02399519004393369,0.02302432293072343,2,2,0,2,0
autocorr_bern25-19,-14644.0,-14500.000000007494,-14500.00006130482,0.0322609287686646,0.051451539155095816,0.088263,0.10762958554551005,2,2,0,2,0,-14476.000000007494,-14476.000054584745,2.5525045880349353,0.7737732209498063,2,2,0,2,0,-14500.000000007494,-14500.000001,0.03184040589258075,0.05270549235865474,0.09348999999999999,0.11195574281737208,2,2,0,2,0,-14500.000000007494,-14499.999908447266,0.031688707997091115,0.03247821400873363,2,2,0,2,0
autocorr_bern25-25,-10664.0,-10544.000000007494,-10544.000071624738,0.037146690767258406,0.04651686083525419,0.077069,0.09378312388435006,2,2,0,2,0,-10544.000000007494,-10544.000000007494,3.4250146390404552,0.8593038019025698,2,2,0,2,1,-10544.000000007494,-10544.000000999962,0.03586718067526817,0.04631664138287306,0.08276800000000002,0.09475217433646321,2,2,0,2,0,-10544.000000007494,-10543.99984741211,0.035906655015423894,0.02994513895828277,2,2,0,2,0
autocorr_bern30-04,-324.0,-320.0000000074941,-320.0000080923257,0.016187660861760378,0.0371761959977448,0.028990999999999996,0.06940063508227468,2,2,0,2,0,-320.0000000074941,-320.0000080923262,0.3185873019974679,0.034163561067543924,2,2,0,2,0,-320.0000000074941,-320.0000009999987,0.015443951822817326,0.037374481093138456,0.029022,0.0702313156798482,2,2,0,2,0,-320.0000000074941,-320.00000095926225,0.014896983979269862,0.023018144071102142,2,2,0,2,0
autocorr_bern30-08,-2952.0,-2904.0000000074942,-2904.0000236123183,0.02065644320100546,0.04243184207007289,0.050393,0.084249222651124,2,2,0,2,0,-2904.0000000074942,-2904.0000236123174,0.5322585719404742,0.13554000901058316,2,2,0,2,0,-2904.0000000074942,-2904.0000009999994,0.020465366076678038,0.04267388768494129,0.051857,0.08487729728221893,2,2,0,2,0,-2904.0000000074942,-2904.000000476837,0.020048918901011348,0.02738068508915603,2,2,0,2,0
autocorr_bern30-15,-15744.0,-15424.000000007494,-15424.000062652272,0.03313488606363535,0.04899016721174121,0.08374400000000001,0.10196169605478644,2,2,0,2,0,-15424.000000007494,-15424.000000007494,2.3990262070437893,0.7010347379837185,2,2,0,2,1,-15424.000000007494,-15424.000000999897,0.03309540590271354,0.05033669527620077,0.08990999999999998,0.10398772219195962,2,2,0,2,0,-15424.000000007494,-15423.999969482422,0.03308925894089043,0.03239367692731321,2,2,0,2,0
autocorr_bern30-23,-30460.0,-30184.000000007494,-30184.00010649201,0.04876273171976209,0.058452518191188574,0.126345,0.1280536069534719,2,2,0,2,0,-30272.000000007494,-30272.000000007494,5.236090164980851,1.5754391340306029,2,2,0,2,1,-30184.000000007494,-30184.000001,0.04916165675967932,0.05916946893557906,0.131221,0.1303286557085812,2,2,0,2,0,-30184.000000007494,-30183.999267578125,0.04822242201771587,0.040035328012891114,2,2,0,2,0
autocorr_bern30-30,-22888.0,-22512.000000007494,-22512.000133532405,0.05599028477445245,0.05566070508211851,0.11240200000000002,0.11678646737709641,2,2,0,2,0,-22512.000000007494,-22512.000133532823,6.955726290005259,1.6835997441085055,2,2,0,2,0,-22512.000000007494,-22512.000000999506,0.05720681603997946,0.05709224101155996,0.11585999999999999,0.11924318550154567,2,2,0,2,0,-22512.000000007494,-22512.000122070312,0.05553516396321356,0.03734539996366948,2,2,0,2,0
autocorr_bern35-04,-384.0,-368.0000000074941,-368.0000082990913,0.018316500820219517,0.038611026015132666,0.02836200000000001,0.06946435384452343,2,2,0,2,0,-368.0000000074941,-368.0000082990913,0.5718866569222882,0.034188893041573465,2,2,0,2,0,-368.0000000074941,-368.000001,0.01875728089362383,0.03808174096047878,0.028620999999999994,0.06782407173886895,2,2,0,2,0,-368.0000000074941,-367.3700621239841,0.016325658070854843,0.02130281599238515,2,2,0,2,0
autocorr_bern35-09,-5108.0,-5080.000000007494,-5080.000040562308,0.0257302881218493,0.06186591228470206,0.078902,0.12227718811482191,2,3,0,2,0,-5080.000000007494,-5080.000040562266,0.8756510709645227,0.2769427848979831,2,2,0,2,0,-5080.000000007494,-5080.000001000001,0.024740833789110184,0.06138311792165041,0.09207500000000002,0.12194363493472338,2,3,0,2,0,-5080.000000007494,-4953.07208442688,0.02442550694104284,0.03435225097928196,2,2,0,2,0
autocorr_bern35-18,-31168.0,-30976.000000007494,-30976.000118639946,0.047979332972317934,0.060108528938144445,0.12893800000000002,0.13175435038283467,2,2,0,2,0,-30936.000000007494,-30936.000000007494,4.695424738107249,2.1320584639906883,2,2,0,2,1,-30976.000000007494,-30976.000001,0.04725995194166899,0.06196038983762264,0.13667700000000002,0.1346960454247892,2,2,0,2,0,-30976.000000007494,-30975.999755859375,0.04802634008228779,0.04138001392129809,2,2,0,2,0
autocorr_bern35-26,-55288.0,-55072.000000007494,-55072.00017559623,0.06953568710014224,0.06739263283088803,0.18380400000000002,0.1523126782849431,2,2,0,2,0,-55072.000000007494,-55072.000000007494,9.12881589808967,2.2844123139511794,2,2,0,2,1,-55072.000000007494,-55072.000001,0.06945201009511948,0.06737152207642794,0.184057,0.15219886088743806,2,2,0,2,0,-55072.000000007494,-55071.998046875,0.0693155360640958,0.04704084899276495,2,2,0,2,0
autocorr_bern35-35fix,-41068.0,-40468.000000007494,-40468.00023616041,0.0825062240473926,0.07925904402509332,0.23673299999999994,0.1853502057492733,2,2,0,2,0,-40512.000000007494,-40512.00023919946,12.531523611047305,3.3136902960250154,2,2,0,2,0,-40468.000000007494,-40468.00000099987,0.08145296573638916,0.08937207935377955,0.2669480000000001,0.21900720661506057,2,2,0,2,0,-40468.000000007494,-40468.00023616041,0.08305221004411578,0.05705156293697655,2,2,0,2,0
autocorr_bern40-05,-936.0,-896.0000000074941,-896.0000153363638,0.02055864268913865,0.037791996728628874,0.034985,0.06858880165964365,2,2,0,2,0,-896.0000000074941,-896.0000153363643,1.0055720830569044,0.048619995010085404,2,2,0,2,0,-896.0000000074941,-896.0000009999999,0.02085197763517499,0.03793874895200133,0.035255,0.06910313060507178,2,2,0,2,0,-896.0000000074941,-821.9342109709978,0.020564710022881627,0.02538738795556128,2,2,0,2,0
autocorr_bern40-10,-8248.0,-8144.000000007494,-8144.000046307258,0.031261591240763664,0.03884050901979208,0.052858,0.07092154957354069,2,2,0,2,0,-8144.000000007494,-8144.000000007494,1.4496331750415266,0.24208534695208073,2,2,0,2,1,-8144.000000007494,-8144.0000009999985,0.030961961951106787,0.03924201289191842,0.05502999999999998,0.07166100107133389,2,2,0,2,0,-8144.000000007494,-8143.999961853027,0.03260338003747165,0.026977631961926818,2,2,0,2,0
autocorr_bern40-20,-50576.0,-50240.000000007494,-50240.000186307356,0.06390407914295793,0.07057087635621428,0.18807500000000002,0.16099318722262979,2,2,0,2,0,-50240.000000007494,-50240.00018630719,7.533522329060361,2.0544269860256463,2,2,0,2,0,-50240.000000007494,-50240.00000099993,0.06331034703180194,0.07063248800113797,0.18562499999999996,0.16097060916945338,2,2,0,2,0,-50240.000000007494,-50240.000186307356,0.06489818205591291,0.048488321946933866,2,2,0,2,0
autocorr_bern40-30,-94992.0,-94576.0000000075,-94576.00026310746,0.10206164279952645,0.07715400401502848,0.23522099999999999,0.17880217591300607,2,2,0,2,0,-94520.0000000075,-94520.0000000075,15.474246061057784,3.505625366931781,2,2,0,2,1,-94576.0000000075,-94576.000001,0.10035390406847,0.07758037839084864,0.23785199999999998,0.17851470783352852,2,2,0,2,0,-94576.0000000075,-94576.00026310746,0.10168711410369724,0.057404592051170766,2,2,0,2,0
autocorr_bern40-40,-67964.0,-67392.0000000075,-67392.00038902687,0.12081458605825901,0.08187313005328178,0.23734799999999992,0.18680212600156665,2,2,0,2,0,-67392.0000000075,-67392.0000000075,20.87301884300541,4.144919816055335,2,2,0,2,1,-67392.0000000075,-67392.00000100002,0.12412456190213561,0.08100641705095768,0.243074,0.18767635244876146,2,2,0,2,0,-67392.0000000075,-67391.9921875,0.12008624093141407,0.058865824015811086,2,2,0,2,0
autocorr_bern45-05,-1068.0,-1024.000000007494,-1024.0000191722534,0.024933645967394114,0.03844533208757639,0.034141,0.06867221789434552,2,2,0,2,0,-1024.000000007494,-1024.0000191722534,1.5345474209170789,0.05060773505829275,2,2,0,2,0,-1024.000000007494,-1024.0000010000003,0.0231758588925004,0.03681445401161909,0.037037,0.06580601772293448,2,2,0,2,0,-1024.000000007494,-951.9075018167496,0.022457806044258177,0.022720742970705032,2,2,0,2,0
autocorr_bern45-11,-12748.0,-12520.000000007494,-12520.000070374666,0.03877161908894777,0.05194958671927452,0.100008,0.10688893543556333,2,2,0,2,0,-12520.000000007494,-12520.000000007494,2.169356697006151,0.5689472550293431,2,2,0,2,1,-12520.000000007494,-12520.000000999946,0.03813954582437873,0.0518088499084115,0.100919,0.10716477129608393,2,2,0,2,0,-12520.000000007494,-12519.99984741211,0.03761015203781426,0.03527290897909552,2,2,0,2,0
autocorr_bern45-23,-85504.0,-84680.0000000075,-84680.00024829406,0.09028508234769106,0.08646191423758864,0.263043,0.20533860614523292,2,2,0,2,0,-84712.0000000075,-84712.0000000075,12.428933426970616,3.268045192002319,2,2,0,2,1,-84680.0000000075,-84680.000001,0.08850284107029438,0.08615558594465256,0.24423399999999998,0.20349890924990177,2,2,0,2,0,-84680.0000000075,-84680.00024829406,0.09032489103265107,0.06023975997231901,2,2,0,2,0
autocorr_bern45-34,-152784.0,-152224.00000000748,-152224.00038964895,0.14374449895694852,0.1000487981364131,0.351919,0.24318319093436003,2,2,0,2,0,-152304.00000000748,-152304.00040051757,24.501556669012643,5.634085220983252,2,2,0,2,0,-152224.00000000748,-152224.00000100004,0.14145199116319418,0.09810845507308841,0.3473760000000001,0.23795488150790334,2,2,0,2,0,-152224.00000000748,-152224.00038964895,0.14415383199229836,0.0797912230482325,2,2,0,2,0
autocorr_bern45-45,-112892.0,-112004.0000000075,-112004.00063365627,0.169372433796525,0.0997817269526422,0.380975,0.24057479249313474,2,2,0,2,0,-112004.0000000075,-112004.00063365376,32.62637173500843,5.976228488958441,2,2,0,2,0,-112004.0000000075,-112004.00000099855,0.16669264761731029,0.09805861813947558,0.377828,0.23619453189894557,2,2,0,2,0,-112004.0000000075,-112004.00063365627,0.1729245469905436,0.0782133019529283,2,2,0,2,0
autocorr_bern50-06,-2160.0,-2064.0000000074942,-2064.0000241272883,0.030053524300456047,0.038545428309589624,0.044445,0.06914792815223336,2,2,0,2,0,-2064.0000000074942,-2064.000024127285,2.4147365710232407,0.08410586789250374,2,2,0,2,0,-2064.0000000074942,-2064.0000010000003,0.029597395099699497,0.03782324306666851,0.04395099999999999,0.06850336864590645,2,2,0,2,0,-2064.0000000074942,-2063.999995470047,0.026878064032644033,0.023985984036698937,2,2,0,2,0
autocorr_bern50-13,-23792.0,-23564.000000007494,-23564.000137002182,0.051292452961206436,0.0671882526949048,0.16695699999999994,0.1504693878814578,2,2,0,2,0,-23564.000000007494,-23564.000000007494,3.975125421071425,1.2905550819123164,2,2,0,2,1,-23564.000000007494,-23564.000000999768,0.049729963298887014,0.06871822103857994,0.15504499999999996,0.15074182534590364,2,2,0,2,0,-23564.000000007494,-23563.99951171875,0.05005603202152997,0.04570797400083393,2,2,0,2,0
autocorr_bern50-25,-125104.0,-124268.0000000075,-124268.00035780588,0.12209540838375688,0.08139933692291379,0.262024,0.18650267366319895,2,2,0,2,0,-124268.0000000075,-124268.0000000075,18.01022975204978,3.65440028894227,2,2,0,2,1,-124268.0000000075,-124268.00000099972,0.1187841440550983,0.08014457672834396,0.255609,0.18369602086022496,2,2,0,2,0,-124268.0000000075,-124183.4375,0.11700655508320779,0.06034084898419678,2,2,0,2,0
autocorr_bern55-06,-2400.0,-2304.0000000074942,-2304.0000278027283,0.030987592414021492,0.04641152359545231,0.06560099999999998,0.09254157356917858,2,2,0,2,0,-2304.0000000074942,-2304.0000000074942,1.6841007840121165,0.12974439305253327,2,2,0,2,1,-2304.0000000074942,-2304.0000010000003,0.03757410729303956,0.0460032750852406,0.06381299999999998,0.09131399681791663,2,2,0,2,0,-2304.0000000074942,-2303.9999985694885,0.02987321699038148,0.029663149965927005,2,2,0,2,0
autocorr_bern55-14,-33272.0,-32792.000000007494,-32792.000165952,0.06212317617610097,0.08405308006331325,0.22597599999999995,0.17709192400798202,2,3,0,2,0,-32792.000000007494,-32792.00016595195,5.562232292955741,1.5377247030846775,2,2,0,2,0,-32792.000000007494,-32792.000001,0.06144073000177741,0.08249462395906448,0.21582799999999996,0.1733703869394958,2,3,0,2,0,-32792.000000007494,-32779.696533203125,0.061964942957274616,0.050470137037336826,2,2,0,2,0
autocorr_bern60-08,-6792.0,-6728.000000007494,-6728.000054899665,0.04118901491165161,0.051494279876351357,0.09025099999999998,0.10479690879583359,2,2,0,2,0,-6728.000000007494,-6728.000000007494,1.7176764069590718,0.3462112130364403,2,2,0,2,1,-6728.000000007494,-6728.000001000002,0.04025696497410536,0.05058523919433355,0.08993200000000001,0.10354164009913802,2,2,0,2,0,-6728.000000007494,-6727.999912261963,0.03965995996259153,0.03339973301626742,2,2,0,2,0
autocorr_bern60-15,-45232.0,-44596.000000007494,-44596.00020049752,0.07613700209185481,0.07995634013786912,0.23653200000000002,0.18407927174121141,2,2,0,2,0,-44448.000000007494,-44448.000000007494,7.508056701975875,2.154306070995517,2,2,0,2,1,-44596.000000007494,-44596.00000099997,0.07494062185287476,0.07809060206636786,0.22836499999999998,0.18022583378478885,2,2,0,2,0,-44596.000000007494,-44595.99951171875,0.07595044595655054,0.05611572694033384,2,2,0,2,0
batch0812_nc,2687026.784,2687026.779529676,2687026.779529676,0.29386054957285523,1.6836574370972812,0.725950149,1.5322661017999053,4,6,1,4,2,2687026.7795296754,2727674.918596565,0.5992052310612053,0.7642581179970875,5,13,4,4,4,2768549.937463533,5833955.336905718,0.29171264497563243,0.32599520683288574,0.32830121300000004,0.25327832717448473,2,3,0,2,0,3462291.4131100206,42202392259.03125,0.2866597070824355,0.11208879598416388,2,2,0,2,0
batch_nc,285506.5082,285506.5078974896,282907.03892857063,0.05504047917202115,0.2199334050528705,0.372964,0.12402780959382653,2,4,0,2,1,285506.5078974896,285506.5078974896,0.039759752922691405,0.4858085319865495,6,17,9,3,5,285506.5078974896,301643.81882059574,0.05440111830830574,0.17166315810754895,0.351765,0.1228382745757699,2,4,0,2,0,355163.1964659082,7742906867.534943,0.06991552002727985,0.027197125018574297,2,2,0,2,0
beuster,116329.6706,-inf,FAILED,"Lbg > g(x*,p) + tol:
[9.99999999e+02 4.99999900e+00 1.05800000e+03 4.99999900e+00
 1.00800000e+03 7.99999900e+00 1.55402592e-04 1.55402592e-04
 1.55402592e-04 1.55402592e-04 5.27144279e-03 5.27144279e-03
 5.27144279e-03 5.27144279e-03 9.99999000e-01 9.99999000e-01
 9.99999000e-01 9.99999000e-01 4.57280420e-03 1.80000000e+03
 9.49999000e-01 9.49999000e-01 9.49999000e-01 9.49999000e-01
 1.29761667e+02 1.29761667e+02 1.29761667e+02 1.29761667e+02
 4.97329559e+02 4.97329559e+02 4.97329559e+02 4.97329559e+02
 2.52999999e+02 2.52999999e+02 1.47999999e+02 1.73999999e+02
 1.29999990e+01 1.29999990e+01 7.99999900e+00 9.99999000e-01
 9.99999000e-01 2.92073861e+02 3.52411613e+02 4.57370420e-02
 7.64973850e+02]
for indices:
(array([  4,   5,  10,  11,  12,  13,  18,  19,  20,  21,  26,  27,  28,
        29,  30,  31,  32,  33,  46,  47,  49,  50,  51,  52,  53,  54,
        55,  56,  69,  70,  71,  72,  85,  86,  87,  88,  89,  90,  91,
        93,  94, 102, 103, 104, 105]),)
Ubg < g(x*,p) - tol:
[9.9900000e-04 9.9999900e-01 9.9999990e+00 9.9999999e+01 1.9999990e+00
 9.9999900e-01 1.6749900e-01 9.9999900e-01           inf           inf
           inf           inf 4.9999000e-02 4.9999000e-02 4.9999000e-02
 4.9999000e-02 9.9999900e-01 9.9999900e-01 9.9999900e-01 9.9999900e-01]
for indices:
(array([ 0,  1,  2,  3,  6,  7,  8,  9, 14, 15, 16, 17, 38, 39, 40, 41, 61,
       62, 63, 64]),)",NAN,NAN,NAN,NAN,NAN,NAN,NAN,NAN,-inf,FAILED,"Lbg > g(x*,p) + tol:
[1.11199732e+08 4.67432600e+09 7.88660901e+07 7.80955736e+05
 1.50192001e+03 8.19944326e+00 1.61815119e+07 8.06436082e+07
 9.79858530e+08 3.43713924e+03 2.57031976e+01 2.43620402e+02
 2.97487042e-03 7.96689070e-06 5.14614978e-04 2.25263193e-05
 5.84638817e+10 2.71592393e-03 3.44891544e-05 3.81665720e-05
 1.12940590e+08 1.02005305e+03 4.41000011e+01 4.19905654e-04
 1.22906033e+01 1.62272867e-02 3.10161897e+04 3.19847353e+00
 3.22801667e-01 3.85877345e-01 2.15469414e+04 5.46189356e-01
 1.19224864e+00 1.19070204e+00 7.20002170e+01 2.27991672e+02
 1.77991650e+02 2.99502991e+00 5.99447759e+00 8.57195770e+07
 8.76193020e+03 5.91750480e+03 7.50679790e+04 1.43043896e+04
 6.89805458e+04 6.88762315e+04]
for indices:
(array([  0,   1,   2,   3,   4,   5,   6,   7,   8,   9,  11,  14,  15,
        16,  17,  19,  22,  23,  24,  25,  30,  31,  32,  34,  38,  39,
        42,  43,  44,  45,  46,  53,  67,  68,  86,  87,  88,  91,  92,
       101, 102, 103, 104, 105, 106, 110]),)
Ubg < g(x*,p) - tol:
[2.91859154e+02 4.81252919e+01 4.78261248e-01 4.00164087e-05
 5.29075830e+01 2.52811090e-07 1.31431140e-03 7.38415563e-03
 5.96167210e-02 5.95392998e-02 3.93173693e-04 6.00778059e-01
 3.44948549e+06 1.03203343e+02 2.26033567e+00 2.38679255e+00
 4.46949288e-03 2.92634839e+00 1.72446520e+01 9.98063777e+02
 9.07181747e-02 1.64987036e-03 4.86443538e-03 2.37198268e+02
 3.08869933e-01 1.04124365e-03 1.44232968e+04 1.15242694e+00
 1.64422407e-01 1.68999034e-01 1.51983191e+01 1.17316458e+03
 9.31219172e-02 6.79285338e+04 5.42586993e+00 2.86231779e-01
 3.18203540e-01]
for indices:
(array([10, 12, 13, 18, 33, 35, 36, 37, 40, 41, 47, 48, 49, 50, 51, 52, 54,
       55, 56, 61, 62, 63, 64, 65, 66, 69, 77, 78, 79, 80, 85, 89, 90, 93,
       94, 95, 96]),)",NAN,NAN,NAN,NAN,NAN,NAN,-inf,FAILED,"Integer infeasible: [0.49876778 0.83650059 0.07942717 0.49529165 0.49755266 0.92082431
 0.47310368 0.64133691 0.49523417 0.96060013 0.73069227 0.77085236
 0.4912996  0.9796846  0.86763442 0.8554761  0.48624817 0.98938727
 0.93731335 0.90536913 0.48248664 0.99285531 0.97286518 0.9360688
 0.48564493 0.99703424 0.99183376 0.95913999 0.50455478 0.9774083
 0.44125158 0.52288972 0.52272433 0.52344825 0.40411273 0.54549871
 0.54517515 0.54659994 0.35432639 0.58891366 0.5883232  0.59099924
 0.27951747 0.66488849 0.6640843  0.66826813 0.480915   0.32063623
 0.16122981] (array([ 0,  1,  2,  3,  4,  5,  6,  7,  8,  9, 10, 11, 12, 13, 14, 15, 16,
       17, 18, 19, 20, 21, 22, 23, 24, 25, 26, 27, 28, 31, 32, 33, 34, 35,
       36, 37, 38, 39, 40, 41, 42, 43, 44, 45, 46, 47, 49, 50, 51]),)",NAN,NAN,NAN,NAN,NAN,NAN,NAN,NAN,-inf,FAILED,'lam_g',NAN,NAN,NAN,NAN,NAN,NAN
casctanks,9.163479388,9.163479254022507,9.163478711076868,1.7605214547365904,1.1345444130711257,1.9366119090000005,1.1989131127484143,3,4,0,3,2,9.163479254022507,9.163478711076868,0.8141329790232703,0.8957191610243171,3,4,0,3,2,9.207582470434449,9.754830457786738,1.7683141380548477,0.4705215450376272,1.0441454029999997,0.4890362937003374,2,2,0,2,0,9.207582470434449,106.55085664149374,2.3864494030131027,0.45817237393930554,2,2,0,2,0
contvar,809149.8272,809149.8125599765,794913.1872779619,4.647125048097223,312.58404533797875,86.86860854700002,3604.107992925681,31,108,1,22,20,809149.8125599765,809149.8125599765,0.6915609670104459,302.9188611640129,134,598,0,6,133,809679.594933076,801700.4172755904,4.513082209043205,1.3153538550250232,1.985723713,0.8897881447337568,2,4,0,2,0,813745.1112620134,7018013.5,4.332098534097895,0.34937387402169406,2,2,0,2,0
csched1,-30639.25785,-29279.167599447588,-29279.167599447588,0.06959774671122432,0.06233611609786749,0.078078,0.06899134442210197,2,2,0,2,1,-29279.1675994476,-29279.1675994476,0.09380216407589614,0.043091921019367874,2,2,0,2,1,-29279.167599447588,-29279.167599447588,0.05974958976730704,0.10024209087714553,0.06169799999999999,0.11923991842195392,2,2,0,2,0,-29279.167599447588,-29279.167599447588,0.05218953907024115,0.035260158008895814,2,2,0,2,0
csched1a,-30430.17682,-30279.747114268288,-30279.747114268288,0.029499540105462074,0.04443214274942875,0.059013,0.04781815316528082,2,2,0,2,1,-30279.747114268284,-30279.747114268284,0.03329016303177923,0.028659222996793687,2,2,0,2,1,-30279.747114268288,-29569.831764623523,0.028089168947190046,0.03704639198258519,0.041562,0.050633004400879145,2,2,0,2,0,-30279.747114268288,-29569.83176460862,0.02577737206593156,0.02619792800396681,2,2,0,2,0
csched2,-166101.9964,-153341.87242317558,-166247.1266058711,3.7082428974099457,306.48715865192935,37.33269411400002,4950.0875867116265,55,129,0,38,17,-164867.95547160838,-166247.12660587113,2.92398011602927,254.536195341032,134,420,0,7,133,-153016.87994434574,-162359.88678515432,3.683688529767096,300.7909791916609,14.654671951000005,5163.867600736208,57,96,0,57,0,-162768.7245285173,10114485.523436517,2.7491193528985605,0.2524057680275291,2,3,0,2,0
csched2a,-165398.7013,-inf,FAILED,"Error in Function::call for 'benders_constraint_131' [MXFunction] at .../casadi/core/function.cpp:1458:
Error in Function::call for 'benders_constraint_131' [MXFunction] at .../casadi/core/function.cpp:362:
Error in Function::operator() for 'benders_constraint_131_qpsol' [GurobiInterface] at .../casadi/core/function.cpp:1539:
.../casadi/interfaces/gurobi/gurobi_interface.cpp:470: Assertion ""!flag"" failed:
Objective Q not PSD (diagonal adjustment of 1.0e-06 would be required). Set NonConvex parameter to 2 to solve model.",NAN,NAN,NAN,NAN,NAN,NAN,NAN,NAN,-inf,FAILED,"Error in Function::call for 'benders_constraint_164' [MXFunction] at .../casadi/core/function.cpp:1432:
Error in Function::call for 'benders_constraint_164' [MXFunction] at .../casadi/core/function.cpp:361:
Error in Function::operator() for 'benders_constraint_164_qpsol' [GurobiInterface] at .../casadi/core/function.cpp:1513:
.../casadi/interfaces/gurobi/gurobi_interface.cpp:470: Assertion ""!flag"" failed:
Objective Q not PSD (diagonal adjustment of 1.8e-06 would be required). Set NonConvex parameter to 2 to solve model.",NAN,NAN,NAN,NAN,NAN,NAN,-139727.021316857,952773.1380004883,0.34936455031856894,0.1946607530117035,0.464368,0.2420694944448769,2,2,0,2,0,-139727.021316857,952773.1379852295,0.2974943390581757,0.11078437801916152,2,2,0,2,0
eg_int_s,6.453103159,8.026156090929875,8.026156090929875,34.65115498006344,0.39502687379717827,1.9311409270000002,0.7538243224844337,3,4,0,3,2,7.887242853518402,7.835178618935342,37.553021127940156,206.34996871103067,21,23,19,3,20,8.026156090929875,8.026156090929875,0.20547976298257709,0.25412600208073854,1.4422370000000002,0.38455356983467937,2,3,0,2,0,8.026156090929875,14.603712078229876,0.19894973596092314,0.11576491501182318,2,2,0,2,0
eniplac,-132117.083,-inf,FAILED,Problem can not be solved - Feasible zone is empty,NAN,NAN,NAN,NAN,NAN,NAN,NAN,NAN,-inf,FAILED,Problem can not be solved - Feasible zone is empty,NAN,NAN,NAN,NAN,NAN,NAN,-inf,FAILED,"Integer infeasible: [0.01845647 0.05489547 0.02013431 0.05872479] (array([20, 21, 22, 23]),)",NAN,NAN,NAN,NAN,NAN,NAN,NAN,NAN,-inf,FAILED,"Integer infeasible: [0.01845647 0.05489547 0.02013431 0.05872479] (array([20, 21, 22, 23]),)",NAN,NAN,NAN,NAN,NAN,NAN
ex1221,7.667180069,7.667180068813135,7.667180061604739,0.1157050128094852,0.03797847777605057,0.008683,0.049829586409032345,2,2,0,2,0,7.667180068813135,7.667180061604739,0.09831886296160519,0.016448791953735054,2,2,0,2,0,7.667180068813135,7.667180061604739,0.014075709972530603,0.024191869888454676,0.010561999999999998,0.029965246561914682,2,2,0,2,0,7.667180068813135,7.667180061604739,0.020002778037451208,0.013811278971843421,2,2,0,2,0
ex1222,1.076543083,1.076543046303249,1.076543046303249,0.01087018009275198,0.03204729501157999,0.01422,0.033119046594947577,2,2,0,2,1,1.076543046303249,1.076543046303249,0.010745509061962366,0.016716007026843727,2,2,0,2,1,1.076543046303249,1.2349786963617353,0.009910437278449535,0.024735666811466217,0.009022,0.03184621036052704,2,2,0,2,0,1.076543046303249,1.1117977419442302,0.00902362703345716,0.014648002106696367,2,2,0,2,0
ex1224,-0.9434705,-0.9049614980951736,-0.9049614980951736,0.012860519345849752,0.08334513800218701,0.062961,0.1020707180723548,3,4,0,3,2,-0.9049614980951736,-0.9049614980951736,0.011150236940011382,0.03379259794019163,3,4,0,2,2,-0.9049614980951736,0.9991907703030591,0.011863929219543934,0.03237583301961422,0.023255,0.04203914385288954,2,2,0,2,0,-0.9049614980951736,-0.881378412055966,0.011308469926007092,0.01724717195611447,2,2,0,2,0
ex1225,31.0,31.0,31.0,0.014598629903048277,0.04880416765809059,0.026936999999999996,0.04332736134529114,2,3,0,2,1,31.0,31.0,0.011201484012417495,0.017464858014136553,2,2,0,2,1,31.0,31.0,0.012551148422062397,0.0341914719901979,0.018405,0.03865552321076393,2,3,0,2,0,31.0,31.346760167962586,0.011628087027929723,0.01522764004766941,2,2,0,2,0
ex1226,-17.0,-17.000000002485578,-17.000000002485578,0.012825941201299429,0.034690383821725845,0.015321999999999999,0.03429192118346691,2,2,0,2,1,-17.000000002485578,-17.000000002485578,0.009941503987647593,0.016355063999071717,2,2,0,2,1,-17.000000002485578,-17.0,0.01089463522657752,0.025691668037325144,0.011121999999999998,0.03203597292304039,2,2,0,2,0,-17.000000002485578,-16.999999999999996,0.010301918955519795,0.01329310901928693,2,2,0,2,0
ex1233,155010.6713,155010.6712582829,155010.6712582829,0.03581845108419657,0.7800542949698865,1.2481604649999998,1.415319417603314,4,12,0,4,3,155010.67125828302,155010.67125828302,0.03693068400025368,0.5627564289607108,4,12,0,3,3,193725.26312672644,384411.5853525406,0.03239861410111189,0.25343448482453823,0.49101200000000006,0.27364663779735565,2,6,0,2,0,193725.26312672644,384411.5853535993,0.029320906032808125,0.1476303869858384,2,6,0,2,0
ex1243,83402.50641,83402.50637986473,83402.50637986473,0.05170972924679518,1.1338659320026636,0.9101029999999998,2.6080406373366714,4,14,1,4,3,98519.01147805208,98519.01147805208,0.05334071209654212,0.3522810940630734,2,6,0,2,1,98519.01148033654,1448818.0971446729,0.051554601173847914,0.5646493332460523,0.8063879999999998,0.5894778156653047,2,6,1,2,0,98519.01148033654,1448818.0971446729,0.045358348987065256,0.4056389299221337,2,6,1,2,0
ex1244,82042.90522,82042.90520913157,81550.47669334234,0.07935228990390897,0.8876187680289149,1.7325002879999998,1.229300701059401,3,9,0,3,2,82042.90520973454,82042.90265080829,0.08153906092047691,1.496958888019435,6,13,2,3,5,83596.30938101155,149180.03944315226,0.07921513263136148,0.35873720794916153,0.543007,0.49625696847215295,2,5,0,2,0,83596.30938101155,149180.03944318823,0.07109064201358706,0.24782805610448122,2,5,0,2,0
ex1252,128893.741,134471.56050035323,134471.56050035323,0.036132431123405695,1.0682004219852388,0.29244101599999994,3.1652105641551316,8,23,13,8,7,134471.56050035323,134471.56050035323,0.04376072494778782,0.5442867500241846,8,23,13,4,7,204321.63188185016,5520002055.769196,0.048012621235102415,0.06180132692679763,0.072699,0.087462751660496,2,2,0,2,0,204321.63188185016,5520112946.235718,0.044278671965003014,0.03658960398752242,2,2,0,2,0
ex1252a,128893.741,134471.5605003532,134471.5605003532,0.02606259286403656,0.5357849430292845,0.13819404600000004,1.41011499799788,7,14,5,7,6,134471.5605003532,134471.5605003532,0.026991612976416945,0.21397524303756654,7,14,5,4,6,151115.72989099473,30330991041.930176,0.025466202292591333,0.047900887206196785,0.03826,0.054494097363203764,2,2,0,2,0,151115.72989099473,29224735238.09607,0.023290382116101682,0.026376513997092843,2,2,0,2,0
ex3pb,68.00974405,68.00974395350963,68.00952908060857,0.022829795256257057,0.7203835407271981,0.298030554,2.148864584043622,9,21,0,8,2,68.00974395350963,68.00974395350963,0.021025658934377134,0.39370482391677797,10,27,0,4,9,82.37255254510092,82.37255254510092,0.0213825898244977,0.3270186851732433,0.19063700000000003,0.700439415872097,6,13,0,6,0,76.41938488690214,1074.7518459753658,0.019998073927126825,0.03358944691717625,2,3,0,2,0
feedtray,-13.40599772,-13.406005537298213,-13.406005549278966,0.12130564823746681,0.14916671812534332,0.26070199999999993,0.18392198253422976,2,2,0,2,0,-13.406005537297986,-13.406005549279207,0.2148151840083301,0.17944499105215073,2,2,0,2,0,-13.406005537298213,-13.406005549278966,0.12053634412586689,0.14593463391065598,0.25671999999999995,0.1790667329914868,2,2,0,2,0,-13.406005537298213,-13.406005549278966,0.10818247101269662,0.08097431703936309,2,2,0,2,0
gasnet,6999381.562,-inf,FAILED,Problem can not be solved - Feasible zone is empty,NAN,NAN,NAN,NAN,NAN,NAN,NAN,NAN,-inf,FAILED,Problem can not be solved - Feasible zone is empty,NAN,NAN,NAN,NAN,NAN,NAN,-inf,FAILED,"Integer infeasible: [0.02906341 0.02906544 0.02906747 0.03264281 0.03264429 0.03264576
 0.06187505 0.06187141] (array([0, 1, 2, 4, 5, 6, 7, 8]),)",NAN,NAN,NAN,NAN,NAN,NAN,NAN,NAN,-inf,FAILED,'lam_g',NAN,NAN,NAN,NAN,NAN,NAN
gastrans,89.08584,89.08583979013146,89.08583978999103,0.27262338483706117,0.2361453608609736,0.4203569969999994,0.34242789167910814,2,2,0,2,0,89.08583979013146,89.08583978999103,0.21906104404479265,0.19237797299865633,2,2,0,2,0,89.08583979013146,89.08583978999103,0.1488659642636776,0.20499181002378464,0.2797583289999999,0.30654127849265933,2,2,0,2,0,89.08583979013146,89.24603585261043,0.22242500400170684,0.1913785879733041,2,2,0,2,0
gastrans040,0.0,-inf,FAILED,No objective!,NAN,NAN,NAN,NAN,NAN,NAN,NAN,NAN,-inf,FAILED,No objective!,NAN,NAN,NAN,NAN,NAN,NAN,-inf,FAILED,No objective!,NAN,NAN,NAN,NAN,NAN,NAN,NAN,NAN,-inf,FAILED,No objective!,NAN,NAN,NAN,NAN,NAN,NAN
gear2,2.700857149e-12,1.3811436508962303e-06,5.21215564152541e-15,0.025721094105392694,0.08554988913238049,0.16712799999999997,0.07717621885240078,2,6,0,2,1,2.727279702363975e-05,5.21215564152541e-15,0.037270659930072725,0.04402691498398781,2,6,0,2,1,1.3811436508962303e-06,3.3429067971753844e-05,0.0224307868629694,0.0731839588843286,0.14938100000000004,0.07543028658255935,2,6,0,2,0,2.727279702363975e-05,0.0002453180861144051,0.031799028045497835,0.03343837498687208,2,6,0,2,0
gear3,2.700857149e-12,2.72645059771712e-08,2.72645059771712e-08,0.012435392010957003,0.050607547629624605,0.060414999999999996,0.04768919153138995,2,4,0,2,1,2.72645059771712e-08,2.72645059771712e-08,0.009892871021293104,0.024179913103580475,2,4,0,2,1,2.72645059771712e-08,2.6399792310885495e-05,0.011226133443415165,0.042244921904057264,0.049307,0.046217167750000954,2,4,0,2,0,2.72645059771712e-08,2.6399792310885495e-05,0.009959557908587158,0.018486484070308506,2,4,0,2,0
gear4,1.643428474,120.67522722248653,120.67522722248653,0.010812736116349697,0.04279828770086169,0.031249,0.042492157779634,2,3,0,2,1,120.67522722248653,120.67522722248653,0.008988708956167102,0.025216809008270502,2,3,0,2,1,120.67522722248653,120.67522722248653,0.009882408194243908,0.03540536807850003,0.021136000000000002,0.04173554480075836,2,3,0,2,0,120.67522722248653,120.67522722248653,0.009009006898850203,0.026546170935034752,2,3,0,2,0
ghg_1veh,7.781634885,7.7816347774115995,7.781634778727875,0.03965412313118577,0.06370625086128712,0.080278,0.080940508749336,2,2,0,2,0,7.7816347774115995,7.781634778727874,0.07109365495853126,0.04245741700287908,2,2,0,2,0,7.7816347774115995,7.781634778727875,0.036810267716646194,0.0613040248863399,0.071584,0.07788719516247511,2,2,0,2,0,7.7816347774115995,7.781634778727875,0.03487048204988241,0.032260703039355576,2,2,0,2,0
ghg_2veh,7.770904543,7.770904507805554,7.770904502956748,0.12483958108350635,0.13860298367217183,0.25476727500000007,0.2509531397372484,2,2,0,2,1,7.770904507805553,7.770904502956747,0.16564002307131886,0.16824715305119753,2,2,0,2,1,7.770904507805554,7.770904507805554,0.12061445834115148,0.11257629003375769,0.24312599999999998,0.23998774588108063,2,2,0,2,0,7.770904507805554,10.717477106787555,0.11556247400585562,0.07803715893533081,2,2,0,2,0
ghg_3veh,7.75400605,7.770545464283154,7.770961053156212,0.42530632205307484,0.4314091270789504,0.6204575399999988,0.9446195289492607,2,3,0,2,1,7.781124788229996,7.781124788229996,0.3618850209750235,1.01120795996394,2,2,0,2,1,7.770545464283154,7.770961053156212,0.3970466759055853,0.39198722317814827,0.5716630000000008,0.9088227520696819,2,3,0,2,0,7.770545464283154,95870.31628990173,0.39596412901300937,0.3396527289878577,2,2,0,2,0
gkocis,-1.923098738,-1.9230988288847426,-1.9230988288847426,0.017147555947303772,0.1654264791868627,0.106535,0.32641262374818325,5,8,0,5,4,-1.9230988288847426,-1.9230988288847426,0.04176670010201633,0.06273963605053723,5,8,0,3,4,-1.720971772497526,-1.720971772497526,0.01634929282590747,0.02973676798865199,0.023593,0.035560437478125095,2,2,0,2,0,-1.720971772497526,-1.720971772497526,0.021030122064985335,0.018547006999142468,2,2,0,2,0
heatexch_gen1,154895.933,-inf,FAILED,"Objective value wrong, with error 113880.52770513792
Lbx > x* for indices:
[[14  0]
 [19  0]
 [20  0]
 [45  0]
 [93  0]]
Ubx > x* for indices:
[[ 3  0]
 [49  0]
 [67  0]
 [83  0]]
Lbg > g(x*,p) + tol:
[5.21645310e+02 8.57406157e+02 2.69665400e-02 1.01361787e+03
 5.19288281e+02 1.77358317e+03 2.24529508e-04 5.97389456e+01
 8.12810201e+02 5.19288860e+02 1.05000639e+03 2.46838845e-04
 8.62735794e-04 1.51136246e-01 1.27660851e-01 1.99498444e-04
 6.92950590e-02 2.67417699e-01 6.61384956e-02 8.99677883e-01
 9.99999918e-06 1.96666700e-05 2.15752516e-12 1.99999920e-06
 1.66666530e-06 1.03264753e-05 1.83970119e-05 1.02795643e-15]
for indices:
(array([ 0,  3,  6,  7,  8, 13, 14, 15, 19, 20, 21, 22, 23, 32, 33, 34, 35,
       37, 39, 45, 49, 51, 52, 54, 63, 66, 75, 82]),)
Ubg < g(x*,p) - tol:
[7.23571654e+02 4.79690663e-04 5.61208042e-06 1.82642868e+03
 7.23576359e+02 4.79690663e-04 5.97377328e+01 5.21645479e+02
 1.33835108e+02 2.63709279e-02 7.01318876e+03 1.13259201e+04
 4.24370666e+00 2.77721622e+04 3.06129674e+00 1.36497987e+04
 2.03436425e+01 2.98482480e+04 2.69385018e-06 5.08348855e+00
 4.97727589e-02 4.85222838e+00 2.92066971e-05 9.23834021e+00
 1.58159972e+01 1.00935969e-06 3.38535756e-13 3.38535756e-13
 3.38535756e-13 3.38535756e-13 3.33333785e-07 4.06457193e-09]
for indices:
(array([ 1,  2,  4,  5,  9, 10, 11, 16, 17, 18, 24, 25, 26, 27, 28, 29, 30,
       31, 38, 40, 41, 42, 43, 44, 46, 47, 53, 57, 58, 60, 61, 85]),)",NAN,NAN,NAN,NAN,NAN,NAN,NAN,NAN,595268.5021631129,139038.65274924872,0.08108400192577392,300.5673388920259,250,502,254,2,249,595268.5021631501,316495902.5227699,0.17215242981910706,9.720950800925493,2.79257584900001,23.928340108599514,5,14,13,5,0,-inf,FAILED,'lam_g',NAN,NAN,NAN,NAN,NAN,NAN
heatexch_gen2,635838.8464,1032993.1150004857,664985.2635267691,0.3331322791054845,309.7765142181888,30.961550799000115,5984.340295061469,51,150,103,50,50,-inf,FAILED,"Objective value wrong, with error 7039591.352775322
Lbg > g(x*,p) + tol:
[1.75635955e-08 1.08909057e-12 8.81772853e-09 9.08585576e-09
 1.76590872e-09 5.55093126e-09 2.35039184e-04 5.67366062e-05
 1.47810651e-05 1.76753651e-05 3.72158109e-05 2.84023398e-05
 1.47812483e-05 1.76754252e-05 5.74602297e-05 3.51363955e-05
 3.80346295e-04 1.40626133e-04 2.01997607e-14 9.99998517e-07
 1.00000068e-06 1.00000022e-06 9.99999427e-07 1.00000022e-06
 1.49999960e-05 1.00000250e-06 6.99999964e-06 1.00000159e-06
 1.59999803e-05 5.65909431e-13 3.38535756e-13 3.38535756e-13
 1.24803046e-12 1.48904510e-11]
for indices:
(array([ 1,  2,  3,  5,  7,  9, 10, 11, 12, 13, 14, 15, 16, 17, 18, 19, 30,
       31, 45, 64, 65, 67, 68, 69, 70, 71, 72, 73, 74, 76, 77, 78, 79, 86]),)
Ubg < g(x*,p) - tol:
[1.39999934e-05 5.99999744e-06 5.00000000e-04 5.02017563e-04
 4.79999999e-04 4.82008817e-04 4.59999999e-04 4.62009085e-04
 3.80000003e-04 3.82001769e-04 3.80000001e-04 3.82005552e-04
 2.35492654e-10 1.77586829e-04 4.38818614e-04 5.91469722e-04
 6.75351433e-09 2.51003802e-10 1.80000045e-05 3.38535756e-13
 2.24848918e-13 2.24848918e-13 1.11162080e-13 1.12524722e-11
 1.39778012e-16 1.39778012e-16 1.39778012e-16 1.39778012e-16
 1.39778012e-16 1.39778012e-16 1.02795643e-15 1.02795643e-15]
for indices:
(array([  6,   8,  20,  21,  22,  23,  24,  25,  26,  27,  28,  29,  52,
        53,  54,  55,  56,  57,  75,  81,  82,  83,  84,  87, 112, 113,
       114, 115, 116, 117, 118, 119]),)",NAN,NAN,NAN,NAN,NAN,NAN,1032993.1150004857,2339934806648.5913,0.2974368897266686,3.651882328093052,1.4458146529999931,5.168807010632008,2,5,4,2,0,-inf,FAILED,'lam_g',NAN,NAN,NAN,NAN,NAN,NAN
heatexch_gen3,64843.69761,-inf,FAILED,"Objective value wrong, with error 453868.39808445325
Lbx > x* for indices:
[[212   0]]
Ubx > x* for indices:
[[307   0]]
Lbg > g(x*,p) + tol:
[9.00626499e+01 5.35016088e+00 1.71877495e+00 4.09490644e-01
 3.26826587e+00 3.00834331e+00 4.14446270e-05 2.40282064e-04
 1.39055010e+00 3.88886066e+00 7.39377624e+00 8.59047169e+00
 1.67400596e+01 1.00785925e+01 2.02996979e+01 2.86634355e+01
 1.36263659e+01 2.05716488e+01 4.34267607e+01 1.92784864e+01
 6.80258212e-04 1.44603498e+01 7.12652756e-05 5.10658051e-05
 6.79902749e-05 2.62371530e-05 1.57251542e+00 1.41637710e+00
 1.05040004e+01 5.66760829e-05 3.97993714e-05 1.27667033e+01
 1.04488310e+01 4.45367865e+00 1.67150300e+01 6.01081861e-05
 1.66235069e+01 4.94959786e+00 3.09272496e+01 7.76552888e+00
 1.55909853e+01 6.44847805e-05 4.74646207e-04 1.02469432e+01
 3.03455698e+00 1.38856508e+01 5.59221510e-05 7.53196008e+00
 5.07623137e-12 6.15673034e+01 1.41033241e+02 1.27011654e+02
 4.56977775e+01 8.22710052e+01 1.57337384e-05 5.51127219e+01
 2.85157003e-04 4.94959686e+00 4.71646223e-04 2.30136429e+01
 2.85714515e-01 1.02555582e+01 5.62509463e-01 8.59999929e-06
 1.27999809e-05 1.05999997e-05 5.59999989e-06 6.10000302e-06
 1.11162080e-13 1.11162080e-13 7.93283107e-13 1.11162080e-13
 2.27121200e-12 1.11162080e-13 3.38535756e-13 9.99999768e-07
 1.11162080e-13 1.11162080e-13 1.37940162e-07 2.80782450e-06]
for indices:
(array([  2,   3,   9,  10,  12,  14,  16,  17,  19,  20,  21,  22,  23,
        24,  25,  28,  30,  32,  34,  36,  40,  43,  46,  53,  55,  57,
        59,  61,  62,  63,  67,  68,  69,  71,  72,  73,  75,  76,  79,
        81,  82,  83,  87,  88,  91,  92,  93,  95,  97, 103, 104, 105,
       106, 107, 108, 112, 113, 116, 117, 118, 123, 134, 139, 242, 245,
       247, 250, 252, 254, 257, 258, 261, 262, 263, 264, 265, 270, 277,
       323, 328]),)
Ubg < g(x*,p) - tol:
[7.06895471e+00 6.29578734e+01 5.50955360e+00 1.92254601e+02
 1.71445184e+02 2.44909863e+00 1.42601039e+02 7.98219003e+01
 1.01965290e-05 3.49336533e-05 5.16077628e+00 4.73596722e+01
 8.21749823e+01 1.58294448e+00 2.86619544e-01 3.98694498e+01
 2.50046942e+01 1.99521999e+01 3.94847271e+01 2.48018079e-07
 1.55423525e+01 9.00626421e+01 3.37095196e-06 1.17654423e+00
 9.29953160e+00 4.73596761e+01 6.55048427e+01 4.01560752e+01
 2.08014311e+01 1.20784877e+01 1.28867924e-02 2.97832597e-04
 7.95386731e+00 3.43441949e+00 3.06391435e+00 9.95755642e-02
 9.97315431e-02 7.66215333e-02 7.64617975e-02 3.01386829e-01
 3.03527851e-01 1.23153226e+00 3.51905856e+00 3.61330218e-01
 3.85939286e-01 5.71424915e-01 5.71821421e-01 2.87729528e-01
 3.18075446e-01 1.27617924e-02 2.95409046e-01 2.46386277e+00
 2.38787824e+00 3.17349368e-01 3.10355808e-01 3.94328999e-01
 3.92515712e-01 6.19819028e-01 2.35894439e-04 3.34192628e-01
 3.55079958e-01 6.31417484e-01 5.74223414e-01 6.97403195e-02
 8.60980423e-02 3.32929160e-01 3.32058550e-01 4.95801396e+00
 6.73404502e+00 3.22523517e+01 1.30834140e+01 1.14126247e-01
 6.29739280e+00 3.52487077e+00 1.98454588e+00 1.98979184e+00
 1.88761859e+00 1.88166168e+00 4.06303340e+00 4.11037971e+00
 1.84328429e-01 1.03743462e-01 2.53816100e+00 4.97687425e+00
 3.00101608e+00 3.33665020e+00 4.73149717e+00 4.73712579e+00
 4.46204859e+00 5.17554717e+00 1.58615262e-01 8.02283058e+00
 7.59938001e+00 4.26487650e+00 4.11300786e+00 5.17087401e+00
 5.13207832e+00 6.94022455e+00 1.43187555e-03 4.61164090e+00
 5.04661747e+00 1.16885266e+00 1.03908258e+00 2.21823510e+00
 3.10222318e+00 4.43380842e+00 4.41447580e+00 1.01717012e-01
 3.02188852e-02 2.73626340e-01 1.35489486e-02 2.97257299e-07
 1.01686390e-04 5.84052319e-08 6.25702461e-03 7.49606142e-03
 1.43998994e-05 7.98943447e-01 2.66934571e-04 7.49380046e-03
 1.77895593e-04 6.54938126e-01 9.44389659e-01 1.41687943e-03
 1.11162080e-13 5.43186616e-14 3.38535756e-13 5.43186616e-14
 6.10000279e-06 3.38535756e-13 1.02065678e-12 5.65909431e-13
 1.11162080e-13 3.38535756e-13 1.11162080e-13 9.83861665e-07]
for indices:
(array([  1,  15,  18,  26,  29,  35,  38,  39,  42,  47,  49,  50,  51,
        52,  54,  64,  65,  85,  89,  98,  99, 100, 101, 102, 109, 110,
       111, 114, 115, 119, 120, 121, 122, 124, 125, 128, 129, 130, 131,
       132, 133, 135, 138, 140, 141, 142, 143, 144, 145, 146, 147, 148,
       149, 150, 151, 152, 153, 154, 155, 156, 157, 158, 159, 160, 161,
       162, 163, 164, 165, 168, 169, 171, 172, 173, 178, 179, 180, 181,
       182, 183, 184, 185, 188, 189, 190, 191, 192, 193, 194, 195, 196,
       198, 199, 200, 201, 202, 203, 204, 205, 206, 207, 208, 209, 210,
       211, 212, 213, 214, 215, 219, 222, 223, 224, 225, 226, 227, 229,
       232, 233, 234, 235, 236, 237, 239, 243, 246, 249, 251, 253, 256,
       266, 268, 271, 274, 278, 335]),)",NAN,NAN,NAN,NAN,NAN,NAN,NAN,NAN,-inf,FAILED,"Objective value wrong, with error 4630925.954012371
Lbg > g(x*,p) + tol:
[1.55429650e-05 1.98528184e-05 1.58235673e-05 2.07364725e-05
 1.46708941e-05 1.73655028e-05 1.46370701e-05 1.72767113e-05
 1.46691905e-05 1.73612393e-05 1.26296240e-05 1.25265629e-05
 9.88220528e-06 8.30159882e-06 2.28473787e-05 3.54035693e-05
 2.27557793e-05 3.50315447e-05 2.28427897e-05 3.53861680e-05
 1.24205176e-05 1.00897004e-05 9.61685416e-06 6.73260003e-06
 3.38525492e-05 5.46519411e-05 3.68201539e-05 6.62145910e-05
 3.39934455e-05 5.51535583e-05 1.14789367e-05 1.02043791e-05
 8.89728401e-06 6.80379955e-06 3.12224772e-05 5.64143487e-05
 3.10708961e-05 5.56129749e-05 3.12146803e-05 5.63767584e-05
 1.38706429e-05 1.00884237e-05 1.07397286e-05 6.73161590e-06
 3.77968182e-05 5.46422041e-05 4.11103882e-05 6.61996054e-05
 3.79543092e-05 5.51435970e-05 1.25517058e-05 1.25300240e-05
 1.65137731e-05 1.34377131e-05 4.25269355e-06 7.10518242e-06
 5.56868774e-06 1.12436371e-05 5.16179546e-06 9.80708846e-06
 2.23450584e-05 1.68816068e-05 1.86838445e-05 1.45098327e-05
 2.56006021e-05 1.78092021e-05 3.44509325e-05 2.67405550e-05
 3.17676586e-05 2.36753176e-05 2.11044534e-05 1.65157907e-05
 1.77975869e-05 1.42321191e-05 5.02330806e-05 2.49991143e-05
 8.04055015e-05 4.02662070e-05 6.29171803e-05 3.31172919e-05
 2.11773885e-05 1.65375093e-05 1.78499437e-05 1.42486425e-05
 5.05867192e-05 2.50553187e-05 6.68704921e-05 3.71946847e-05
 6.27636352e-05 3.30559491e-05 2.11041369e-05 1.65156591e-05
 1.77973098e-05 1.42320139e-05 5.02318288e-05 2.49986639e-05
 8.04031880e-05 4.02653627e-05 6.29155026e-05 3.31167096e-05
 1.08883199e-04 7.43805978e-05 9.77439117e-05 6.75603414e-05
 1.92304661e-04 9.45674850e-05 2.87998071e-04 1.41410451e-04
 2.42426287e-04 1.21872362e-04 6.43694650e-13 5.00000135e-06
 1.59999081e-06 5.00000294e-06 5.79998095e-06 5.00000794e-06
 3.59998512e-06 5.00000567e-06 8.69998075e-06 5.00000794e-06
 5.59999654e-06 4.09999688e-06 6.39999354e-06 1.52999927e-05
 1.18999930e-05 1.02065678e-12 2.61227251e-12 5.22706978e-12
 4.43126191e-12 4.88600926e-12 1.24803046e-12 1.24803046e-12
 3.29439354e-12 3.06701986e-12 3.06701986e-12]
for indices:
(array([  0,   1,   2,   3,   4,   5,   6,   7,   8,   9,  10,  11,  12,
        13,  14,  15,  16,  17,  18,  19,  20,  21,  22,  23,  24,  25,
        26,  27,  28,  29,  30,  31,  32,  33,  34,  35,  36,  37,  38,
        39,  40,  41,  42,  43,  44,  45,  46,  47,  48,  49,  50,  51,
        52,  53,  54,  55,  56,  57,  58,  59,  60,  61,  62,  63,  64,
        65,  66,  67,  68,  69,  70,  71,  72,  73,  74,  75,  76,  77,
        78,  79,  80,  81,  82,  83,  84,  85,  86,  87,  88,  89,  90,
        91,  92,  93,  94,  95,  96,  97,  98,  99, 110, 111, 112, 113,
       114, 115, 116, 117, 118, 119, 177, 241, 242, 243, 244, 245, 246,
       247, 248, 249, 250, 252, 254, 256, 258, 260, 261, 262, 263, 264,
       270, 271, 272, 273, 274]),)
Ubg < g(x*,p) - tol:
[8.01436621e-05 1.02592696e-04 9.75577431e-05 1.36648192e-04
 1.37503484e-04 2.02842467e-04 1.22484236e-04 1.95411798e-04
 1.55171855e-04 2.02805115e-04 7.20021351e-08 2.06463004e-07
 1.83050074e-07 3.21864238e-09 1.24689824e-07 4.77836186e-07
 2.23601181e-07 9.60272903e-08 1.12948745e-07 5.09711075e-08
 7.28710792e-07 1.37152859e-06 1.92767911e-07 8.41565143e-09
 4.85672897e-07 2.34404991e-07 5.04982215e-07 2.86672770e-07
 2.18585160e-08 3.16875064e-07 2.29902153e-07 7.85334213e-07
 7.33491906e-07 1.80871443e-07 9.57997380e-04 7.14069451e-04
 3.25691221e-09 8.41947646e-04 6.66790104e-09 4.52731015e-04
 6.53611527e-10 1.06831269e-09 7.15442956e-10 2.17518906e-09
 7.60000063e-06 6.10000052e-06 8.40000126e-06 1.73000012e-05
 1.39000015e-05 2.38489883e-12 3.29439354e-12 5.34075662e-12
 4.20388824e-12 5.79550397e-12 2.83964619e-12 2.61227251e-12
 4.43126191e-12 4.88600926e-12 4.88600926e-12]
for indices:
(array([100, 101, 102, 103, 104, 105, 106, 107, 108, 109, 121, 122, 128,
       129, 130, 133, 134, 136, 137, 139, 140, 145, 147, 150, 151, 152,
       153, 156, 157, 158, 162, 163, 166, 167, 220, 221, 222, 223, 224,
       225, 226, 227, 228, 229, 251, 253, 255, 257, 259, 265, 266, 267,
       268, 269, 275, 276, 277, 278, 279]),)",NAN,NAN,NAN,NAN,NAN,NAN,-inf,FAILED,"Objective value wrong, with error 32162.17833136791
Lbx > x* for indices:
[[438   0]]
Lbg > g(x*,p) + tol:
[1.31738309e-05 6.04018658e-06 1.33801075e-05 6.30344645e-06
 1.25326155e-05 5.30063465e-06 1.25077468e-05 5.27457900e-06
 1.25314078e-05 5.29823960e-06 1.16856285e-05 3.76022707e-06
 9.60320740e-06 2.54094394e-06 1.94314495e-05 1.04279491e-05
 1.93620843e-05 1.03188424e-05 1.94281664e-05 1.04237760e-05
 1.28745829e-05 2.94823986e-06 1.06349829e-05 2.00664419e-06
 3.00007086e-05 1.55935831e-05 3.23738563e-05 1.89006557e-05
 3.01137609e-05 1.57372377e-05 1.14573334e-05 2.99005167e-06
 9.44536651e-06 2.03396389e-06 2.68510472e-05 1.61407601e-05
 2.67329706e-05 1.59122113e-05 2.68452781e-05 1.61301576e-05
 1.49031313e-05 2.94681089e-06 1.23359624e-05 2.00550815e-06
 3.45325819e-05 1.55879131e-05 3.72519968e-05 1.88944349e-05
 3.46615118e-05 1.57314899e-05 7.22580390e-06 9.40705121e-06
 9.04928391e-06 9.65061033e-06 2.50027871e-06 5.63468335e-06
 3.87140308e-06 9.81511067e-06 3.41200795e-06 8.33532353e-06
 1.29047264e-05 1.25242660e-05 1.02425755e-05 1.03901169e-05
 1.53110097e-05 1.34339303e-05 2.45388867e-05 2.24812157e-05
 2.14983642e-05 1.93101431e-05 1.21859304e-05 1.22620263e-05
 9.75544458e-06 1.01984185e-05 3.00643302e-05 1.86726592e-05
 5.73494702e-05 3.35482643e-05 4.26252429e-05 2.67856508e-05
 1.22281845e-05 1.22776109e-05 9.78421099e-06 1.02098114e-05
 3.02756349e-05 1.87135741e-05 4.76877061e-05 3.10339563e-05
 4.25203823e-05 2.67368368e-05 1.21860303e-05 1.22619315e-05
 9.75527441e-06 1.01983441e-05 3.00642872e-05 1.86724266e-05
 5.73471786e-05 3.35482927e-05 4.26232834e-05 2.67853042e-05
 6.73306723e-05 5.41328854e-05 5.76867859e-05 4.75473007e-05
 1.19615533e-04 6.97272721e-05 2.11094638e-04 1.16126838e-04
 1.69579273e-04 9.70532570e-05 1.44726601e-06 1.04561092e-06
 3.90189670e-07 2.24615065e-06 4.47140396e-13 5.59999688e-06
 4.09999666e-06 6.39999285e-06 1.52999929e-05 1.18999930e-05
 1.02065678e-12 2.61227251e-12 5.22706978e-12 4.20388824e-12
 5.79550397e-12 1.24803046e-12 1.02065678e-12 3.29439354e-12
 3.06701986e-12 3.06701986e-12]
for indices:
(array([  0,   1,   2,   3,   4,   5,   6,   7,   8,   9,  10,  11,  12,
        13,  14,  15,  16,  17,  18,  19,  20,  21,  22,  23,  24,  25,
        26,  27,  28,  29,  30,  31,  32,  33,  34,  35,  36,  37,  38,
        39,  40,  41,  42,  43,  44,  45,  46,  47,  48,  49,  50,  51,
        52,  53,  54,  55,  56,  57,  58,  59,  60,  61,  62,  63,  64,
        65,  66,  67,  68,  69,  70,  71,  72,  73,  74,  75,  76,  77,
        78,  79,  80,  81,  82,  83,  84,  85,  86,  87,  88,  89,  90,
        91,  92,  93,  94,  95,  96,  97,  98,  99, 110, 111, 112, 113,
       114, 115, 116, 117, 118, 119, 148, 154, 164, 165, 179, 250, 252,
       254, 256, 258, 260, 261, 262, 263, 264, 270, 271, 272, 273, 274]),)
Ubg < g(x*,p) - tol:
[6.61257033e-05 3.22170880e-05 8.15105258e-05 4.14717418e-05
 1.17997874e-04 5.91863680e-05 1.03331980e-04 5.72071511e-05
 1.35685163e-04 5.91661668e-05 8.47318771e-07 1.44894903e-06
 1.05139280e-06 1.38869761e-06 3.05523931e-06 1.83177084e-06
 1.36150322e-05 1.74938051e-06 3.56300679e-07 6.75542418e-07
 1.19153279e-06 4.54457905e-07 3.44953068e-06 3.35973039e-07
 2.10123924e-06 1.64663727e-06 2.23140735e-07 2.45975845e-07
 1.86274651e-06 2.40046180e-08 2.55149622e-06 2.30177954e-06
 8.88791150e-07 2.41429178e-07 4.74057971e-07 1.08679694e-06
 1.44849679e-06 2.10948465e-06 1.05251987e-06 1.22702575e-06
 9.25125549e-07 1.16299750e-06 9.56928027e-04 7.13333277e-04
 3.25482322e-09 8.41206390e-04 6.66423464e-09 4.52023055e-04
 6.52645189e-10 1.06746004e-09 7.14561883e-10 2.17327059e-09
 1.00000522e-06 1.00001068e-06 1.00001750e-06 1.00001477e-06
 1.00002160e-06 7.60000046e-06 6.10000052e-06 8.40000149e-06
 1.73000013e-05 1.39000016e-05 2.38489883e-12 3.97651456e-12
 5.34075662e-12 4.20388824e-12 5.34075662e-12 2.38489883e-12
 2.95333302e-12 5.34075662e-12 5.34075662e-12 5.34075662e-12]
for indices:
(array([100, 101, 102, 103, 104, 105, 106, 107, 108, 109, 120, 121, 122,
       123, 125, 126, 127, 128, 130, 131, 132, 133, 134, 138, 139, 140,
       142, 143, 144, 145, 146, 149, 152, 155, 156, 157, 159, 160, 162,
       163, 167, 169, 220, 221, 222, 223, 224, 225, 226, 227, 228, 229,
       240, 242, 244, 246, 248, 251, 253, 255, 257, 259, 265, 266, 267,
       268, 269, 275, 276, 277, 278, 279]),)",NAN,NAN,NAN,NAN,NAN,NAN,NAN,NAN,-inf,FAILED,'lam_g',NAN,NAN,NAN,NAN,NAN,NAN
heatexch_spec1,154997.3349,154997.33363762932,154997.33292911306,0.06011979700997472,0.3332238709554076,0.79607911,0.40939508844166994,3,8,0,3,2,154997.33363762926,154997.3329880176,0.07094956701621413,0.2677936799591407,3,9,0,3,2,166509.5721368665,366321.1305323978,0.06007273308932781,0.151856301818043,0.31903800000000004,0.17302314145490527,2,5,0,2,0,166509.5721368665,366321.13053364586,1.9668390810256824,0.08889106707647443,2,5,0,2,0
heatexch_spec2,634977.8284,-inf,FAILED,Problem can not be solved - Feasible zone is empty,NAN,NAN,NAN,NAN,NAN,NAN,NAN,NAN,-inf,FAILED,Problem can not be solved - Feasible zone is empty,NAN,NAN,NAN,NAN,NAN,NAN,1032135.7758081763,1.0309760178624969e+27,0.05509826587513089,0.17174289980903268,0.25825500000000035,0.3338730661198497,2,2,0,2,0,1032135.7758081763,1.0309760178624969e+27,0.050395529018715024,0.1283542460296303,2,2,0,2,0
heatexch_spec3,64141.64425,-inf,FAILED,Problem can not be solved - Feasible zone is empty,NAN,NAN,NAN,NAN,NAN,NAN,NAN,NAN,-inf,FAILED,Problem can not be solved - Feasible zone is empty,NAN,NAN,NAN,NAN,NAN,NAN,-inf,FAILED,"Objective value wrong, with error 833.1512145011296
Lbg > g(x*,p) + tol:
[3.00000090e-06 1.07999803e-05 3.00000090e-06 1.36999746e-05
 5.99986831e-07 4.00000061e-06 4.00000056e-06 4.00000124e-06
 5.65909431e-13 1.13434362e-12 1.11162080e-13 1.70277781e-12
 3.38535756e-13 5.65909431e-13 1.24803046e-12 3.38535756e-13
 1.24803046e-12]
for indices:
(array([ 3,  5,  7,  9, 10, 14, 16, 18, 21, 22, 23, 24, 30, 31, 32, 33, 34]),)
Ubg < g(x*,p) - tol:
[1.20000108e-05 9.00002521e-06 1.68000068e-05 9.00003158e-06
 1.97000053e-05 1.26000018e-05 1.11000019e-05 8.00002811e-06
 8.00003420e-06 8.00002669e-06 1.00000109e-05 4.00002329e-06
 4.00002579e-06 4.00003057e-06 4.00002898e-06 1.00000145e-05
 1.00000104e-05 2.00002625e-06 2.00003353e-06 2.00002444e-06
 1.11162080e-13 1.11162080e-13 1.11162080e-13 1.11162080e-13
 1.11162080e-13 1.11162080e-13 1.11162080e-13 1.11162080e-13
 1.11162080e-13 1.11162080e-13 1.11162080e-13 1.11162080e-13
 1.11162080e-13 1.11162080e-13 1.11162080e-13 1.11162080e-13
 1.11162080e-13 1.11162080e-13 1.11162080e-13 1.11162080e-13
 1.11162080e-13 1.11162080e-13 1.11162080e-13 1.11162080e-13]
for indices:
(array([  0,   2,   4,   6,   8,  11,  13,  15,  17,  19,  25,  26,  27,
        28,  29,  35,  36,  37,  38,  39,  94,  95,  96,  97,  98,  99,
       104, 105, 106, 107, 108, 109, 114, 115, 116, 117, 118, 119, 124,
       125, 126, 127, 128, 129]),)",NAN,NAN,NAN,NAN,NAN,NAN,NAN,NAN,-inf,FAILED,'lam_g',NAN,NAN,NAN,NAN,NAN,NAN
hybriddynamic_var,1.536415162,1.536415142589554,1.536415142589554,1.5226994319818914,0.12016910500824451,0.11885299999999999,0.06925259344279766,2,2,0,2,1,1.536415142589554,1.536415142589554,1.2029748940840364,0.05058514804113656,2,2,0,2,1,1.536415142589554,9.712003703215473,0.08566805208101869,0.1709396168589592,0.09015799999999999,0.1249712142162025,2,2,0,2,0,1.536415142589554,9.80875969727326,1.4515662890626118,0.04693332896567881,2,2,0,2,0
johnall,-224.7301616,-224.73016203509988,-224.73016203487933,1.1204323079437017,0.55933080567047,0.924195,0.30882030073553324,2,2,0,2,0,-224.73016203509988,-224.73016203487933,8.461848011938855,0.7551623369799927,2,2,0,2,0,-224.73016203509988,-128.61258111766608,1.1201488757506013,0.5538950306363404,0.9393770000000001,0.30564011353999376,2,2,0,2,0,-224.73016203509988,-128.61258111765235,0.9448540380690247,0.1650930520845577,2,2,0,2,0
kport20,31.8092982,-inf,FAILED,Problem can not be solved - Feasible zone is empty,NAN,NAN,NAN,NAN,NAN,NAN,NAN,NAN,34.829465088793114,31.101350954151687,0.5347203790443018,300.2152910470031,107,527,525,2,106,-inf,FAILED,"Integer infeasible: [ 7.93813334  6.93813334  2.93813335  2.93813335  0.93813335  0.93813335
  0.93813334  0.14773334  1.93813335  0.93813335  0.93813334  0.14773334
  0.10773334  0.10773334  0.10773334  5.92266668 11.92266668  2.92266668
  1.92266668  0.92266668  1.92266668  0.13226668  1.92266668  0.13226668
  0.09226668  0.09226668  0.09226668] (array([ 0,  2,  3,  4,  6,  8,  9, 10, 11, 13, 14, 15, 16, 17, 18, 19, 20,
       21, 24, 25, 26, 29, 31, 34, 35, 36, 37]),)",NAN,NAN,NAN,NAN,NAN,NAN,NAN,NAN,34.829465088601594,2956.538084558517,0.11212574690580368,0.813575373031199,3,9,7,3,0
kport40,37.17581241,37.500012953112716,37.30165622050872,1.1877446067519486,25.218868795316666,22.345446732000003,129.21127787791193,14,37,32,9,6,38.176407261755074,37.392370836921984,0.35795301699545234,300.04844266199507,61,291,279,2,60,38.64642125981946,37.509313335196836,0.31395093677565455,301.8795579909347,107.35020525500002,13390.581891357433,126,129,127,126,0,38.36177593760969,92.1861996083062,0.29282829200383276,46.999855881906115,2,5,2,2,0
nvs01,12.46966882,12.46966882156821,12.46966882156821,0.031301583629101515,0.06698165507987142,0.03536700000000001,0.06533773150295019,2,5,2,2,1,12.46966882156821,12.46966882156821,0.0297239669598639,0.031946518924087286,2,5,2,2,1,12.46966882156821,12.620560263690123,0.03553323820233345,0.06467670388519764,0.029537999999999995,0.07158779539167881,2,5,2,2,0,12.46966882156821,12.952730046898523,0.02660888503305614,0.026061236974783242,2,5,2,2,0
nvs05,5.470934108,5.470934109132357,7.201742594927766,0.016581391915678978,0.27552281273528934,0.06871064000000016,0.9345778073184192,4,5,2,3,3,5.470934109132358,7.1629251988940785,0.016874316963367164,0.3747295719804242,4,5,2,3,3,12.44979159708756,273.0858288994932,0.015190494246780872,0.2545040091499686,0.07790017099999998,0.9565861509181559,4,5,4,4,0,-inf,FAILED,'lam_g',NAN,NAN,NAN,NAN,NAN,NAN
nvs08,23.44972735,23.4497273467636,23.4497273467636,0.011193645186722279,0.05691556632518768,0.032851,0.08019943023100495,3,4,0,3,1,23.4497273467636,23.4497273467636,0.011326050036586821,0.020877673057839274,2,4,0,2,1,23.4497273467636,23.4497273467636,0.011073097586631775,0.04940811125561595,0.027827000000000005,0.08082332881167531,3,4,0,3,0,23.4497273467636,23.4497273467636,0.1063708090223372,0.015991103020496666,2,4,0,2,0
nvs20,230.9221652,230.92216293970984,229.7077380220426,0.014600655995309353,0.16454415721818805,0.306163,0.2575837504118681,4,9,0,4,3,230.92216293970984,229.7077380220426,0.025182285928167403,0.07990145694930106,4,9,0,2,3,230.92216293970984,270.5135798912582,0.014613296836614609,0.04363192431628704,0.070297,0.04643048346042633,2,3,0,2,0,230.92216293970984,270.5135798912582,0.012000081012956798,0.020787668996490538,2,3,0,2,0
nvs21,-5.6847825,-4.85101451327195,-4.85101451327195,0.012325659859925508,0.06594667490571737,0.034781,0.0951433046720922,3,4,0,3,2,-4.952077315682856,-4.952077315682856,0.011741976020857692,0.05011814704630524,4,7,1,3,3,-4.85101451327195,161.9650586049902,0.011699791997671127,0.031032144092023373,0.021376999999999997,0.04505378473550081,2,2,0,2,0,-4.85101451327195,2.974678114276003,0.009030698100104928,0.014287563972175121,2,2,0,2,0
nvs22,6.05822,6.05822,6.05822,0.013894502073526382,0.06504214182496071,0.061908000000000005,0.07294123200699687,2,3,1,2,1,6.05822,6.05822,0.016907242010347545,0.0662481039762497,3,6,2,2,2,6.05822,2043869.4816568643,0.014086020644754171,0.0573389632627368,0.052604000000000005,0.07389033958315849,2,3,1,2,0,6.05822,1713789.0541851968,0.011381007032468915,0.03443582996260375,2,4,1,2,0
oaer,-1.923098514,-inf,FAILED,Problem can not be solved - Feasible zone is empty,NAN,NAN,NAN,NAN,NAN,NAN,NAN,NAN,-inf,FAILED,Problem can not be solved - Feasible zone is empty,NAN,NAN,NAN,NAN,NAN,NAN,-1.9230986010015645,-1.9230986010015645,0.012623511720448732,0.028101481962949038,0.011625,0.03398151230067015,2,2,0,2,0,-1.9230986010015645,-1.9230986010015645,0.010194813017733395,0.013504675007425249,2,2,0,2,0
ortez,-9532.039053,-inf,FAILED,Problem can not be solved - Feasible zone is empty,NAN,NAN,NAN,NAN,NAN,NAN,NAN,NAN,-inf,FAILED,Problem can not be solved - Feasible zone is empty,NAN,NAN,NAN,NAN,NAN,NAN,-inf,FAILED,"Integer infeasible: [0.01438807 0.96345436 0.96345436] (array([2, 5, 8]),)",NAN,NAN,NAN,NAN,NAN,NAN,NAN,NAN,-inf,FAILED,"Integer infeasible: [0.01438807 0.96345436 0.96345436] (array([2, 5, 8]),)",NAN,NAN,NAN,NAN,NAN,NAN
parallel,924.2955507,924.2915486851967,924.2908284081947,0.2876048106700182,0.5822843909263611,1.228256112,0.5578839778900146,2,5,0,2,1,924.2915486852484,924.2907979501688,0.19973671901971102,0.4138964799931273,2,4,0,2,1,924.2915486851967,8345.276985883023,0.19605762604624033,0.629651639610529,1.2331279999999998,0.6391870835795999,2,5,0,2,0,924.2915486851967,9255.402896298605,0.1902917140396312,0.34844376309774816,2,4,0,2,0
pooling_epa1,-280.8056329,-280.8060577000714,-280.8060577000715,1.5084924502298236,1.2879830980673432,0.7285751610000029,2.9046277590095997,2,2,0,2,1,-inf,FAILED,"Error in Function::call for 'benders_constraint_0' [MXFunction] at .../casadi/core/function.cpp:1432:
Error in Function::call for 'benders_constraint_0' [MXFunction] at .../casadi/core/function.cpp:361:
Error in Function::operator() for 'benders_constraint_0_qpsol' [GurobiInterface] at .../casadi/core/function.cpp:1513:
.../casadi/interfaces/gurobi/gurobi_interface.cpp:470: Assertion ""!flag"" failed:
Objective Q not PSD (diagonal adjustment of 1.6e+00 would be required). Set NonConvex parameter to 2 to solve model.",NAN,NAN,NAN,NAN,NAN,NAN,-280.8060577000714,155450.6196730584,1.5214721853844821,1.1810000110417604,0.7647679150000013,2.8872147067449987,2,2,0,2,0,-inf,FAILED,"Error in Function::call for 'benders_constraint_0' [MXFunction] at .../casadi/core/function.cpp:1432:
Error in Function::call for 'benders_constraint_0' [MXFunction] at .../casadi/core/function.cpp:361:
Error in Function::operator() for 'benders_constraint_0_qpsol' [GurobiInterface] at .../casadi/core/function.cpp:1513:
.../casadi/interfaces/gurobi/gurobi_interface.cpp:470: Assertion ""!flag"" failed:
Objective Q not PSD (diagonal adjustment of 1.0e-03 would be required). Set NonConvex parameter to 2 to solve model.",NAN,NAN,NAN,NAN,NAN,NAN
pooling_epa2,-4567.355812,-3433.6788484650833,-1363.7377098235866,3.640580336097628,2.461690708063543,1.3699119999999971,5.3560801786370575,2,2,0,2,0,-3433.6788485297084,-1384.0154195402029,1.750281885964796,7.781011604005471,2,3,1,2,2,-3433.6788484650833,1878.3760483302176,3.717277626041323,2.521447560749948,1.4122148910000005,5.460423996672034,2,2,0,2,0,-inf,FAILED,"Error in Function::call for 'benders_constraint_0' [MXFunction] at .../casadi/core/function.cpp:1432:
Error in Function::call for 'benders_constraint_0' [MXFunction] at .../casadi/core/function.cpp:361:
Error in Function::operator() for 'benders_constraint_0_qpsol' [GurobiInterface] at .../casadi/core/function.cpp:1513:
.../casadi/interfaces/gurobi/gurobi_interface.cpp:470: Assertion ""!flag"" failed:
Objective Q not PSD (diagonal adjustment of 1.0e-04 would be required). Set NonConvex parameter to 2 to solve model.",NAN,NAN,NAN,NAN,NAN,NAN
prob10,3.445503794,3.4455037882283115,3.4455037882283115,0.027767243795096874,0.04840797418728471,0.023675999999999996,0.06269707251340151,2,3,0,2,1,3.4455037882283115,3.4455037882283115,0.05101622606161982,0.024721112102270126,2,3,0,2,1,3.4455037882283115,5.058833021833472,0.02465803036466241,0.04171995632350445,0.017792,0.0614026035182178,2,3,0,2,0,3.4455037882283115,5.058833021833827,1.548956734011881,0.02440578304231167,2,3,0,2,0
procsel,-1.923098738,-1.411002128193271,-1.411002128193271,0.012330996803939342,0.03414952987805009,0.022082,0.032308345660567284,2,2,0,2,1,-1.411002128193271,-1.411002128193271,0.010227824910543859,0.016866147983819246,2,2,0,2,1,-1.411002128193271,-1.411002128193271,0.011266154702752829,0.02597434027120471,0.012532,0.03173104440793395,2,2,0,2,0,-1.411002128193271,-1.411002128193271,0.009888087981380522,0.013133131084032357,2,2,0,2,0
sfacloc1_2_90,17.89155452,17.891542667170793,17.891542667170793,0.6399684860371053,0.45020337402820587,0.44980469199999995,0.3784977230243385,2,2,0,2,1,18.031338030087827,17.986142302905705,0.2367286829976365,0.32127209391910583,2,4,0,2,1,17.891542667170793,17.891542667170793,0.6007931036874652,0.31994204316288233,0.4309380000000002,0.3721841238439083,2,2,0,2,0,18.031338030087827,897.6507809599862,0.5788417919538915,0.278901202022098,2,4,0,2,0
sfacloc1_2_95,18.8500827,18.850070175441356,18.85007020949694,0.32187050208449364,0.251329128164798,0.42769700000000016,0.362572421785444,2,2,0,2,0,18.850070175441356,18.85007020949694,0.14615823898930103,0.18215826607774943,2,2,0,2,0,18.850070175441356,18.85007020949694,0.3007971500046551,0.2433930290862918,0.3891429999999999,0.3538132072426379,2,2,0,2,0,18.850070175441356,18.85007020949694,0.2980509389890358,0.1712207020027563,2,2,0,2,0
sfacloc1_3_90,11.62198856,11.900051431868313,11.900051431868313,0.9785431162454188,0.6383214709348977,0.4911890000000003,0.6679593166336417,2,2,0,2,1,11.900051431868313,11.900051431868313,0.348542248015292,0.3654553589876741,2,2,0,2,1,11.900051431868313,11.900051431868313,0.9241231149062514,0.47269227588549256,0.48519499999999965,0.649315966758877,2,2,0,2,0,11.900051431868313,917.7337933885865,0.9085887960391119,0.30677121493499726,2,2,0,2,0
sfacloc1_3_95,12.30250678,12.456719378172272,12.456719419609989,0.578187373932451,0.36479336209595203,0.49661641599999923,0.5464134435169399,2,2,0,2,0,12.456719378172272,12.456719419609989,0.22706924797967076,0.2722267999779433,2,2,0,2,0,12.456719378172272,12.456719419609989,0.5537001639604568,0.3485736306756735,0.4149964649999996,0.5116843776777387,2,2,0,2,0,12.456719378172272,12.456719419609989,0.5419872410129756,0.2528084539808333,2,2,0,2,0
sfacloc1_4_90,10.45745824,11.145754337157246,11.859855241614245,1.4005053397268057,0.7974602980539203,0.6101100910000005,1.3047653012908995,2,2,0,2,0,11.145754337157246,11.859855241614245,0.44312661699950695,0.6757493159966543,2,2,0,2,0,11.145754337157246,11.881159152657876,1.3217007862403989,0.7848426881246269,0.6189335570000021,1.2841950547881424,2,2,0,2,0,11.145754337157246,829.5524047908839,1.2856626720167696,0.5819398990133777,2,2,0,2,0
sfacloc1_4_95,11.18412235,11.256016108211245,11.682879156374616,0.908605236094445,0.6238103699870408,0.5563252229999982,1.0111112794838846,2,2,0,2,0,11.256016108211245,11.682879156374616,0.3106125579215586,0.5554271049331874,2,2,0,2,0,11.256016108211245,11.682879156374616,0.8576315487734973,0.6196915879845619,0.5383400539999995,1.0028195977210999,2,2,0,2,0,11.256016108211245,11.682879156374616,0.8248133620945737,0.5138153659645468,2,2,0,2,0
sfacloc2_2_90,18.59410919,18.68140514349397,18.663068172467824,0.8219933919608593,0.7246608850546181,1.208919187,0.5479809655807912,2,5,0,2,1,18.779944943174286,18.662414372471204,0.36019577900879085,0.34520499396603554,2,4,0,2,1,18.68140514349397,18.69883310430827,0.7629611482843757,0.5469857780262828,1.132612,0.5542957996949553,2,5,0,2,0,18.779944943174286,7227.187135117827,0.7436595089966431,0.34734502504579723,2,4,0,2,0
sfacloc2_2_95,19.57755165,19.59920864381715,19.576969064628173,0.4231613436713815,0.429562428034842,0.8989155670000001,0.41419914783909917,2,4,0,2,1,19.82556521676093,19.825565216760925,0.2054926409618929,0.2699055620469153,2,4,0,2,1,19.59920864381715,19.736906667510105,0.39930325327441096,0.3345790267921984,0.8366179999999999,0.40029367711395025,2,4,0,2,0,19.82556521676093,1997.3939494974911,0.37516903004143387,0.22912916704081,2,4,0,2,0
sfacloc2_3_90,15.09450105,15.094491507015285,15.094491507015285,1.3351245829835534,0.9821912217885256,1.429199063,0.7598601337522268,2,5,0,2,1,15.80347036590109,15.796934833880789,0.5317688159411773,0.5597784699639305,2,5,0,2,1,15.094491507015285,16.541608723639122,1.2807294549420476,0.7331491210497916,1.416359,0.7355693276040256,2,5,0,2,0,15.80347036590109,1761.8476335941814,1.2205227909144014,0.5117117209592834,2,5,0,2,0
sfacloc2_3_95,16.15112012,16.15111010855023,16.15111010855023,0.857235009316355,0.6963111651130021,1.321683159,0.6241700332611799,2,5,0,2,1,16.729037141363168,16.729037141363168,0.3777591789839789,0.302233602036722,2,2,0,2,1,16.15111010855023,17.72349624907023,0.81403734581545,0.5615276740863919,1.2894277250000001,0.6141580957919359,2,5,0,2,0,16.729037141363168,1234.935538166319,0.7669079879997298,0.31540169392246753,2,2,0,2,0
sfacloc2_4_90,13.41150335,13.843831404383316,13.83375887692744,2.0675406982190907,1.1656621280126274,1.5730627790000005,0.9026552666909993,2,4,0,2,1,20.410820069452235,20.565120782604758,0.7297391829779372,0.6372027490288019,3,5,0,3,1,13.843831404383316,16.719214867324293,1.9715119022876024,0.8565238630399108,1.5067420940000003,0.8944488475099206,2,4,0,2,0,21.125140500621537,5544.80951070704,1.867066512000747,0.3805327060399577,2,2,0,2,0
sfacloc2_4_95,14.29917733,15.32645602145708,15.32645602145708,1.3769463766366243,0.8503513592295349,1.5073000000000008,0.7739143944345415,2,5,0,2,1,25.174087929348566,25.174087929348566,0.5343220109352842,0.31067674700170755,2,2,0,2,1,15.32645602145708,18.520815787828376,1.3341584857553244,0.6788969440385699,1.442311,0.7654608269222081,2,5,0,2,0,25.174087929348566,5290.492324879859,1.251866108039394,0.2881258489796892,2,2,0,2,0
spring,0.8462441005,0.8688286159021197,0.8688286159021197,0.03432708187028766,0.1808186867274344,0.194947383,0.3190705385059118,3,8,1,3,2,0.8688286159021199,0.8688286159021199,0.03817648906260729,0.10814864898566157,3,8,1,3,2,0.9876579750547234,2.678560858785495,0.030543262138962746,0.12776733795180917,0.159979,0.1489941505715251,2,6,1,2,0,0.9876579750547234,2.678560858785495,0.026650822954252362,0.06717470800504088,2,6,1,2,0
st_e15,7.667180069,7.667180068813135,7.667180061604702,0.013034998439252377,0.028877841774374247,0.015178,0.03971702791750431,2,2,0,2,0,7.667180068813135,7.667180061604702,0.011302030994556844,0.013920187018811703,2,2,0,2,0,7.667180068813135,7.667180061604702,0.013258136343210936,0.02700471505522728,0.012294999999999999,0.03800934460014105,2,2,0,2,0,7.667180068813135,7.667180061604702,0.011166722979396582,0.014655234990641475,2,2,0,2,0
st_e29,-0.9434705,-0.9049614980951736,-0.9049614980951736,0.014376689214259386,0.0870820521377027,0.069765,0.10790766775608063,3,4,0,3,2,-0.9049614980951736,-0.9049614980951736,0.012077613035216928,0.034025858039967716,3,4,0,2,2,-0.9049614980951736,0.9991907703030591,0.013306986074894667,0.0329128778539598,0.023521,0.04251819662749767,2,2,0,2,0,-0.9049614980951736,-0.881378412055966,0.011405189987272024,0.01668600901030004,2,2,0,2,0
st_e32,-1.430407283,-1.4304072818874314,-1.4304072819263198,0.04967383574694395,0.17032146034762263,0.30916475899999996,0.30602660961449146,2,2,0,2,1,-1.4304072818874314,-1.4304072819251408,0.06364795798435807,0.14571608800906688,2,2,0,2,1,-1.4304072818874314,6.727800725584984,0.048237756825983524,0.15729024214670062,0.3106370100000001,0.29481721576303244,2,2,0,2,0,-1.4304072818874314,14575.591891913675,0.04467746301088482,0.10946157306898385,2,2,0,2,0
st_e35,64868.07684,-inf,FAILED,"Error in Function::call for 'benders_with_0_cut' [MXFunction] at .../casadi/core/function.cpp:1458:
Error in Function::call for 'benders_with_0_cut' [MXFunction] at .../casadi/core/function.cpp:362:
Error in Function::operator() for 'benders_with_0_cut_qpsol' [GurobiInterface] at .../casadi/core/function.cpp:1539:
.../casadi/core/conic.cpp:499: Assertion ""lb <= ub && lb!=inf && ub!=-inf"" failed:
Ill-posed problem detected: LBA[0] <= UBA[0] was violated. Got LBA[0] = -nan and UBA[0] = -nan.",NAN,NAN,NAN,NAN,NAN,NAN,NAN,NAN,-inf,FAILED,"Error in Function::call for 'benders_with_0_cut' [MXFunction] at .../casadi/core/function.cpp:1432:
Error in Function::call for 'benders_with_0_cut' [MXFunction] at .../casadi/core/function.cpp:361:
Error in Function::operator() for 'benders_with_0_cut_qpsol' [GurobiInterface] at .../casadi/core/function.cpp:1513:
.../casadi/core/conic.cpp:497: Assertion ""lb <= ub && lb!=inf && ub!=-inf"" failed:
Ill-posed problem detected: LBA[0] <= UBA[0] was violated. Got LBA[0] = -nan and UBA[0] = -nan.",NAN,NAN,NAN,NAN,NAN,NAN,-inf,FAILED,"Error in Function::call for 'benders_constraint_0' [MXFunction] at .../casadi/core/function.cpp:1458:
Error in Function::call for 'benders_constraint_0' [MXFunction] at .../casadi/core/function.cpp:362:
Error in Function::operator() for 'benders_constraint_0_qpsol' [GurobiInterface] at .../casadi/core/function.cpp:1539:
.../casadi/interfaces/gurobi/gurobi_interface.cpp:279: Assertion ""!flag"" failed:
Element 0 of a double array is Nan.",NAN,NAN,NAN,NAN,NAN,NAN,NAN,NAN,-inf,FAILED,'lam_g',NAN,NAN,NAN,NAN,NAN,NAN
st_e36,-246.0,-244.84344322500846,-198.7880000000055,0.34644161676988006,0.05709264287725091,0.038402999999999916,0.11937208101153374,2,2,0,2,0,-244.84344322500846,-198.7880000000055,0.3684871789300814,0.033041771966964006,2,2,0,2,0,-244.84344322500846,-198.7880000000055,0.338142067193985,0.05671913316473365,0.03892899999999993,0.12031091144308448,2,2,0,2,0,-244.84344322500846,-196.0,0.3013434619642794,0.029597647953778505,2,2,0,2,0
st_e38,7197.727149,7197.7271168279385,7197.7271168279385,0.013051148969680071,0.038524581119418144,0.020708,0.0380921745672822,2,2,0,2,1,7197.7271168279385,7197.7271122335715,0.01047744497191161,0.01304596895352006,2,2,0,2,0,7197.7271168279385,7197.7271168279385,0.0112942298874259,0.027095830999314785,0.014920999999999999,0.03374593937769532,2,2,0,2,0,7197.7271168279385,7197.7271168279385,0.00966524297837168,0.013485494069755077,2,2,0,2,0
st_e40,30.4142135,-inf,FAILED,"Ubg < g(x*,p) - tol:
[3.57667765]
for indices:
(array([0]),)",NAN,NAN,NAN,NAN,NAN,NAN,NAN,NAN,-inf,FAILED,"Ubg < g(x*,p) - tol:
[2.34208476 0.69659189]
for indices:
(array([0, 5]),)",NAN,NAN,NAN,NAN,NAN,NAN,-inf,FAILED,"Objective value wrong, with error 4.414212499999989
Ubg < g(x*,p) - tol:
[2.34573685 0.6929398 ]
for indices:
(array([0, 5]),)",NAN,NAN,NAN,NAN,NAN,NAN,NAN,NAN,-inf,FAILED,'lam_g',NAN,NAN,NAN,NAN,NAN,NAN
supplychainp1_020306,437551.6764,437551.64259048045,444143.40427704656,0.1895229401998222,0.519285521004349,1.058892,0.9372344124130905,3,4,0,3,2,437551.64259048045,444143.40427704656,0.13252589898183942,0.36718605796340853,3,4,0,3,2,718830.6361705152,84842420648815.94,0.17610071413218975,0.33049062080681324,0.8080089999999999,0.42883542086929083,2,2,0,2,0,718830.6361705152,84842420648815.94,0.17202626005746424,0.24545968789607286,2,2,0,2,0
supplychainr1_020306,437551.183,593974.6145859534,645267.1740896336,0.08729128306731582,0.8677392117679119,1.3632280540000001,1.9905253774486482,5,10,5,4,4,728200.9493087523,496013.89688841096,0.09011281002312899,300.48720482503995,1022,1026,1022,3,1021,743905.1636882719,6.601655105667564e+20,0.08791282819584012,0.18017880199477077,0.33149599999999996,0.3247965993359685,2,2,1,2,0,-inf,FAILED,'lam_g',NAN,NAN,NAN,NAN,NAN,NAN
supplychainr1_030510,860440.1578,860447.9492862888,923414.2864309872,0.3361594998277724,10.899633556138724,10.915395201,21.45998744107783,4,11,4,3,3,860447.9492862888,923582.9195126503,0.2918404480442405,26.564499843050726,138,143,139,138,3,-inf,FAILED,"Integer infeasible: [0.07601489 0.07603365 0.18134539 0.07601158 0.07601492 0.07602917
 0.18134547 0.07601172 0.07601488 0.07603463 0.1813454  0.07601155
 0.22804469 0.22809746 0.54403626 0.22803485 0.09377351 0.22794075
 0.22795272 0.22795214 0.2279525  0.22793032 0.22794387 0.22793595
 0.22794713 0.22799865 0.22795203 0.22799826 0.22800167 0.22800164
 0.22798862 0.22798445 0.22799442 0.22798528 0.450199   0.54395126
 0.31601393 0.31601028 0.31601695 0.5439502  0.54395416 0.54394531
 0.31602981 0.54394657 0.22794357 0.22794677 0.22794661 0.22794648
 0.22793125 0.22794581 0.22793209] (array([ 0,  1,  2,  4,  5,  6,  7,  9, 10, 11, 12, 14, 15, 16, 17, 19, 20,
       21, 22, 23, 24, 25, 26, 27, 28, 30, 31, 32, 33, 34, 35, 37, 38, 39,
       40, 41, 42, 43, 44, 45, 46, 47, 48, 49, 60, 62, 63, 64, 66, 68, 69]),)",NAN,NAN,NAN,NAN,NAN,NAN,NAN,NAN,-inf,FAILED,'lam_g',NAN,NAN,NAN,NAN,NAN,NAN
synheat,154997.3349,154997.3336582461,154997.33330947132,0.04955964395776391,0.3543470758013427,0.7702682129999999,0.4431670387275517,3,8,0,3,2,154997.33365824624,154997.33276495922,0.0548848588950932,0.2594410069286823,3,8,0,3,2,166509.57213692094,366321.1287310325,0.057951987721025944,0.15737333428114653,0.336882,0.1695930133573711,2,5,0,2,0,166509.57213692094,366321.12873228197,0.37232036504428834,0.08885946194641292,2,5,0,2,0
tanksize,1.268643754,1.2686437708643796,1.2686437708644467,0.0745820221491158,0.36145229497924447,0.49513406799999987,0.45339788403362036,3,4,1,3,1,1.2686437708644465,1.2686437708644465,0.06720511300954968,0.22737765801139176,3,5,1,2,2,1.2686437708643796,2.374701134803266,0.0701941680163145,0.15919056301936507,0.26477217299999994,0.1664043040946126,2,3,0,2,0,1.2686437708643796,61531784.82681666,0.06479364400729537,0.1014168809633702,2,3,0,2,0
transswitch0009p,5296.686204,5296.686202417371,5296.686202412342,0.19305453822016716,0.5757652842439711,0.27406517799999996,0.6386408032849431,4,4,2,4,2,-inf,FAILED,Problem can not be solved - Feasible zone is empty,NAN,NAN,NAN,NAN,NAN,NAN,-inf,FAILED,"Integer infeasible: [0.01883869] (array([0]),)",NAN,NAN,NAN,NAN,NAN,NAN,NAN,NAN,-inf,FAILED,"Integer infeasible: [0.01883869] (array([0]),)",NAN,NAN,NAN,NAN,NAN,NAN
transswitch0009r,5296.686204,-inf,FAILED,Problem can not be solved - Feasible zone is empty,NAN,NAN,NAN,NAN,NAN,NAN,NAN,NAN,-inf,FAILED,Problem can not be solved - Feasible zone is empty,NAN,NAN,NAN,NAN,NAN,NAN,-inf,FAILED,"Integer infeasible: [0.08011679 0.08011679 0.08011679 0.08011679 0.08011679 0.08011679
 0.08011679 0.08011679 0.08011679] (array([0, 1, 2, 3, 4, 5, 6, 7, 8]),)",NAN,NAN,NAN,NAN,NAN,NAN,NAN,NAN,-inf,FAILED,'lam_g',NAN,NAN,NAN,NAN,NAN,NAN
transswitch0014p,8082.58169,8082.581682062401,8082.301047586405,1.4622509949840605,0.20703640626743436,0.268045095,0.20779085019603372,2,2,0,2,0,8082.581682062387,8082.581682062386,1.1338251900160685,0.2989676920697093,2,2,0,2,1,8082.581682062401,8082.301047586405,0.7326032249256968,0.203796258661896,0.23600163999999996,0.20233427453786135,2,2,0,2,0,8082.581682062401,8189.764427651819,1.2472487889463082,0.191280325059779,2,2,0,2,0
transswitch0014r,8082.58169,-inf,FAILED,Problem can not be solved - Feasible zone is empty,NAN,NAN,NAN,NAN,NAN,NAN,NAN,NAN,-inf,FAILED,Problem can not be solved - Feasible zone is empty,NAN,NAN,NAN,NAN,NAN,NAN,-inf,FAILED,"Integer infeasible: [0.06076052 0.06076052 0.06076052 0.06076052 0.06076052 0.06076052
 0.06076052 0.06076052 0.06076052 0.06076052 0.06076052 0.06076052
 0.06076052 0.06076052 0.06076052 0.06076052 0.06076052 0.06076052
 0.06076052 0.06076052] (array([ 0,  1,  2,  3,  4,  5,  6,  7,  8,  9, 10, 11, 12, 13, 14, 15, 16,
       17, 18, 19]),)",NAN,NAN,NAN,NAN,NAN,NAN,NAN,NAN,-inf,FAILED,'lam_g',NAN,NAN,NAN,NAN,NAN,NAN
transswitch0030p,573.9181324,573.918131532773,573.7026749824347,3.374876597430557,0.4247342380695045,0.847586412,0.379301686771214,2,2,0,2,0,573.9181315327788,573.9181315327788,1.7720788540318608,0.7095833360217512,2,2,0,2,1,573.918131532773,573.7114940235455,3.0924034230411053,0.42557331873103976,0.86523028,0.38657200848683715,2,2,0,2,0,573.918131532773,1892.4310364580451,3.3702435239683837,0.5157404359197244,2,2,0,2,0
transswitch0030r,573.9181324,-inf,FAILED,Problem can not be solved - Feasible zone is empty,NAN,NAN,NAN,NAN,NAN,NAN,NAN,NAN,-inf,FAILED,Problem can not be solved - Feasible zone is empty,NAN,NAN,NAN,NAN,NAN,NAN,-inf,FAILED,"Integer infeasible: [0.03238268 0.03238268 0.03238268 0.03238268 0.03238268 0.03238268
 0.03238268 0.03238268 0.03238268 0.03238268 0.03238268 0.03238268
 0.03238268 0.03238268 0.03238268 0.03238268 0.03238268 0.03238268
 0.03238268 0.03238268 0.03238268 0.03238268 0.03238268 0.03238268
 0.03238268 0.03238268 0.03238268 0.03238268 0.03238268 0.03238268
 0.03238268 0.03238268 0.03238268 0.03238268 0.03238268 0.03238268
 0.03238268 0.03238268 0.03238268 0.03238268 0.03238268] (array([ 0,  1,  2,  3,  4,  5,  6,  7,  8,  9, 10, 11, 12, 13, 14, 15, 16,
       17, 18, 19, 20, 21, 22, 23, 24, 25, 26, 27, 28, 29, 30, 31, 32, 33,
       34, 35, 36, 37, 38, 39, 40]),)",NAN,NAN,NAN,NAN,NAN,NAN,NAN,NAN,-inf,FAILED,'lam_g',NAN,NAN,NAN,NAN,NAN,NAN
transswitch0039p,41866.12319,41866.123169086975,41866.123169086975,5.302941319998354,0.6397910066880286,0.9406607579999999,0.5182395586743951,2,2,0,2,1,41866.12316908696,41866.12316908696,3.8259582929313183,0.9020593070890754,2,2,0,2,1,41866.123169086975,41866.123169086975,4.39977189199999,0.47409849101677537,0.9291661800000001,0.5263899583369493,2,2,0,2,0,41866.123169086975,41987.4934777841,5.30336394708138,0.6083249989897013,2,2,0,2,0
transswitch0039r,41866.12319,-inf,FAILED,Problem can not be solved - Feasible zone is empty,NAN,NAN,NAN,NAN,NAN,NAN,NAN,NAN,-inf,FAILED,Problem can not be solved - Feasible zone is empty,NAN,NAN,NAN,NAN,NAN,NAN,-inf,FAILED,"Integer infeasible: [0.13318099 0.13318099 0.13318099 0.13318099 0.13318099 0.13318099
 0.13318099 0.13318099 0.13318099 0.13318099 0.13318099 0.13318099
 0.13318099 0.13318099 0.13318099 0.13318099 0.13318099 0.13318099
 0.13318099 0.13318099 0.13318099 0.13318099 0.13318099 0.13318099
 0.13318099 0.13318099 0.13318099 0.13318099 0.13318099 0.13318099
 0.13318099 0.13318099 0.13318099 0.13318099 0.13318099 0.13318099
 0.13318099 0.13318099 0.13318099 0.13318099 0.13318099 0.13318099
 0.13318099 0.13318099 0.13318099 0.13318099] (array([ 0,  1,  2,  3,  4,  5,  6,  7,  8,  9, 10, 11, 12, 13, 14, 15, 16,
       17, 18, 19, 20, 21, 22, 23, 24, 25, 26, 27, 28, 29, 30, 31, 32, 33,
       34, 35, 36, 37, 38, 39, 40, 41, 42, 43, 44, 45]),)",NAN,NAN,NAN,NAN,NAN,NAN,NAN,NAN,-inf,FAILED,'lam_g',NAN,NAN,NAN,NAN,NAN,NAN
tspn05,191.2552078,191.25520765854355,191.25520765854355,1.749124962836504,0.04502273304387927,0.04277,0.048666153103113174,2,2,0,2,1,191.25520765854355,191.25520765854355,3.85559968103189,0.02735753101296723,2,2,0,2,1,191.25520765854355,191.25520780829538,0.041731962002813816,0.03751174872741103,0.028578,0.05133071867749095,2,2,0,2,0,191.25520765854355,191.2552078083536,1.7148813679814339,0.019974740920588374,2,2,0,2,0
tspn08,290.5668539,290.5668537064959,290.56684975119333,0.02735726209357381,0.3348393361084163,0.29461065200002184,0.9238976240158081,2,2,0,2,0,290.56685370649546,290.6202936106877,0.04715312598273158,0.5052147500682622,3,3,2,2,2,290.5668537064959,290.56684975119333,0.028805351350456476,0.3522404166869819,0.3114118200000126,0.9751157416030765,2,2,0,2,0,290.5668537064959,290.56684975119333,0.025631093070842326,0.3023717299802229,2,2,0,2,0
tspn10,225.1260716,235.15620743422505,235.1562007490021,0.04108032677322626,0.11191503517329693,0.27511500000000005,0.24119496950879693,2,2,0,2,0,235.15620743422534,235.15620074900096,0.07683120400179178,0.11548965598922223,2,2,0,2,0,235.15620743422505,235.1562007490021,0.04337328393012285,0.12198368832468987,0.2723910000000001,0.25492977909743786,2,2,0,2,0,235.15620743422505,235.1562007490021,0.03900677908677608,0.07385561999399215,2,2,0,2,0
tspn12,262.6473957,265.8578940371059,265.8578940371059,0.06325478618964553,0.21041009668260813,0.232555,0.21189730474725366,2,2,0,2,1,265.85789403710646,265.85789403710646,0.12758463399950415,0.0976163389859721,2,2,0,2,1,265.8578940371059,265.8578943278699,0.07122193463146687,0.13779393024742603,0.23093599999999997,0.17320301057770848,2,2,0,2,0,265.8578940371059,265.8578943281027,0.059484913013875484,0.06785171094816178,2,2,0,2,0
tspn15,327.1390621,328.9069643613094,328.9069490509956,0.14938489720225334,0.8572314400225878,0.6918419999999961,2.2541859024204314,2,2,0,2,0,334.29152893919394,334.29152893919394,0.24791039701085538,2.494780697976239,3,4,3,2,2,328.9069643613094,328.9069490509956,0.16086716577410698,0.9128083339892328,0.6879349999999935,2.330221623647958,2,2,0,2,0,328.9069643613094,328.9069490509956,0.14234955504070967,0.7656303049298003,2,2,0,2,0
wager,20339.43184,-inf,FAILED,Problem can not be solved - Feasible zone is empty,NAN,NAN,NAN,NAN,NAN,NAN,NAN,NAN,-inf,FAILED,Problem can not be solved - Feasible zone is empty,NAN,NAN,NAN,NAN,NAN,NAN,-inf,FAILED,"Integer infeasible: [6.02493815e-01 6.02493815e-01 6.02493815e-01 4.70160864e-01
 4.70160864e-01 4.70160864e-01 3.97506195e-01 3.97506195e-01
 3.97506195e-01 5.29839146e-01 5.29839146e-01 5.29839146e-01
 8.82750413e-01 8.82750413e-01 8.82750413e-01 9.49600963e-01
 9.49600963e-01 9.49600963e-01 9.30477001e+02 9.30477001e+02
 9.30477001e+02 9.19306696e+02 9.19306696e+02 9.19306696e+02
 6.95229991e+01 6.95229991e+01 6.95229991e+01 8.06933040e+01
 8.06933040e+01 8.06933040e+01 5.23800098e+00 9.48923899e-01
 5.23800098e+00 9.48923899e-01 9.30477001e+02 9.19306696e+02
 6.95229991e+01 8.06933040e+01 2.36844324e+01 2.36844324e+01] (array([ 0,  1,  2,  3,  4,  5, 12, 13, 14, 15, 16, 17, 18, 19, 20, 24, 25,
       26, 30, 31, 32, 33, 34, 35, 36, 37, 38, 39, 40, 41, 50, 51, 52, 53,
       56, 57, 58, 59, 63, 64]),)",NAN,NAN,NAN,NAN,NAN,NAN,NAN,NAN,-inf,FAILED,'lam_g',NAN,NAN,NAN,NAN,NAN,NAN
wastepaper3,0.01891836798,0.058658048105274925,0.058658048105274925,1.7873793193139136,1.0673075718805194,0.469635732,10.427265434525907,23,35,25,15,10,0.1865438667264353,0.19911226803328425,1.6907492879545316,0.843245705938898,12,31,23,9,5,-inf,FAILED,"Integer infeasible: [0.99758647 0.92846763 0.00862352 0.99343298 0.99262512 0.98856727
 0.00229976 0.00656644 0.06290884 0.00664964 0.0114327  0.99726655
 0.00273302] (array([ 1,  3,  5,  7,  9, 17, 18, 19, 21, 22, 23, 25, 26]),)",NAN,NAN,NAN,NAN,NAN,NAN,NAN,NAN,-inf,FAILED,"Integer infeasible: [0.99758647 0.92846763 0.00862352 0.99343298 0.99262512 0.98856727
 0.00229976 0.00656644 0.06290884 0.00664964 0.0114327  0.99726655
 0.00273302] (array([ 1,  3,  5,  7,  9, 17, 18, 19, 21, 22, 23, 25, 26]),)",NAN,NAN,NAN,NAN,NAN,NAN
wastepaper4,0.003479162687,0.06142622215022879,0.06142621556605841,0.05674757994711399,2.2063273689709604,0.9938285129999994,23.106052744202316,29,51,35,21,10,0.06714900142677016,0.09037889513135014,0.06013995409011841,2.1837114890804514,15,46,37,12,5,-inf,FAILED,"Integer infeasible: [0.99493709 0.99451668 0.9904548  0.99896055 0.93369448 0.0050622
 0.00103582 0.00548263 0.00954483 0.06630549] (array([ 2,  7, 20, 24, 31, 32, 35, 36, 38, 39]),)",NAN,NAN,NAN,NAN,NAN,NAN,NAN,NAN,-inf,FAILED,"Integer infeasible: [0.99493709 0.99451668 0.9904548  0.99896055 0.93369448 0.0050622
 0.00103582 0.00548263 0.00954483 0.06630549] (array([ 2,  7, 20, 24, 31, 32, 35, 36, 38, 39]),)",NAN,NAN,NAN,NAN,NAN,NAN
wastepaper5,0.0008212036779,0.49600285494971236,0.48634650069336127,0.08812040230259299,2.7649100981652737,1.211266242,51.943235016427934,40,40,38,22,20,0.21374669824616335,0.2958764834636237,0.10116350697353482,7.756334376055747,32,106,99,32,4,0.37000228715133815,0.6427780561498577,0.09074141038581729,0.25520865665748715,0.37122799600000006,0.4535008929669857,3,3,1,3,0,0.4488419528474247,3.682600285624801,0.08311228197999299,0.46864874102175236,4,6,3,4,0
wastepaper6,0.0001263745072,0.6489999139617108,0.6489999139617108,0.14236914785578847,3.3776281597092748,1.7704879280000003,58.625941483769566,35,35,33,20,17,0.013635793293297838,0.1479944253078622,0.15639757888857275,3.2573683449300006,12,39,31,9,5,0.20708201247990704,0.6383798756570087,0.14811860723420978,0.31347572384402156,0.4433245750000001,0.602702219504863,3,3,1,3,0,0.6489998289404434,3.340295161363322,0.14667242392897606,0.5552736150566489,3,4,2,3,0
water4,907.0169959,995.1530942793353,770.0505699609638,0.37967848824337125,308.3368860660121,32.05376181899999,5917.605455254205,60,205,38,32,29,1024.771847328432,754.9475918509513,0.32165078807156533,300.4008310979698,142,627,170,3,141,1196.863872849353,1196.863872849353,0.3860935429111123,0.940153808798641,1.385248612,0.9637683779001236,2,5,3,2,0,1166.7462970832362,1020137.7370504551,0.3438996549230069,1.596656381036155,2,6,3,2,0
waternd1,606763.1675,691650.695246638,691650.6952466379,0.09387395717203617,0.2719972147606313,0.5160359999999994,0.3440129663795233,2,2,0,2,1,691650.6952466364,691650.6952466363,0.07053467503283173,0.15874012000858784,2,2,0,2,1,691650.695246638,748047.6165108681,0.08884754590690136,0.18603833112865686,0.3343860000000001,0.30690356716513634,2,2,0,2,0,691650.695246638,1116871.508761406,0.07729578495491296,0.14472872309852391,2,2,0,2,0
waternd2,1062685.084,1062907.401649038,1062907.401649038,0.6358126872219145,0.8931306470185518,0.6765291429999998,1.375182032585144,2,2,0,2,1,1063020.2557308464,1063847.5381717158,0.3347056630300358,1.4190186739433557,3,4,0,3,2,1062907.401649038,1400005.1021146774,0.6530097341164947,0.7936836681328714,0.5945350000000005,1.3108887472189963,2,2,0,2,0,1062904.4017281209,2971059.2617874146,0.5982442669337615,0.6801272060256451,2,2,0,2,0
waterno2_01,19.45668046,133.10741963763584,133.10741963763584,0.3775045690126717,0.15278147999197245,0.21229499999999998,0.1578545537777245,2,2,0,2,1,133.10741963763584,133.10741963763584,0.14178713597357273,0.09526714903768152,2,2,0,2,1,133.10741963763584,133.10741963763584,0.3755017789080739,0.12103353207930923,0.195949,0.15899701369926333,2,2,0,2,0,133.10741963763584,61644739.20562954,0.3527718719560653,0.09384217392653227,2,2,0,2,0
waterno2_02,39.57142193,266.3193998145,267.20701958014763,1.4388680001720786,0.5142357661388814,0.7776949759999998,0.7116491394117475,3,4,0,3,1,266.3193998145,267.20608747673737,0.4283913669642061,0.34174170694313943,3,4,0,3,1,272.000162063933,272.000162063933,1.4631556370295584,0.21833523223176599,0.43628700000000015,0.3088926333002746,2,2,0,2,0,272.000162063933,5470867.701429191,1.3364770530024543,0.2370992739452049,2,2,0,2,0
waterno2_03,115.0045167,399.0836980652857,399.0836980652857,3.366356834769249,0.9650366432033479,1.023250983,1.1484367083758116,3,4,0,3,2,399.0836980652857,399.0836980652857,0.8194864640245214,0.6429018140770495,3,4,0,3,2,401.59286109647644,401.59286109647644,3.5545521918684244,0.3495779950171709,0.5341670000000005,0.5431765215471387,2,2,0,2,0,401.59286109647644,146119669.79472816,3.0237262659939006,0.3459505120990798,2,2,0,2,0
watertreatnd_conc,348336.7614,-inf,FAILED,Problem can not be solved - Feasible zone is empty,NAN,NAN,NAN,NAN,NAN,NAN,NAN,NAN,-inf,FAILED,Problem can not be solved - Feasible zone is empty,NAN,NAN,NAN,NAN,NAN,NAN,-inf,FAILED,"Error in Function::call for 'benders_constraint_0' [MXFunction] at .../casadi/core/function.cpp:1458:
Error in Function::call for 'benders_constraint_0' [MXFunction] at .../casadi/core/function.cpp:362:
Error in Function::operator() for 'benders_constraint_0_qpsol' [GurobiInterface] at .../casadi/core/function.cpp:1539:
.../casadi/interfaces/gurobi/gurobi_interface.cpp:381: Assertion ""!flag"" failed:
Element 0 of a double array is Nan or Inf.",NAN,NAN,NAN,NAN,NAN,NAN,NAN,NAN,-inf,FAILED,'lam_g',NAN,NAN,NAN,NAN,NAN,NAN
watertreatnd_flow,348337.0417,-inf,FAILED,"Lbg > g(x*,p) + tol:
[3.39839616e+05 3.33226410e+05 3.72905642e+05 3.59679231e+05
 3.59679231e+05 9.99999000e-01 9.99999000e-01 9.99999000e-01
 9.99999000e-01 9.99999000e-01 9.99999000e-01 9.99999000e-01
 9.99999000e-01 9.99999000e-01 9.99999000e-01 3.99999990e+01
 3.99999990e+01 3.99999990e+01 3.99999990e+01 3.99999990e+01
 3.99999990e+01 3.99999990e+01 3.99999990e+01 3.99999990e+01
 3.99999990e+01]
for indices:
(array([150, 151, 152, 153, 154, 305, 306, 307, 308, 309, 310, 311, 312,
       313, 314, 319, 324, 329, 334, 339, 360, 361, 362, 363, 364]),)",NAN,NAN,NAN,NAN,NAN,NAN,NAN,NAN,-inf,FAILED,Problem can not be solved - Feasible zone is empty,NAN,NAN,NAN,NAN,NAN,NAN,-inf,FAILED,"Error in Function::call for 'benders_constraint_0' [MXFunction] at .../casadi/core/function.cpp:1458:
Error in Function::call for 'benders_constraint_0' [MXFunction] at .../casadi/core/function.cpp:362:
Error in Function::operator() for 'benders_constraint_0_qpsol' [GurobiInterface] at .../casadi/core/function.cpp:1539:
.../casadi/interfaces/gurobi/gurobi_interface.cpp:381: Assertion ""!flag"" failed:
Element 0 of a double array is Nan or Inf.",NAN,NAN,NAN,NAN,NAN,NAN,NAN,NAN,-inf,FAILED,'lam_g',NAN,NAN,NAN,NAN,NAN,NAN
waterx,909.0278626,968.2052847705711,963.9148519128744,0.07086685206741095,0.23109277617186308,0.19929600000000025,0.3598868981935084,2,2,0,2,0,968.2052847706104,963.9148519128746,3.766035515931435,0.21378416602965444,2,2,0,2,1,968.2052847705711,963.9148519128744,0.5314848618581891,0.23082888685166836,0.1967820050000002,0.3590262741781771,2,2,0,2,0,968.2052847705711,74146.47489261627,0.43312655994668603,0.16670592804439366,2,2,0,2,0
waterz,907.0169959,-inf,FAILED,Problem can not be solved - Feasible zone is empty,NAN,NAN,NAN,NAN,NAN,NAN,NAN,NAN,1140.0249247423396,1140.0249247423396,0.3013471389422193,301.45484846201725,128,597,593,3,127,-inf,FAILED,"Integer infeasible: [] (array([], dtype=int64),)",NAN,NAN,NAN,NAN,NAN,NAN,NAN,NAN,1037.5810478942205,55422566015.34831,0.3349479919997975,5.485867753974162,3,7,5,3,0
windfac,0.2544872983,0.7499999911056667,0.11826203285836176,3.507204219698906,300.47023531701416,5.125483699999989,72024.11368324421,697,1392,695,697,696,0.7499999911057013,0.11826203285836179,0.028518532984890044,300.5317083260743,1034,2068,1034,2,1033,0.7499999911056667,29.882909052344615,0.032427561935037374,0.040442347060889006,0.054518,0.05578603642061353,2,2,0,2,0,0.7499999911056667,2070.664161102506,0.022040543030016124,0.05609267996624112,2,4,2,2,0
