name,primalbound,cvx_bonmin.obj,cvx_bonmin.load_time,cvx_bonmin.calc_time,cvx_bonmin.solver_time,cvx_bonmin.python_time,cvx_bonmin.iter_nr,cvx_sbmiqp.obj,cvx_sbmiqp.dual_obj,cvx_sbmiqp.load_time,cvx_sbmiqp.calc_time,cvx_sbmiqp.solver_time,cvx_sbmiqp.python_time,cvx_sbmiqp.iter_nr,cvx_sbmiqp.NLP_runs,cvx_sbmiqp.FNLP_runs,cvx_sbmiqp.MIQP_runs,cvx_sbmiqp.MILP_runs,cvx_sbmiqp_ee.obj,cvx_sbmiqp_ee.dual_obj,cvx_sbmiqp_ee.load_time,cvx_sbmiqp_ee.calc_time,cvx_sbmiqp_ee.solver_time,cvx_sbmiqp_ee.python_time,cvx_sbmiqp_ee.iter_nr,cvx_sbmiqp_ee.NLP_runs,cvx_sbmiqp_ee.FNLP_runs,cvx_sbmiqp_ee.MIQP_runs,cvx_sbmiqp_ee.MILP_runs,cvx_shot.obj,cvx_shot.calctime,cvx_shot.nr_milp,cvx_shot.nr_nlp
batch,285506.5082,285506.5082441529,0,0.28131867572665215,0.24392900000000167,0,0,300804.8921397765,300804.8921397765,8.773058652877808e-07,0.4228972848504782,0.279436756,0.4754691757261753,3,4,0,4,1,323742.1273360562,324506.67598252045,9.51811671257019e-07,0.22117234766483307,0.24409744400000002,0.2802537977695465,2,4,0,3,0,285506.91057224385,0.110934329,39,3
batch0812,2687026.784,2687026.7842479367,0,1.3968832744285464,0.5581770000000116,0,0,2836593.013029522,2836593.013029522,0.20506543293595314,1.7862887475639582,0.544976268,1.290338134393096,3,6,0,4,2,2836593.013029522,2863756.982863471,0.18363820388913155,0.5146772116422653,0.540126466,0.7127946130931377,2,4,1,3,0,2705842.8525372744,0.31709796199999996,29,8
batchdes,167427.6571,167427.65711474538,0,0.07231346424669027,0.06137699999999996,0,0,178545.1945508755,178545.1945508755,0.02602200210094452,0.049080315977334976,0.041822,0.04180745966732502,1,2,0,2,1,178545.1945508755,178545.1945508755,0.019048132002353668,0.03741334192454815,0.031457,0.04175510257482529,1,2,0,2,0,167427.73779460439,0.047965545,9,2
clay0203hfsg,41573.26252,41573.26252221283,0,5.881175769492984,1.509586999999963,0,0,41573.2625037516,41363.44751460203,0.10176149941980839,3.7127574868500233,1.117267299,9.047770109027624,8,16,13,7,3,41907.460309547285,41907.460309547285,0.10218709893524647,1.4726914092898369,1.162807084,2.914573598653078,4,14,11,5,0,41573.072310041483,0.274896144,4,3
clay0204hfsg,6545.0,6545.000000000707,0,20.93626103643328,6.393969999998204,0,0,6544.999962872764,6544.96781501024,0.27458792738616467,2.529212409630418,2.2827612360000002,3.7146764174103737,3,15,7,4,1,6544.999962872769,6544.999962762632,0.2700317073613405,2.2445796746760607,2.2222027369999933,3.088021494448185,2,10,5,3,0,6544.9998820007277,1.003186833,4,4
clay0205hfsg,8092.5,8092.500000000955,0,302.9323520520702,98.05686099988861,0,0,8092.499956870352,8092.465934599919,0.6500409580767155,13.477798264473677,14.173279558,4.36554123647511,2,9,0,3,2,8092.499956870159,8092.499956870352,0.6481441371142864,2.6590848118066788,3.447734405,2.46218522451818,1,5,0,2,0,8092.499859901237,3.778141318,4,3
clay0303hfsg,26669.10957,26669.109572486403,0,7.253073371946812,1.9490380000001508,0,0,26669.10955101354,26668.981117853622,0.13068039529025555,4.773943264037371,1.345249647,10.781247738748789,7,24,19,7,3,41709.76921886916,41709.76921886916,0.12866711989045143,1.9657520409673452,1.2769121030000001,3.857750117778778,4,18,16,5,0,26669.092175553928,0.979395187,13,5
clay0304hfsg,40262.38753,40262.38753060858,0,97.51774627715349,28.290127999980584,0,0,40262.38749701275,40245.05099804132,0.32727668434381485,21.933952130377293,4.704796569,54.66134251654148,10,41,33,9,4,40262.38749701294,40262.38749701294,0.31955532543361187,4.2953267358243465,2.6033536269999997,10.720665782690048,5,22,20,6,0,40262.387440997947,4.831015237,9,10
clay0305hfsg,8092.5,8320.0000000009,0,302.7536187181249,101.98047099996293,0,0,8092.4999566980505,8084.980994999845,0.7614214699715376,12.1483906917274,11.643337212,13.736606715247035,3,12,4,4,1,8092.499956870221,8092.499956870221,0.7596976924687624,3.2227642573416233,3.844179794000001,3.0499748773872852,1,5,0,2,0,8092.4998599011451,6.820155356,15,8
cvxnonsep_normcon20,-21.74914736,-21.749147363703806,0,0.032731592655181885,0.038281,0,0,-21.7491473846331,-21.82222547389317,0.027241172268986702,0.02989434264600277,0.025977999999999998,0.03729567304253578,1,2,0,2,0,-21.7491473846331,-21.82222547389317,0.02368623949587345,0.035037774592638016,0.030085,0.043292516842484474,1,2,0,2,0,-21.719247990639417,0.021526086,0,0
cvxnonsep_normcon30,-34.24396574,-34.24396574092516,0,0.05248631536960602,0.09704499999999999,0,0,-34.09190757350222,-34.428749859066556,0.018757736310362816,21.732875771820545,3.6581185279999997,1237.4546230882406,151,302,120,123,30,-33.9875120670215,-34.281348953713525,0.02054298110306263,14.443861091509461,1.5273958060000004,732.2709115706384,130,255,115,131,0,-34.243965742743029,0.028475537,0,1
cvxnonsep_normcon40,-32.62966972,-32.629669716769314,0,0.07080560084432364,0.16576300000000005,0,0,-32.5596697474825,-32.88554272835089,0.03191627562046051,66.28447701223195,13.805283185999999,4478.094195872545,224,605,134,114,111,-32.436652102541586,-32.72391527109604,0.02541283145546913,31.953754886984825,3.453869949999997,2348.3300923518836,202,336,181,203,0,-32.629669718429504,0.033069458,0,1
cvxnonsep_nsig20,80.94929546,80.94929545987223,0,0.04136878065764904,0.04750599999999999,0,0,80.9492946574176,80.81583433225808,0.024514444172382355,0.027789076790213585,0.02255,0.03611981123685837,1,2,0,2,0,80.9492946574176,80.81583433225808,0.015414189547300339,0.03079184703528881,0.025875999999999996,0.03739282302558422,1,2,0,2,0,80.999857231192038,0.085984744,4,4
cvxnonsep_nsig20r,80.94929546,80.9492954596234,0,0.04646598547697067,0.04117,0,0,80.94927862502492,80.81581789826072,0.01920144632458687,0.037217363715171814,0.022412,0.03885488025844097,1,2,0,2,0,80.94927862502492,80.81581789826072,0.020058415830135345,0.03761916048824787,0.021447,0.04087675176560879,1,2,0,2,0,80.989026230704965,0.174943293,4,4
cvxnonsep_nsig30,130.6287126,130.62871264096864,0,0.05923274718225002,0.10607000000000001,0,0,130.65033700034454,130.47997176012416,0.01841052994132042,0.03156796284019947,0.036432,0.04193159565329552,1,2,0,2,0,130.65033700034454,130.47997176012416,0.018247973173856735,0.03254648484289646,0.035438000000000004,0.04255611449480057,1,2,0,2,0,130.960522840875,0.063447467,3,2
cvxnonsep_nsig30r,156.4266874,156.42667285391616,0,0.07904196437448263,0.08656400000000017,0,0,156.4266167111624,156.2343211644331,0.02687850408256054,0.043443309143185616,0.02937,0.044047167524695396,1,2,0,2,0,156.4266167111624,156.2343211644331,0.026616722345352173,0.0416190680116415,0.029101,0.04386766999959946,1,2,0,2,0,156.89468005713294,0.129920212,3,3
cvxnonsep_nsig40,133.9613305,133.96133047158767,0,0.07919127494096756,0.19080800000000006,0,0,133.96132894832803,133.74494901551313,0.026748305186629295,0.03332235850393772,0.049726,0.04613431356847286,1,2,0,2,0,133.96132894832803,133.74494901551313,0.02403891272842884,0.03281119465827942,0.05018299999999999,0.04517952352762222,1,2,0,2,0,134.32617080834663,0.073859026,6,2
cvxnonsep_nsig40r,133.9613305,133.9613304719259,0,0.08142508938908577,0.09649899999999993,0,0,133.96126813632867,133.74488859965595,0.038278039544820786,0.10966240055859089,0.031691,0.10800490528345108,1,2,0,2,0,133.96126813632867,133.74488859965595,0.03549407981336117,0.10828996449708939,0.035744,0.10668622888624668,1,2,0,2,0,134.42248012388035,0.123382733,5,2
cvxnonsep_pcon20,-21.5123012,-21.500522852152997,0,0.038420652970671654,0.048122,0,0,-21.469437905707228,-21.629610239291956,0.028888670727610588,0.03445609100162983,0.036567,0.045657072216272354,1,2,0,2,0,-21.469437905707228,-21.629610239291956,0.02353077568113804,0.032379671931266785,0.031455,0.0449911504983902,1,2,0,2,0,-21.50052287035874,0.040714526,12,1
cvxnonsep_pcon20r,-21.5123012,-21.50052285200933,0,0.03578981477767229,0.041863,0,0,-21.46943786371748,-21.62961019921222,0.02577817067503929,0.0368333887308836,0.028835,0.04045973904430866,1,2,0,2,0,-21.46943786371748,-21.62961019921222,0.023133525624871254,0.036497997120022774,0.027902999999999997,0.04016293212771416,1,2,0,2,0,-21.433368728362172,0.073014204,14,2
enpro48pb,187277.2594,187277.25942219957,0,5.1830393970012665,2.541075000000003,0,0,-inf,FAILED,CRASH,NAN,NAN,NAN,NAN,NAN,NAN,NAN,NAN,-inf,FAILED,CRASH,NAN,NAN,NAN,NAN,NAN,NAN,NAN,NAN,187277.25616536423,0.164159481,13,2
enpro56pb,263428.301,263428.30097276496,0,7.723541612736881,3.4058730000000703,0,0,263428.2966424514,260960.82261324042,6.835907697677612e-07,5.753331273794174,4.14398137,8.49567537382245,4,10,0,5,1,269933.0657796926,269933.0657796926,7.040798664093018e-07,1.8448323756456375,2.1340281180000003,2.3770644403994083,2,6,1,3,0,263428.2956682251,0.398923545,16,7
ex1223,4.579582402,4.579582402486655,0,0.05165221355855465,0.041718000000000005,0,0,4.579582373600571,4.579582373600571,0.026824088767170906,0.2613142728805542,0.141951,0.5395280495285988,5,11,0,6,4,4.579582373600571,5.711850069441182,0.027019206434488297,0.059549903497099876,0.037865,0.08162842318415642,2,4,0,3,0,4.5795824024367082,0.014877412,2,0
ex1223b,4.579582402,4.5795824024866585,0,0.04498013202100992,0.030333999999999972,0,0,4.57958237379399,4.57958237379399,0.01816696859896183,0.2380706761032343,0.121534,0.49161263182759285,5,11,0,6,4,4.57958237379399,5.711852820055359,0.011561941355466843,0.040225863456726074,0.042863,0.04110209085047245,1,3,0,2,0,4.579635269139426,0.01396059,2,0
fac1,160912612.4,160912612.35017818,0,0.02561672404408455,0.024391000000000003,0,0,160912612.2935292,160912612.2935292,0.015096873044967651,1.543211255222559,0.9623480000003101,1.550430852919817,1,3,1,2,1,160912612.2935292,160912612.2935292,0.017135336995124817,1.4763816203922033,0.9862190000007306,1.4875283613801003,1,3,1,2,0,160912612.350169,0.04148756000000001,24,1
fac2,331837498.2,331837498.1767665,0,0.4962905431166291,0.27027100000000637,0,0,331837497.8380618,329739765.28796196,0.030965955927968025,0.07308492995798588,0.13484300000000002,0.0859038233757019,1,2,0,2,1,331837497.8380618,331837497.8380618,0.03786297328770161,0.06618705950677395,0.11717999999999999,0.0884869210422039,1,2,0,2,0,331837498.17677003,0.07942441900000001,22,1
flay02h,37.94733192,37.9473319221309,0,0.07799425441771746,0.08127700000000002,0,0,37.94733186289341,37.94733188293823,0.0357833206653595,0.18930519931018353,0.10625199999999999,0.14765970595180988,2,4,0,3,1,37.94733186289341,37.94733188293823,0.04384400323033333,0.1566723007708788,0.10153498,0.17730076797306538,2,4,0,3,0,37.947317409314628,0.06430427600000001,7,3
flay02m,37.94733192,37.947331922051006,0,0.03858498949557543,0.021791999999999992,0,0,37.947331824571066,37.947331804570084,0.019138334318995476,0.07846831157803535,0.051227999999999996,0.09399785287678242,2,4,0,3,1,37.947331824571066,37.947331804570084,0.020199231803417206,0.06308513879776001,0.041079,0.092743881046772,2,4,0,3,0,37.947304294012142,0.050234464,7,3
flay03h,48.98979486,48.98979485582156,0,1.2379832984879613,0.322084999999993,0,0,48.989794834034115,48.826456237815236,0.1046014092862606,3.144443703815341,1.104431362,5.687598222866654,6,18,0,5,3,48.9897948403279,48.98979487314513,0.10318025760352612,0.3993997387588024,0.5741732989999999,0.5093561224639416,2,7,0,3,0,48.989662935929339,0.26374773,15,8
flay03m,48.98979486,48.989794855791104,0,0.3108193213120103,0.09014100000000154,0,0,48.98979473356545,48.82649386029541,0.02640480361878872,0.6316505912691355,0.5282467099999999,1.633582254871726,6,18,0,5,3,48.98979474823521,48.98979470823197,0.019301878288388252,0.1157990675419569,0.181776,0.1446944922208786,2,5,0,3,0,48.989777079530882,0.232063929,22,8
flay04h,54.40588204,54.4058820351743,0,45.07800706382841,14.075948999990715,0,0,54.40588203956764,53.947745209269165,0.352599561214447,8.452988909557462,6.097597342,16.306585093960166,6,23,0,6,4,54.4166667054779,54.41666667870853,0.35939711332321167,1.1230211667716503,1.4107219610000001,1.3758008647710085,2,8,0,3,0,54.405861658716383,1.33721703,6,15
flay04m,54.40588203,54.4058820351097,0,7.298294892534614,1.3225830000003054,0,0,54.405881917526,54.17143279333906,0.04034806042909622,3.527017029002309,2.698822002999999,12.867929600179195,9,39,0,7,5,54.405881916095026,54.4058818952045,0.03935719281435013,0.4221821427345276,0.8507395049999998,0.5193548463284969,2,10,0,3,0,54.405858510937541,0.701405864,14,19
flay05h,64.49806199,64.49806198673096,0,303.8319601668045,102.91121499992845,0,0,64.49806203534135,64.20530935786616,0.9156311023980379,216.24043389596045,189.06929716300004,650.5476298350841,11,48,0,8,6,64.49806206402187,64.4980620272829,0.8912875764071941,3.103698533028364,3.404153944,1.9656465519219637,2,9,0,3,0,64.49782653292003,93.375559827,8,88
flay05m,64.49806199,64.49806198661507,0,307.0376608222723,67.1560829997847,0,0,64.49806185663635,64.20203809017518,0.05863218382000923,59.24117601849139,56.77904109599999,183.03023750334978,11,53,0,8,6,64.49806177897882,64.49806185899081,0.0499598253518343,0.6486283596605062,1.05272418,0.5542299579828978,2,9,0,3,0,64.498061758129978,299.999909774,122,20
flay06h,66.93280212,66.93280212296862,0,302.91506929229945,95.05070999987986,0,0,66.93280221810777,65.30002269027966,2.1720161084085703,411.51385139487684,406.87184156300003,618.7047441191971,6,26,0,5,3,66.93280217977812,66.93280232578522,2.0792153645306826,13.378931591287255,13.632513879000001,8.944559317082167,2,9,0,3,0,66.932801042600545,299.999436409,17,7
flay06m,66.93280212,66.93280212297259,0,306.1523004276678,62.66995899965592,0,0,66.93280199569921,65.96768155635193,0.10333355329930782,387.63554948568344,385.42878175400006,513.3399174362421,8,39,0,6,4,66.9328018852667,66.93280199748492,0.0873823668807745,8.650354454293847,8.84688001,3.349158676341176,2,11,0,3,0,66.932801899240872,299.999872485,21,19
fo7,20.72982507,34.778091737680015,0,303.593634323217,95.75846400007765,0,0,20.729824722996966,20.729256118957718,0.17342987470328808,132.18564071319997,126.143802115,111.56028086133301,5,23,15,6,4,20.729824746608614,20.729824746608614,0.16326232068240643,6.872270843014121,6.243263035999999,13.782630173489451,3,15,13,4,0,20.729814312203661,19.505519859,6,4
fo7_2,17.74934573,36.28433228889465,0,303.6747903348878,95.60063700002672,0,0,17.74934543131672,17.747549731513615,0.18494408950209618,55.77641638740897,48.67339998999999,59.38401070050895,6,20,11,6,4,17.749345444272787,17.749345444272787,0.16463370062410831,3.0413447245955467,3.5383382390000007,2.7338044103235006,1,6,3,2,0,17.749258882483975,11.568654076000001,8,5
fo7_ar25_1,23.0935676,-inf,FAILED,"Objective value wrong, with error 1e+50
Lbx > x* for indices:
[[ 0  0]
 [ 1  0]
 [ 2  0]
 [ 3  0]
 [ 4  0]
 [ 5  0]
 [ 6  0]
 [ 7  0]
 [ 8  0]
 [ 9  0]
 [10  0]
 [11  0]
 [12  0]
 [13  0]]
Ubg < g(x*,p) - tol:
[       inf        inf        inf        inf        inf        inf
        inf        inf        inf        inf        inf        inf
        inf        inf 1.99999999 1.99999999 1.99999999 1.99999999
 1.99999999 1.99999999 1.99999999 1.99999999 1.99999999 1.99999999
 1.99999999 1.99999999 1.99999999 1.99999999]
for indices:
(array([ 0,  1,  2,  3,  4,  5,  6,  7,  8,  9, 10, 11, 12, 13, 59, 60, 61,
       62, 63, 64, 65, 66, 67, 68, 69, 70, 71, 72]),)",NAN,NAN,NAN,23.093567311312718,22.944709881506554,0.22343665175139904,32.587319653481245,26.871267346,54.17900154925883,5,15,9,6,2,23.122502270867862,23.122502270867862,0.20270886458456516,4.133746946230531,4.560846681,3.888135276734829,1,6,4,2,0,23.09356719166291,22.850342783000002,10,7
fo7_ar2_1,24.83984707,-inf,FAILED,"Error in Function::call for 'minlp' [BonminInterface] at .../casadi/core/function.cpp:1432:
Error in Function::call for 'minlp' [BonminInterface] at .../casadi/core/function.cpp:361:
.../casadi/interfaces/bonmin/bonmin_interface.cpp:477: Uncaught error in Bonmin",NAN,NAN,NAN,24.839846435864807,24.82149587500142,0.2075423877686262,22.70632498525083,20.943593305,13.616490172222257,3,12,6,4,1,25.105821631847178,25.10582163456536,0.20469700917601585,6.195733839645982,6.011477608,7.975820438936353,2,11,8,3,0,24.839844332131552,40.0338943,3,5
fo7_ar3_1,22.51747101,-inf,FAILED,"Objective value wrong, with error 1e+50
Lbx > x* for indices:
[[ 0  0]
 [ 1  0]
 [ 2  0]
 [ 3  0]
 [ 4  0]
 [ 5  0]
 [ 6  0]
 [ 7  0]
 [ 8  0]
 [ 9  0]
 [10  0]
 [11  0]
 [12  0]
 [13  0]]
Ubg < g(x*,p) - tol:
[       inf        inf        inf        inf        inf        inf
        inf        inf        inf        inf        inf        inf
        inf        inf 1.99999999 1.99999999 1.99999999 1.99999999
 1.99999999 1.99999999 1.99999999 1.99999999 1.99999999 1.99999999
 1.99999999 1.99999999 1.99999999 1.99999999]
for indices:
(array([ 0,  1,  2,  3,  4,  5,  6,  7,  8,  9, 10, 11, 12, 13, 59, 60, 61,
       62, 63, 64, 65, 66, 67, 68, 69, 70, 71, 72]),)",NAN,NAN,NAN,22.517470522346898,22.517470522346898,0.20820322446525097,67.96510569751263,60.596349974000006,87.25087140873075,5,20,5,6,4,22.51747053600675,22.51747052363853,0.1966782957315445,5.343268323689699,5.699418465000002,5.093239843845367,1,6,2,2,0,22.517454775285916,24.493246135000003,11,4
fo7_ar4_1,20.72982507,-inf,FAILED,"Objective value wrong, with error 1e+50
Lbx > x* for indices:
[[ 0  0]
 [ 1  0]
 [ 2  0]
 [ 3  0]
 [ 4  0]
 [ 5  0]
 [ 6  0]
 [ 7  0]
 [ 8  0]
 [ 9  0]
 [10  0]
 [11  0]
 [12  0]
 [13  0]]
Ubg < g(x*,p) - tol:
[       inf        inf        inf        inf        inf        inf
        inf        inf        inf        inf        inf        inf
        inf        inf 1.99999999 1.99999999 1.99999999 1.99999999
 1.99999999 1.99999999 1.99999999 1.99999999 1.99999999 1.99999999
 1.99999999 1.99999999 1.99999999 1.99999999]
for indices:
(array([ 0,  1,  2,  3,  4,  5,  6,  7,  8,  9, 10, 11, 12, 13, 59, 60, 61,
       62, 63, 64, 65, 66, 67, 68, 69, 70, 71, 72]),)",NAN,NAN,NAN,20.72982469099744,20.729133989780006,0.21027648635208607,53.38868406787515,47.706031751000005,66.88469885103405,5,16,9,5,3,22.39245843449524,22.39245843449524,0.19756878353655338,6.802733190357685,7.187486856000001,6.5590906124562025,1,6,3,2,0,20.729821810873684,48.393667491,5,11
fo7_ar5_1,17.74932941,-inf,FAILED,"Objective value wrong, with error 1e+50
Lbx > x* for indices:
[[ 0  0]
 [ 1  0]
 [ 2  0]
 [ 3  0]
 [ 4  0]
 [ 5  0]
 [ 6  0]
 [ 7  0]
 [ 8  0]
 [ 9  0]
 [10  0]
 [11  0]
 [12  0]
 [13  0]]
Ubg < g(x*,p) - tol:
[       inf        inf        inf        inf        inf        inf
        inf        inf        inf        inf        inf        inf
        inf        inf 1.99999999 1.99999999 1.99999999 1.99999999
 1.99999999 1.99999999 1.99999999 1.99999999 1.99999999 1.99999999
 1.99999999 1.99999999 1.99999999 1.99999999]
for indices:
(array([ 0,  1,  2,  3,  4,  5,  6,  7,  8,  9, 10, 11, 12, 13, 59, 60, 61,
       62, 63, 64, 65, 66, 67, 68, 69, 70, 71, 72]),)",NAN,NAN,NAN,17.749329045518934,17.749322135067768,0.21059902012348175,26.15006066672504,23.744008432999998,15.23370129428804,3,9,1,4,2,17.74932903205996,17.749329045518934,0.19703074358403683,5.701958449557424,5.9513430000000005,5.439932473003864,1,6,0,2,0,17.749327769478516,19.119790433,12,4
fo8,22.38189652,47.798855326571505,0,303.3999510779977,116.67025353599736,0,0,22.381896348416383,22.381896235877353,0.2696465440094471,216.1955136694014,208.90815249399998,118.47466138377786,5,19,12,5,3,23.91005328187738,23.91005328187738,0.25614250637590885,10.188774861395359,10.518619197000001,9.59290686249733,1,6,2,2,0,22.381893669451163,116.39667083699999,7,9
fo8_ar25_1,28.0451814,-inf,FAILED,"Objective value wrong, with error 1e+50
Lbx > x* for indices:
[[ 0  0]
 [ 1  0]
 [ 2  0]
 [ 3  0]
 [ 4  0]
 [ 5  0]
 [ 6  0]
 [ 7  0]
 [ 8  0]
 [ 9  0]
 [10  0]
 [11  0]
 [12  0]
 [13  0]
 [14  0]
 [15  0]]
Ubg < g(x*,p) - tol:
[       inf        inf        inf        inf        inf        inf
        inf        inf        inf        inf        inf        inf
        inf        inf        inf        inf 1.99999999 1.99999999
 1.99999999 1.99999999 1.99999999 1.99999999 1.99999999 1.99999999
 1.99999999 1.99999999 1.99999999 1.99999999 1.99999999 1.99999999
 1.99999999 1.99999999]
for indices:
(array([ 0,  1,  2,  3,  4,  5,  6,  7,  8,  9, 10, 11, 12, 13, 14, 15, 75,
       76, 77, 78, 79, 80, 81, 82, 83, 84, 85, 86, 87, 88, 89, 90]),)",NAN,NAN,NAN,28.04518124622732,28.044864865909016,0.3397723063826561,220.09899271838367,213.24088490300002,188.7307791672647,4,17,9,5,2,28.045181232991617,28.045181232991617,0.3236934654414654,90.82971134781837,87.828255249,187.0132507365197,4,20,17,5,0,28.045180832528047,220.73555299999998,11,19
fo8_ar2_1,30.34061042,-inf,FAILED,"Objective value wrong, with error 1e+50
Lbx > x* for indices:
[[ 0  0]
 [ 1  0]
 [ 2  0]
 [ 3  0]
 [ 4  0]
 [ 5  0]
 [ 6  0]
 [ 7  0]
 [ 8  0]
 [ 9  0]
 [10  0]
 [11  0]
 [12  0]
 [13  0]
 [14  0]
 [15  0]]
Ubg < g(x*,p) - tol:
[       inf        inf        inf        inf        inf        inf
        inf        inf        inf        inf        inf        inf
        inf        inf        inf        inf 1.99999999 1.99999999
 1.99999999 1.99999999 1.99999999 1.99999999 1.99999999 1.99999999
 1.99999999 1.99999999 1.99999999 1.99999999 1.99999999 1.99999999
 1.99999999 1.99999999]
for indices:
(array([ 0,  1,  2,  3,  4,  5,  6,  7,  8,  9, 10, 11, 12, 13, 14, 15, 75,
       76, 77, 78, 79, 80, 81, 82, 83, 84, 85, 86, 87, 88, 89, 90]),)",NAN,NAN,NAN,30.34061005981416,30.34012589758794,0.34109362587332726,187.2389818560332,180.535324155,201.0697833187878,4,13,3,5,2,30.804159503700415,30.804159507905574,0.32959455251693726,14.46345130354166,15.094558988,14.355459250509739,1,6,2,2,0,30.34060783078634,165.168253914,3,13
fo8_ar3_1,23.91005347,-inf,FAILED,"Objective value wrong, with error 1e+50
Lbx > x* for indices:
[[ 0  0]
 [ 1  0]
 [ 2  0]
 [ 3  0]
 [ 4  0]
 [ 5  0]
 [ 6  0]
 [ 7  0]
 [ 8  0]
 [ 9  0]
 [10  0]
 [11  0]
 [12  0]
 [13  0]
 [14  0]
 [15  0]]
Ubg < g(x*,p) - tol:
[       inf        inf        inf        inf        inf        inf
        inf        inf        inf        inf        inf        inf
        inf        inf        inf        inf 1.99999999 1.99999999
 1.99999999 1.99999999 1.99999999 1.99999999 1.99999999 1.99999999
 1.99999999 1.99999999 1.99999999 1.99999999 1.99999999 1.99999999
 1.99999999 1.99999999]
for indices:
(array([ 0,  1,  2,  3,  4,  5,  6,  7,  8,  9, 10, 11, 12, 13, 14, 15, 75,
       76, 77, 78, 79, 80, 81, 82, 83, 84, 85, 86, 87, 88, 89, 90]),)",NAN,NAN,NAN,23.910053338975196,23.90625361832827,0.34024194069206715,38.062251223251224,34.881318676,33.007039902731776,3,11,9,4,1,23.9100533546735,23.9100533546735,0.3251077253371477,20.0414370726794,20.517684117,19.935847541317344,1,6,1,2,0,23.910051578933796,88.063650117,14,17
fo8_ar4_1,22.38189652,-inf,FAILED,"Objective value wrong, with error 1e+50
Lbx > x* for indices:
[[ 0  0]
 [ 1  0]
 [ 2  0]
 [ 3  0]
 [ 4  0]
 [ 5  0]
 [ 6  0]
 [ 7  0]
 [ 8  0]
 [ 9  0]
 [10  0]
 [11  0]
 [12  0]
 [13  0]
 [14  0]
 [15  0]]
Ubg < g(x*,p) - tol:
[       inf        inf        inf        inf        inf        inf
        inf        inf        inf        inf        inf        inf
        inf        inf        inf        inf 1.99999999 1.99999999
 1.99999999 1.99999999 1.99999999 1.99999999 1.99999999 1.99999999
 1.99999999 1.99999999 1.99999999 1.99999999 1.99999999 1.99999999
 1.99999999 1.99999999]
for indices:
(array([ 0,  1,  2,  3,  4,  5,  6,  7,  8,  9, 10, 11, 12, 13, 14, 15, 75,
       76, 77, 78, 79, 80, 81, 82, 83, 84, 85, 86, 87, 88, 89, 90]),)",NAN,NAN,NAN,22.3818964210338,22.379655991115897,0.34423909708857536,80.86904474534094,74.027848465,76.11003515310585,4,17,8,5,2,23.910053346676335,23.910053341152675,0.32472716458141804,19.368774864822626,20.001746411000003,19.26634080708027,1,6,2,2,0,22.381892638634394,106.18728433300001,13,4
fo8_ar5_1,22.38189652,-inf,FAILED,"Objective value wrong, with error 1e+50
Lbx > x* for indices:
[[ 0  0]
 [ 1  0]
 [ 2  0]
 [ 3  0]
 [ 4  0]
 [ 5  0]
 [ 6  0]
 [ 7  0]
 [ 8  0]
 [ 9  0]
 [10  0]
 [11  0]
 [12  0]
 [13  0]
 [14  0]
 [15  0]]
Ubg < g(x*,p) - tol:
[       inf        inf        inf        inf        inf        inf
        inf        inf        inf        inf        inf        inf
        inf        inf        inf        inf 1.99999999 1.99999999
 1.99999999 1.99999999 1.99999999 1.99999999 1.99999999 1.99999999
 1.99999999 1.99999999 1.99999999 1.99999999 1.99999999 1.99999999
 1.99999999 1.99999999]
for indices:
(array([ 0,  1,  2,  3,  4,  5,  6,  7,  8,  9, 10, 11, 12, 13, 14, 15, 75,
       76, 77, 78, 79, 80, 81, 82, 83, 84, 85, 86, 87, 88, 89, 90]),)",NAN,NAN,NAN,22.38189642843196,22.344668252231017,0.34402020275592804,75.00110277533531,71.82177453300001,57.91466462984681,3,12,7,4,1,23.910053340539125,23.910053340539125,0.3276817165315151,22.68260246887803,23.152213419,22.5704395044595,1,5,0,2,0,22.38188946749219,93.5093715,11,10
fo9,23.46428571,-inf,FAILED,"Objective value wrong, with error 1e+50
Lbx > x* for indices:
[[ 0  0]
 [ 1  0]
 [ 2  0]
 [ 3  0]
 [ 4  0]
 [ 5  0]
 [ 6  0]
 [ 7  0]
 [ 8  0]
 [ 9  0]
 [10  0]
 [11  0]
 [12  0]
 [13  0]
 [14  0]
 [15  0]
 [16  0]
 [17  0]
 [90  0]
 [91  0]]
Ubg < g(x*,p) - tol:
[inf inf inf inf inf inf inf inf inf inf inf inf inf inf inf inf inf inf]
for indices:
(array([ 0,  1,  2,  3,  4,  5,  6,  7,  8,  9, 10, 11, 12, 13, 14, 15, 16,
       17]),)",NAN,NAN,NAN,23.464285521725504,23.464285521725504,0.4108116962015629,65.11579883657396,61.479649634000005,41.03003973886371,3,11,9,4,1,24.00549419465908,24.00549419465908,0.39371541514992714,28.67404954135418,28.92073802999999,27.97688254341483,1,6,3,2,0,23.464282788232858,172.703346458,6,18
fo9_ar25_1,32.18643105,-inf,FAILED,"Objective value wrong, with error 1e+50
Lbx > x* for indices:
[[ 0  0]
 [ 1  0]
 [ 2  0]
 [ 3  0]
 [ 4  0]
 [ 5  0]
 [ 6  0]
 [ 7  0]
 [ 8  0]
 [ 9  0]
 [10  0]
 [11  0]
 [12  0]
 [13  0]
 [14  0]
 [15  0]
 [16  0]
 [17  0]]
Ubg < g(x*,p) - tol:
[       inf        inf        inf        inf        inf        inf
        inf        inf        inf        inf        inf        inf
        inf        inf        inf        inf        inf        inf
 1.99999999 1.99999999 1.99999999 1.99999999 1.99999999 1.99999999
 1.99999999 1.99999999 1.99999999 1.99999999 1.99999999 1.99999999
 1.99999999 1.99999999 1.99999999 1.99999999 1.99999999 1.99999999]
for indices:
(array([  0,   1,   2,   3,   4,   5,   6,   7,   8,   9,  10,  11,  12,
        13,  14,  15,  16,  17,  93,  94,  95,  96,  97,  98,  99, 100,
       101, 102, 103, 104, 105, 106, 107, 108, 109, 110]),)",NAN,NAN,NAN,32.624999941724155,31.16398310350627,0.5146088283509016,396.65610295534134,388.59604715100005,349.57329483143985,4,16,9,5,1,32.37499994716477,32.37499995283958,0.500908151268959,93.83358457311988,92.649666258,148.19153642095625,2,10,4,3,0,32.186413558665642,300.035333476,11,12
fo9_ar2_1,32.625,-inf,FAILED,"Objective value wrong, with error 1e+50
Lbx > x* for indices:
[[ 0  0]
 [ 1  0]
 [ 2  0]
 [ 3  0]
 [ 4  0]
 [ 5  0]
 [ 6  0]
 [ 7  0]
 [ 8  0]
 [ 9  0]
 [10  0]
 [11  0]
 [12  0]
 [13  0]
 [14  0]
 [15  0]
 [16  0]
 [17  0]]
Ubg < g(x*,p) - tol:
[       inf        inf        inf        inf        inf        inf
        inf        inf        inf        inf        inf        inf
        inf        inf        inf        inf        inf        inf
 1.99999999 1.99999999 1.99999999 1.99999999 1.99999999 1.99999999
 1.99999999 1.99999999 1.99999999 1.99999999 1.99999999 1.99999999
 1.99999999 1.99999999 1.99999999 1.99999999 1.99999999 1.99999999]
for indices:
(array([  0,   1,   2,   3,   4,   5,   6,   7,   8,   9,  10,  11,  12,
        13,  14,  15,  16,  17,  93,  94,  95,  96,  97,  98,  99, 100,
       101, 102, 103, 104, 105, 106, 107, 108, 109, 110]),)",NAN,NAN,NAN,33.630769172080754,32.51944482361043,0.5131509453058243,484.7516377083957,478.6729237149999,303.29000052437186,3,10,2,4,2,32.62499994703201,32.624999957016925,0.5024577006697655,58.515839936211705,58.543553,57.8400149140507,1,5,0,2,0,32.624991558231578,300.000080965,3,12
fo9_ar3_1,24.81547619,-inf,FAILED,"Objective value wrong, with error 1e+50
Lbx > x* for indices:
[[ 0  0]
 [ 1  0]
 [ 2  0]
 [ 3  0]
 [ 4  0]
 [ 5  0]
 [ 6  0]
 [ 7  0]
 [ 8  0]
 [ 9  0]
 [10  0]
 [11  0]
 [12  0]
 [13  0]
 [14  0]
 [15  0]
 [16  0]
 [17  0]]
Ubg < g(x*,p) - tol:
[       inf        inf        inf        inf        inf        inf
        inf        inf        inf        inf        inf        inf
        inf        inf        inf        inf        inf        inf
 1.99999999 1.99999999 1.99999999 1.99999999 1.99999999 1.99999999
 1.99999999 1.99999999 1.99999999 1.99999999 1.99999999 1.99999999
 1.99999999 1.99999999 1.99999999 1.99999999 1.99999999 1.99999999]
for indices:
(array([  0,   1,   2,   3,   4,   5,   6,   7,   8,   9,  10,  11,  12,
        13,  14,  15,  16,  17,  93,  94,  95,  96,  97,  98,  99, 100,
       101, 102, 103, 104, 105, 106, 107, 108, 109, 110]),)",NAN,NAN,NAN,24.815476115836116,24.81547600933658,0.5172759089618921,80.36068285442889,75.32595174999999,78.86497684381902,3,11,7,4,1,24.815476131722832,24.815476131722832,0.5068683139979839,32.53744539245963,32.57259441000001,31.86833006888628,1,6,3,2,0,24.8154758792945,160.358999351,14,17
fo9_ar4_1,23.46428571,-inf,FAILED,"Objective value wrong, with error 1e+50
Lbx > x* for indices:
[[ 0  0]
 [ 1  0]
 [ 2  0]
 [ 3  0]
 [ 4  0]
 [ 5  0]
 [ 6  0]
 [ 7  0]
 [ 8  0]
 [ 9  0]
 [10  0]
 [11  0]
 [12  0]
 [13  0]
 [14  0]
 [15  0]
 [16  0]
 [17  0]]
Ubg < g(x*,p) - tol:
[       inf        inf        inf        inf        inf        inf
        inf        inf        inf        inf        inf        inf
        inf        inf        inf        inf        inf        inf
 1.99999999 1.99999999 1.99999999 1.99999999 1.99999999 1.99999999
 1.99999999 1.99999999 1.99999999 1.99999999 1.99999999 1.99999999
 1.99999999 1.99999999 1.99999999 1.99999999 1.99999999 1.99999999]
for indices:
(array([  0,   1,   2,   3,   4,   5,   6,   7,   8,   9,  10,  11,  12,
        13,  14,  15,  16,  17,  93,  94,  95,  96,  97,  98,  99, 100,
       101, 102, 103, 104, 105, 106, 107, 108, 109, 110]),)",NAN,NAN,NAN,23.46428564466076,23.463109256248423,0.5197243336588144,105.24485711939633,98.12557049099999,73.44992337748408,3,12,6,4,2,24.430719801395345,24.430719801395345,0.503869291394949,41.17869997955859,41.257550338,40.50704481638968,1,5,1,2,0,23.464282715140826,196.24256137400002,13,6
fo9_ar5_1,23.46428571,-inf,FAILED,"Objective value wrong, with error 1e+50
Lbx > x* for indices:
[[ 0  0]
 [ 1  0]
 [ 2  0]
 [ 3  0]
 [ 4  0]
 [ 5  0]
 [ 6  0]
 [ 7  0]
 [ 8  0]
 [ 9  0]
 [10  0]
 [11  0]
 [12  0]
 [13  0]
 [14  0]
 [15  0]
 [16  0]
 [17  0]]
Ubg < g(x*,p) - tol:
[       inf        inf        inf        inf        inf        inf
        inf        inf        inf        inf        inf        inf
        inf        inf        inf        inf        inf        inf
 1.99999999 1.99999999 1.99999999 1.99999999 1.99999999 1.99999999
 1.99999999 1.99999999 1.99999999 1.99999999 1.99999999 1.99999999
 1.99999999 1.99999999 1.99999999 1.99999999 1.99999999 1.99999999]
for indices:
(array([  0,   1,   2,   3,   4,   5,   6,   7,   8,   9,  10,  11,  12,
        13,  14,  15,  16,  17,  93,  94,  95,  96,  97,  98,  99, 100,
       101, 102, 103, 104, 105, 106, 107, 108, 109, 110]),)",NAN,NAN,NAN,23.464285644796597,23.464285369522827,0.5215468723326921,426.5078176204115,419.51489789100003,178.06972445733845,3,10,4,4,2,24.85846145601734,24.85846145601734,0.5018250532448292,38.04350159317255,38.063056706999994,37.378812519833446,1,5,3,2,0,25.749999641971577,300.00981908399996,5,11
gear2,2.700857149e-12,0.004768456098804485,0,0.13960538059473038,0.07811600000000041,0,0,1.3811436508962303e-06,5.21215564152541e-15,0.03322095610201359,0.08706634864211082,0.166174,0.07831110619008541,1,6,0,2,1,1.3811436508962303e-06,3.3429067971753844e-05,0.02401808835566044,0.07518504001200199,0.15304399999999996,0.07674167491495609,1,6,0,2,0,2.3576406580194936e-09,0.33641543199999996,42,42
gear3,2.700857149e-12,3.634526501566065e-06,0,0.15610994771122932,0.040403999999999995,0,0,2.72645059771712e-08,2.72645059771712e-08,0.02008047141134739,0.052660634741187096,0.055637,0.04953714832663536,1,4,0,2,1,2.72645059771712e-08,2.6399792310885495e-05,0.012105504050850868,0.04304634965956211,0.051154,0.04670036397874355,1,4,0,2,0,0.00013622222271739669,0.099226704,46,14
jit1,173983.33,173983.32999863994,0,0.11537984479218721,0.060540999999999984,0,0,173982.61006293277,173345.3768308797,0.019284458830952644,0.042236221954226494,0.06593399999999999,0.04527764208614826,1,2,0,2,0,173982.61006293277,173345.3768308797,0.018201472237706184,0.05250045284628868,0.10228200000000001,0.05275021120905876,1,3,0,2,0,173983.32998164679,0.038128624,13,1
m3,37.8,37.80000000073363,0,0.3367856917902827,0.11425200000000077,0,0,37.79999956991859,37.79999956991859,0.027530185878276825,0.17720607481896877,0.376197222,0.1030244491994381,1,5,0,2,1,37.79999956991859,37.79999956991859,0.024786455556750298,0.15052592940628529,0.474827,0.11577613092958927,1,5,0,2,0,37.799645813514132,0.025441502,5,0
m6,82.25687691,106.25687691424332,0,304.42741882707924,84.32831299992229,0,0,82.25687581013635,82.25687691365584,0.11004983633756638,1.258529607206583,0.934245783,0.8903354126960039,2,6,0,3,2,82.28551760784383,82.28551760784383,0.10135973431169987,0.5001417510211468,0.771334274,0.3282720874994993,1,4,0,2,0,82.25687687037609,0.194927536,5,1
m7,106.7568769,130.75687691465532,0,304.02768700942397,99.67685745800213,0,0,106.75687555085342,106.75663756392312,0.17619989067316055,2.80216234177351,2.049080826,1.5843989383429289,2,8,4,3,2,106.75687555085169,106.75687555085169,0.16519417986273766,0.6970960199832916,1.023118174,0.43039242178201675,1,5,0,2,0,106.75687690839531,0.989286457,4,4
m7_ar25_1,143.585,143.58500000099596,0,231.95012564677745,85.2537779998455,0,0,143.5849968326451,143.5846263325812,0.21685490757226944,1.9205946065485477,1.398914575,1.582850219681859,2,9,0,3,1,143.5849968326451,143.58499691440977,0.2055944986641407,0.7009362820535898,0.944897,0.4489262755960226,1,5,0,2,0,143.58499683479664,0.388070956,2,2
m7_ar2_1,190.235,-inf,FAILED,"Objective value wrong, with error 1e+50
Lbx > x* for indices:
[[ 0  0]
 [ 1  0]
 [ 2  0]
 [ 3  0]
 [ 4  0]
 [ 5  0]
 [ 6  0]
 [ 7  0]
 [ 8  0]
 [ 9  0]
 [10  0]
 [11  0]
 [12  0]
 [13  0]]
Ubg < g(x*,p) - tol:
[       inf        inf        inf        inf        inf        inf
        inf        inf        inf        inf        inf        inf
        inf        inf 1.99999999 1.99999999 1.99999999 1.99999999
 1.99999999 1.99999999 1.99999999 1.99999999 1.99999999 1.99999999
 1.99999999 1.99999999 1.99999999 1.99999999]
for indices:
(array([ 0,  1,  2,  3,  4,  5,  6,  7,  8,  9, 10, 11, 12, 13, 59, 60, 61,
       62, 63, 64, 65, 66, 67, 68, 69, 70, 71, 72]),)",NAN,NAN,NAN,190.23499648570214,190.23499317228107,0.21104208752512932,5.043651236221194,4.076268981,1.9324222095310688,2,5,1,3,2,190.23499652432238,190.23499652432238,0.20649663917720318,1.0344810634851456,1.207434,0.7947707269340754,1,2,0,2,0,190.23497722319399,1.190148023,2,1
m7_ar3_1,143.585,-inf,FAILED,"Objective value wrong, with error 1e+50
Lbx > x* for indices:
[[ 0  0]
 [ 1  0]
 [ 2  0]
 [ 3  0]
 [ 4  0]
 [ 5  0]
 [ 6  0]
 [ 7  0]
 [ 8  0]
 [ 9  0]
 [10  0]
 [11  0]
 [12  0]
 [13  0]]
Ubg < g(x*,p) - tol:
[       inf        inf        inf        inf        inf        inf
        inf        inf        inf        inf        inf        inf
        inf        inf 1.99999999 1.99999999 1.99999999 1.99999999
 1.99999999 1.99999999 1.99999999 1.99999999 1.99999999 1.99999999
 1.99999999 1.99999999 1.99999999 1.99999999]
for indices:
(array([ 0,  1,  2,  3,  4,  5,  6,  7,  8,  9, 10, 11, 12, 13, 59, 60, 61,
       62, 63, 64, 65, 66, 67, 68, 69, 70, 71, 72]),)",NAN,NAN,NAN,143.5849969401333,121.03053265160133,0.21815213933587074,302.24030086025596,14.147681940000004,4396.966944985092,44,111,84,24,22,168.03795648233663,168.03795648233663,0.2057918757200241,1.2002646904438734,1.603221374,0.9432129636406898,1,6,4,2,0,143.58499690795955,2.0185968130000003,2,3
m7_ar4_1,106.7568769,-inf,FAILED,"Objective value wrong, with error 1e+50
Lbx > x* for indices:
[[ 0  0]
 [ 1  0]
 [ 2  0]
 [ 3  0]
 [ 4  0]
 [ 5  0]
 [ 6  0]
 [ 7  0]
 [ 8  0]
 [ 9  0]
 [10  0]
 [11  0]
 [12  0]
 [13  0]]
Ubg < g(x*,p) - tol:
[       inf        inf        inf        inf        inf        inf
        inf        inf        inf        inf        inf        inf
        inf        inf 1.99999999 1.99999999 1.99999999 1.99999999
 1.99999999 1.99999999 1.99999999 1.99999999 1.99999999 1.99999999
 1.99999999 1.99999999 1.99999999 1.99999999]
for indices:
(array([ 0,  1,  2,  3,  4,  5,  6,  7,  8,  9, 10, 11, 12, 13, 59, 60, 61,
       62, 63, 64, 65, 66, 67, 68, 69, 70, 71, 72]),)",NAN,NAN,NAN,106.75687596472984,106.75639999867565,0.23629452846944332,2.3074709083884954,1.7417151290000001,1.9581016786396503,2,8,2,3,1,106.75687596541079,106.75687596472984,0.20588118769228458,1.2434877138584852,1.57470645,1.0003854595124722,1,6,2,2,0,106.75687586181051,1.098063983,3,4
m7_ar5_1,106.4600058,-inf,FAILED,"Objective value wrong, with error 1e+50
Lbx > x* for indices:
[[ 0  0]
 [ 1  0]
 [ 2  0]
 [ 3  0]
 [ 4  0]
 [ 5  0]
 [ 6  0]
 [ 7  0]
 [ 8  0]
 [ 9  0]
 [10  0]
 [11  0]
 [12  0]
 [13  0]]
Ubg < g(x*,p) - tol:
[       inf        inf        inf        inf        inf        inf
        inf        inf        inf        inf        inf        inf
        inf        inf 1.99999999 1.99999999 1.99999999 1.99999999
 1.99999999 1.99999999 1.99999999 1.99999999 1.99999999 1.99999999
 1.99999999 1.99999999 1.99999999 1.99999999]
for indices:
(array([ 0,  1,  2,  3,  4,  5,  6,  7,  8,  9, 10, 11, 12, 13, 59, 60, 61,
       62, 63, 64, 65, 66, 67, 68, 69, 70, 71, 72]),)",NAN,NAN,NAN,106.46000474087647,106.46000000000006,0.2200883962213993,7.811569368466735,5.775917796,5.932598449289799,3,11,3,4,2,106.46000474068518,106.4600047411874,0.21361425891518593,1.7185829170048237,2.08469,1.4751693662256002,1,6,1,2,0,106.46000576000233,4.420549154,3,4
no7_ar25_1,107.8153083,-inf,FAILED,"Objective value wrong, with error 1e+50
Lbx > x* for indices:
[[ 0  0]
 [ 1  0]
 [ 2  0]
 [ 3  0]
 [ 4  0]
 [ 5  0]
 [ 6  0]
 [ 7  0]
 [ 8  0]
 [ 9  0]
 [10  0]
 [11  0]
 [12  0]
 [13  0]]
Ubg < g(x*,p) - tol:
[       inf        inf        inf        inf        inf        inf
        inf        inf        inf        inf        inf        inf
        inf        inf 1.99999999 1.99999999 1.99999999 1.99999999
 1.99999999 1.99999999 1.99999999 1.99999999 1.99999999 1.99999999
 1.99999999 1.99999999 1.99999999 1.99999999]
for indices:
(array([ 0,  1,  2,  3,  4,  5,  6,  7,  8,  9, 10, 11, 12, 13, 59, 60, 61,
       62, 63, 64, 65, 66, 67, 68, 69, 70, 71, 72]),)",NAN,NAN,NAN,107.81530513262949,107.46200109304057,0.21917247213423252,45.58530099131167,43.065134697000005,30.489114785566926,3,14,10,4,2,107.81530521596736,107.81530521596736,0.20633892342448235,25.881752071902156,25.755760095,39.16972633637488,2,11,5,3,0,107.8151906043379,38.185501535,2,12
no7_ar2_1,107.8153083,-inf,FAILED,"Objective value wrong, with error 1e+50
Lbx > x* for indices:
[[ 0  0]
 [ 1  0]
 [ 2  0]
 [ 3  0]
 [ 4  0]
 [ 5  0]
 [ 6  0]
 [ 7  0]
 [ 8  0]
 [ 9  0]
 [10  0]
 [11  0]
 [12  0]
 [13  0]]
Ubg < g(x*,p) - tol:
[       inf        inf        inf        inf        inf        inf
        inf        inf        inf        inf        inf        inf
        inf        inf 1.99999999 1.99999999 1.99999999 1.99999999
 1.99999999 1.99999999 1.99999999 1.99999999 1.99999999 1.99999999
 1.99999999 1.99999999 1.99999999 1.99999999]
for indices:
(array([ 0,  1,  2,  3,  4,  5,  6,  7,  8,  9, 10, 11, 12, 13, 59, 60, 61,
       62, 63, 64, 65, 66, 67, 68, 69, 70, 71, 72]),)",NAN,NAN,NAN,107.87096007160999,107.80313594510997,0.2199113368988037,17.69275305978954,16.835815961999998,8.44848126359284,2,7,4,3,1,107.81530513262845,107.81530513262845,0.21100004389882088,6.912174651399255,7.125006000000001,6.65242476016283,1,6,0,2,0,107.81528346842475,10.456661175,2,6
no7_ar3_1,107.8153083,-inf,FAILED,"Objective value wrong, with error 1e+50
Lbx > x* for indices:
[[ 0  0]
 [ 1  0]
 [ 2  0]
 [ 3  0]
 [ 4  0]
 [ 5  0]
 [ 6  0]
 [ 7  0]
 [ 8  0]
 [ 9  0]
 [10  0]
 [11  0]
 [12  0]
 [13  0]]
Ubg < g(x*,p) - tol:
[       inf        inf        inf        inf        inf        inf
        inf        inf        inf        inf        inf        inf
        inf        inf 1.99999999 1.99999999 1.99999999 1.99999999
 1.99999999 1.99999999 1.99999999 1.99999999 1.99999999 1.99999999
 1.99999999 1.99999999 1.99999999 1.99999999]
for indices:
(array([ 0,  1,  2,  3,  4,  5,  6,  7,  8,  9, 10, 11, 12, 13, 59, 60, 61,
       62, 63, 64, 65, 66, 67, 68, 69, 70, 71, 72]),)",NAN,NAN,NAN,107.87096007161313,107.73945109206261,0.21315594017505646,143.5455833785236,140.959007249,83.6769680250436,3,11,4,4,3,111.2464713518303,111.2464713518303,0.20664191246032715,35.13416095636785,34.89153477400002,51.625199131667614,2,11,9,3,0,107.81494086243572,67.203454922,1,10
no7_ar4_1,98.51840218,-inf,FAILED,"Objective value wrong, with error 1e+50
Lbx > x* for indices:
[[ 0  0]
 [ 1  0]
 [ 2  0]
 [ 3  0]
 [ 4  0]
 [ 5  0]
 [ 6  0]
 [ 7  0]
 [ 8  0]
 [ 9  0]
 [10  0]
 [11  0]
 [12  0]
 [13  0]]
Ubg < g(x*,p) - tol:
[       inf        inf        inf        inf        inf        inf
        inf        inf        inf        inf        inf        inf
        inf        inf 1.99999999 1.99999999 1.99999999 1.99999999
 1.99999999 1.99999999 1.99999999 1.99999999 1.99999999 1.99999999
 1.99999999 1.99999999 1.99999999 1.99999999]
for indices:
(array([ 0,  1,  2,  3,  4,  5,  6,  7,  8,  9, 10, 11, 12, 13, 59, 60, 61,
       62, 63, 64, 65, 66, 67, 68, 69, 70, 71, 72]),)",NAN,NAN,NAN,98.7442012091745,98.32048541703769,0.2185391802340746,188.10587750561535,179.29624652299998,455.37198477610946,7,31,24,6,3,98.88346249616097,98.88346249616097,0.20594114437699318,57.63654982484877,55.934831250999984,125.98666849173605,4,21,15,5,0,98.518372691737142,69.079391495,4,12
no7_ar5_1,90.62267488,-inf,FAILED,"Error in Function::call for 'minlp' [BonminInterface] at .../casadi/core/function.cpp:1432:
Error in Function::call for 'minlp' [BonminInterface] at .../casadi/core/function.cpp:361:
.../casadi/interfaces/bonmin/bonmin_interface.cpp:477: Uncaught error in Bonmin",NAN,NAN,NAN,90.79626338789421,90.4771796151507,0.22107509523630142,203.3005390688777,190.83041155800004,464.20465526916087,8,28,16,7,4,101.95009531061119,101.95009531061119,0.2116111796349287,10.975573195144534,11.307674259999999,10.440590823069215,1,6,4,2,0,90.622648836935397,62.689357158,9,8
nvs20,230.9221652,230.9221652082297,0,0.08847186621278524,0.08533900000000022,0,0,230.92216293970984,229.7077380220426,0.029566559940576553,0.1805261354893446,0.330935,0.32495625503361225,4,9,0,5,3,230.92216293970984,270.5135798912582,0.019893473014235497,0.04647178575396538,0.063635,0.048676710575819016,1,3,0,2,0,230.92216350458514,1.307702326,13,13
o7,131.6531381,157.37966574617295,0,304.13571877777576,105.64731264900097,0,0,-inf,FAILED,"Objective value wrong, with error 10.655657544475359
Ubg < g(x*,p) - tol:
[0.02677932 0.10570485 0.00092452 0.00214485 0.29027256 0.09675927
 0.12205299 0.24030272 0.02592928 0.0528665  0.53752421 0.27747777
 0.04412602 0.09075752]
for indices:
(array([ 0,  1,  2,  3,  4,  5,  6,  7,  8,  9, 10, 11, 12, 13]),)",NAN,NAN,NAN,NAN,NAN,NAN,NAN,NAN,-inf,FAILED,"Ubg < g(x*,p) - tol:
[2.40271986e-04 9.43224222e-04 1.14675056e-01 3.74095511e-01
 7.57493043e-03 2.35446895e-02 2.08717677e-01 2.82395717e-01
 5.68906622e-01 1.80107529e-01 7.81095431e-01 2.24499152e-01]
for indices:
(array([ 0,  1,  2,  3,  4,  5,  6,  7,  8,  9, 12, 13]),)",NAN,NAN,NAN,NAN,NAN,NAN,NAN,NAN,131.65301327259772,289.869893613,5,22
o7_2,116.9459316,196.86496301639266,0,303.9153976114467,102.08531019200058,0,0,116.9459302251256,116.94530291638402,0.18301048129796982,364.5586142241955,361.446166423,295.2521367445588,4,16,13,5,2,124.03107430990612,124.03107434506282,0.16773547045886517,108.33763141185045,107.748702303,165.39210644550622,3,14,10,4,0,116.94590713844377,134.293909346,8,8
o7_ar25_1,140.4119583,-inf,FAILED,"Objective value wrong, with error 1e+50
Lbx > x* for indices:
[[ 0  0]
 [ 1  0]
 [ 2  0]
 [ 3  0]
 [ 4  0]
 [ 5  0]
 [ 6  0]
 [ 7  0]
 [ 8  0]
 [ 9  0]
 [10  0]
 [11  0]
 [12  0]
 [13  0]]
Ubg < g(x*,p) - tol:
[       inf        inf        inf        inf        inf        inf
        inf        inf        inf        inf        inf        inf
        inf        inf 1.99999999 1.99999999 1.99999999 1.99999999
 1.99999999 1.99999999 1.99999999 1.99999999 1.99999999 1.99999999
 1.99999999 1.99999999 1.99999999 1.99999999]
for indices:
(array([ 0,  1,  2,  3,  4,  5,  6,  7,  8,  9, 10, 11, 12, 13, 59, 60, 61,
       62, 63, 64, 65, 66, 67, 68, 69, 70, 71, 72]),)",NAN,NAN,NAN,140.41195731576076,138.2510774872658,0.22262714058160782,323.3783752527088,321.230456577,236.3462726995349,3,12,5,4,2,140.4119572932655,140.4119572932655,0.21228108555078506,50.70807505771518,51.15645098600001,50.39664017781615,1,6,4,2,0,140.41190577149021,257.506076209,9,12
o7_ar2_1,140.4119583,-inf,FAILED,"Objective value wrong, with error 1e+50
Lbx > x* for indices:
[[ 0  0]
 [ 1  0]
 [ 2  0]
 [ 3  0]
 [ 4  0]
 [ 5  0]
 [ 6  0]
 [ 7  0]
 [ 8  0]
 [ 9  0]
 [10  0]
 [11  0]
 [12  0]
 [13  0]]
Ubg < g(x*,p) - tol:
[       inf        inf        inf        inf        inf        inf
        inf        inf        inf        inf        inf        inf
        inf        inf 1.99999999 1.99999999 1.99999999 1.99999999
 1.99999999 1.99999999 1.99999999 1.99999999 1.99999999 1.99999999
 1.99999999 1.99999999 1.99999999 1.99999999]
for indices:
(array([ 0,  1,  2,  3,  4,  5,  6,  7,  8,  9, 10, 11, 12, 13, 59, 60, 61,
       62, 63, 64, 65, 66, 67, 68, 69, 70, 71, 72]),)",NAN,NAN,NAN,140.4119572560149,140.4119272388254,0.22029589675366879,81.27926832251251,80.46460424499998,32.98459211923182,2,7,4,3,1,140.4119573047369,140.41195731502478,0.2063121385872364,35.31466078944504,35.514809431,35.05112097598612,1,6,0,2,0,140.41195448060077,63.468023439,2,10
o7_ar3_1,137.931839,-inf,FAILED,"Objective value wrong, with error 1e+50
Lbx > x* for indices:
[[ 0  0]
 [ 1  0]
 [ 2  0]
 [ 3  0]
 [ 4  0]
 [ 5  0]
 [ 6  0]
 [ 7  0]
 [ 8  0]
 [ 9  0]
 [10  0]
 [11  0]
 [12  0]
 [13  0]]
Ubg < g(x*,p) - tol:
[       inf        inf        inf        inf        inf        inf
        inf        inf        inf        inf        inf        inf
        inf        inf 1.99999999 1.99999999 1.99999999 1.99999999
 1.99999999 1.99999999 1.99999999 1.99999999 1.99999999 1.99999999
 1.99999999 1.99999999 1.99999999 1.99999999]
for indices:
(array([ 0,  1,  2,  3,  4,  5,  6,  7,  8,  9, 10, 11, 12, 13, 59, 60, 61,
       62, 63, 64, 65, 66, 67, 68, 69, 70, 71, 72]),)",NAN,NAN,NAN,138.19774734433096,137.0125356909812,0.2219240516424179,572.9028984867036,569.657425327,446.8138279300183,4,18,13,4,2,-inf,FAILED,"Ubg < g(x*,p) - tol:
[5.90136533e-01 5.97133511e-01 1.23677156e-01 1.85261659e-01
 1.11967509e-01 1.47268825e-01 4.95227059e-03 1.33880445e-02
 1.21496879e-05 3.38351074e-06 2.86468972e-01 4.30698761e-01
 4.11061467e-05 9.98330025e-03 4.11061467e-05 4.06767643e-07
 9.98470701e-03 9.98470701e-03]
for indices:
(array([  2,   3,   4,   5,   6,   7,   8,   9,  10,  11,  12,  13,  49,
       140, 230, 232, 251, 268]),)",NAN,NAN,NAN,NAN,NAN,NAN,NAN,NAN,137.93183187749335,300.035899569,3,15
o7_ar4_1,131.6531381,-inf,FAILED,"Objective value wrong, with error 1e+50
Lbx > x* for indices:
[[ 0  0]
 [ 1  0]
 [ 2  0]
 [ 3  0]
 [ 4  0]
 [ 5  0]
 [ 6  0]
 [ 7  0]
 [ 8  0]
 [ 9  0]
 [10  0]
 [11  0]
 [12  0]
 [13  0]]
Ubg < g(x*,p) - tol:
[       inf        inf        inf        inf        inf        inf
        inf        inf        inf        inf        inf        inf
        inf        inf 1.99999999 1.99999999 1.99999999 1.99999999
 1.99999999 1.99999999 1.99999999 1.99999999 1.99999999 1.99999999
 1.99999999 1.99999999 1.99999999 1.99999999]
for indices:
(array([ 0,  1,  2,  3,  4,  5,  6,  7,  8,  9, 10, 11, 12, 13, 59, 60, 61,
       62, 63, 64, 65, 66, 67, 68, 69, 70, 71, 72]),)",NAN,NAN,NAN,-inf,FAILED,"Objective value wrong, with error 6.210988488718212
Ubg < g(x*,p) - tol:
[2.08311451e-02 5.19727850e-02 5.24985658e-01 2.47611597e-01
 3.22694500e-01 2.54776739e-01 1.29644390e-01 9.65661689e-02
 7.34366132e-01 4.45529986e-01 6.58044545e-04]
for indices:
(array([ 2,  3,  6,  7,  8,  9, 10, 11, 12, 13, 81]),)",NAN,NAN,NAN,NAN,NAN,NAN,NAN,NAN,-inf,FAILED,"Ubg < g(x*,p) - tol:
[3.83058530e-03 1.40665014e-02 5.25645065e-01 2.39437920e-01
 3.73861938e-02 8.41005530e-02 9.88168071e-03 1.29087960e-02
 7.47720994e-05 2.97814446e-04 8.44393796e-02 2.71894166e-02
 7.48746038e-05 2.98218702e-04]
for indices:
(array([ 0,  1,  2,  3,  4,  5,  6,  7,  8,  9, 10, 11, 12, 13]),)",NAN,NAN,NAN,NAN,NAN,NAN,NAN,NAN,131.65312589337105,300.033190247,3,21
o7_ar5_1,116.9458471,-inf,FAILED,"Objective value wrong, with error 1e+50
Lbx > x* for indices:
[[ 0  0]
 [ 1  0]
 [ 2  0]
 [ 3  0]
 [ 4  0]
 [ 5  0]
 [ 6  0]
 [ 7  0]
 [ 8  0]
 [ 9  0]
 [10  0]
 [11  0]
 [12  0]
 [13  0]]
Ubg < g(x*,p) - tol:
[       inf        inf        inf        inf        inf        inf
        inf        inf        inf        inf        inf        inf
        inf        inf 1.99999999 1.99999999 1.99999999 1.99999999
 1.99999999 1.99999999 1.99999999 1.99999999 1.99999999 1.99999999
 1.99999999 1.99999999 1.99999999 1.99999999]
for indices:
(array([ 0,  1,  2,  3,  4,  5,  6,  7,  8,  9, 10, 11, 12, 13, 59, 60, 61,
       62, 63, 64, 65, 66, 67, 68, 69, 70, 71, 72]),)",NAN,NAN,NAN,127.5543389075005,114.92723490406799,0.22042739763855934,436.29959120973945,430.398050323,554.9086565747857,5,18,14,6,2,-inf,FAILED,"Ubx > x* for indices:
[[10  0]]
Ubg < g(x*,p) - tol:
[2.20490753e+00 2.16346260e+00 3.06773878e-01 6.93418585e-01
 1.49562375e-08 4.07508591e-06 3.06773878e-01 6.93418586e-01
 1.07718069e-06]
for indices:
(array([ 0,  1,  8,  9, 10, 11, 12, 13, 70]),)",NAN,NAN,NAN,NAN,NAN,NAN,NAN,NAN,116.94584373736997,296.530534862,4,6
o8_ar4_1,243.0707486,-inf,FAILED,"Objective value wrong, with error 1e+50
Lbx > x* for indices:
[[ 0  0]
 [ 1  0]
 [ 2  0]
 [ 3  0]
 [ 4  0]
 [ 5  0]
 [ 6  0]
 [ 7  0]
 [ 8  0]
 [ 9  0]
 [10  0]
 [11  0]
 [12  0]
 [13  0]
 [14  0]
 [15  0]]
Ubg < g(x*,p) - tol:
[       inf        inf        inf        inf        inf        inf
        inf        inf        inf        inf        inf        inf
        inf        inf        inf        inf 1.99999999 1.99999999
 1.99999999 1.99999999 1.99999999 1.99999999 1.99999999 1.99999999
 1.99999999 1.99999999 1.99999999 1.99999999 1.99999999 1.99999999
 1.99999999 1.99999999]
for indices:
(array([ 0,  1,  2,  3,  4,  5,  6,  7,  8,  9, 10, 11, 12, 13, 14, 15, 75,
       76, 77, 78, 79, 80, 81, 82, 83, 84, 85, 86, 87, 88, 89, 90]),)",NAN,NAN,NAN,254.54805903172073,241.75811827886253,0.3471150193363428,304.11264868080616,302.32378362099996,151.66158215887845,2,7,5,3,1,247.67235805044837,247.67235805044837,0.3394006695598364,151.91087547503412,152.34808143300003,150.68423024564981,1,6,3,2,0,246.86843512698462,300.00090739399997,2,24
o9_ar4_1,236.1384562,-inf,FAILED,"Objective value wrong, with error 1e+50
Lbx > x* for indices:
[[ 0  0]
 [ 1  0]
 [ 2  0]
 [ 3  0]
 [ 4  0]
 [ 5  0]
 [ 6  0]
 [ 7  0]
 [ 8  0]
 [ 9  0]
 [10  0]
 [11  0]
 [12  0]
 [13  0]
 [14  0]
 [15  0]
 [16  0]
 [17  0]]
Ubg < g(x*,p) - tol:
[       inf        inf        inf        inf        inf        inf
        inf        inf        inf        inf        inf        inf
        inf        inf        inf        inf        inf        inf
 1.99999999 1.99999999 1.99999999 1.99999999 1.99999999 1.99999999
 1.99999999 1.99999999 1.99999999 1.99999999 1.99999999 1.99999999
 1.99999999 1.99999999 1.99999999 1.99999999 1.99999999 1.99999999]
for indices:
(array([  0,   1,   2,   3,   4,   5,   6,   7,   8,   9,  10,  11,  12,
        13,  14,  15,  16,  17,  93,  94,  95,  96,  97,  98,  99, 100,
       101, 102, 103, 104, 105, 106, 107, 108, 109, 110]),)",NAN,NAN,NAN,272.0262269371594,238.67937973998977,0.5299144126474857,307.8153093531728,304.857145427,153.2031794656068,2,7,5,3,1,-inf,FAILED,"Ubg < g(x*,p) - tol:
[9.86015008e-03 3.44348024e-02 8.31823836e-01 4.61368229e-01
 2.64176232e-04 1.03949484e-03 7.84809867e-01 6.88054456e-01
 1.34987684e+00 1.34994492e+00 7.04713268e-02 2.53058773e-02
 7.72746883e-01 6.79743566e-01 2.29236487e-07 1.40000150e-05
 2.29236483e-07]
for indices:
(array([  0,   1,   4,   5,   6,   7,  10,  11,  12,  13,  14,  15,  16,
        17,  54, 233, 278]),)",NAN,NAN,NAN,NAN,NAN,NAN,NAN,NAN,275.4121761522772,300.000261317,5,28
p_ball_10b_5p_2d_h,18.71857799,18.71857798796891,0,43.877042880281806,17.295459000004417,0,0,18.718577687693454,18.646119800736894,0.3354886397719383,85.64184034615755,5.8728698429999975,396.08169942721725,19,44,14,15,8,18.759492848706937,18.759492848706937,0.32701039128005505,41.6168428491801,2.7445775979999993,172.18232561275363,15,34,13,16,0,18.718576319602438,33.841715952,30,32
p_ball_10b_5p_3d_h,44.00421681,44.00421680539977,0,44.647503049112856,33.032871000009145,0,0,44.004216501016806,44.0042106675416,0.6066380478441715,322.62944475747645,28.741381006999998,2694.2907838169485,30,111,21,17,15,44.004216501016806,44.004216501016806,0.5802488774061203,118.45946843549609,10.204005186,580.3467430118471,19,58,19,20,0,44.004213613890443,182.87172848,66,69
p_ball_10b_5p_4d_h,71.37194798,71.37194798261878,0,99.48988541588187,60.82136499998114,0,0,71.51757097975754,43.59799127070146,0.9278709758073092,304.3271332271397,34.216067337000005,1937.578902060166,24,100,42,14,11,71.51757097975754,71.51757097975754,0.8653490804135799,222.22397692501545,20.666399778000006,1149.336613399908,21,69,30,22,0,73.072415509688767,306.76046521999996,98,81
p_ball_10b_7p_3d_h,109.8032151,-inf,FAILED,"Error in Function::call for 'minlp' [BonminInterface] at .../casadi/core/function.cpp:1432:
Error in Function::call for 'minlp' [BonminInterface] at .../casadi/core/function.cpp:361:
.../casadi/interfaces/bonmin/bonmin_interface.cpp:477: Uncaught error in Bonmin",NAN,NAN,NAN,112.5475729178763,56.29778519749024,1.2589989118278027,303.1896132193506,52.806803609,1252.7068699207157,19,64,52,16,5,113.78252552846158,113.78252546546693,1.2528826761990786,230.63971390016377,85.62923782199996,913.0335114616901,16,59,52,17,0,135.84789643218554,311.627797585,63,46
p_ball_15b_5p_2d_h,6.599867696,6.599867694976376,0,124.89110230002552,60.00160400000447,0,0,6.59986580054377,6.498246944433385,0.6554763726890087,328.6812927238643,17.666871414,2326.712604900822,28,62,18,19,13,6.59986748355395,6.59986748355395,0.6485797241330147,119.74367880821228,5.080294729,582.5411849990487,19,35,14,20,0,6.5998393095566854,195.342054492,62,63
p_ball_20b_5p_2d_h,2.437175093,2.437175093345309,0,302.7826840309426,160.43555820500268,0,0,11.766463289736858,0.0,1.074213933199644,320.2317540794611,8.315421799999998,2031.6646357961,25,53,32,17,9,9.686953396953506,0.0,1.0677600800991058,323.27744206413627,6.5545863340000015,1944.197709839791,25,36,25,26,0,16.539253782736601,300.63190594499997,63,42
p_ball_20b_5p_3d_h,19.73646908,20.450031333106395,0,302.3840883076191,176.65995755899968,0,0,28.054405284044424,0.0,1.8906896077096462,305.3997897915542,15.047160086,1212.9840704482049,21,58,37,19,3,38.8928948393168,0.0,1.8700283952057362,335.13335670530796,12.485127367999997,1381.1543065886945,22,44,36,23,0,74.333414243075566,304.91592427999996,59,38
p_ball_30b_5p_2d_h,0.2916294099,1.9238453413652803,0,303.0605272036046,119.86757276899934,0,0,8.713692424423838,0.0,2.4305207915604115,333.6695151180029,10.179063663,1330.8064097743481,22,47,19,15,8,4.388234447981367,5.417888360170764e-14,2.250612523406744,345.12796464934945,8.386949777999998,1265.7054897081107,22,32,20,23,0,1.7976931348623157e+308,304.223116977,31,30
portfol_buyin,0.02942379989,0.030458864440110835,0,0.02352223079651594,0.026642,0,0,0.03045885654931061,0.02829024469235643,0.07426051236689091,0.04187976382672787,0.037517,0.044066259637475014,1,2,0,2,0,0.03045885654931061,0.02829024469235643,0.06219330243766308,0.04371277987957001,0.034956,0.04572834633290768,1,2,0,2,0,0.029423788743197763,0.24834576,13,13
portfol_card,0.03221766181,0.033670834171531994,0,0.028042001649737358,0.034583,0,0,0.03968433597748165,0.03093828811845734,0.026890728622674942,0.053618015721440315,0.05373,0.0549747459590435,1,3,0,2,0,0.03968433597748165,0.03093828811845734,0.027700381353497505,0.053963156417012215,0.048494999999999996,0.05633500777184963,1,3,0,2,0,0.032217649855338121,0.27967957299999996,12,12
portfol_roundlot,0.02829063486,-inf,FAILED,"Objective value wrong, with error 1.7976931348623157e+308
Lbg > g(x*,p) + tol:
[0.04999999 0.99999999]
for indices:
(array([0, 2]),)",NAN,NAN,NAN,-inf,FAILED,"Lbg > g(x*,p) + tol:
[3.04578645e-02 9.90000000e+04]
for indices:
(array([1, 3]),)
Ubg < g(x*,p) - tol:
[999.999999 999.999999 999.999999 999.999999 999.999999 999.999999
 999.999999]
for indices:
(array([ 4,  5,  6,  7,  8,  9, 10]),)",NAN,NAN,NAN,NAN,NAN,NAN,NAN,NAN,-inf,FAILED,"Error in Function::call for 'benders_constraint_0' [MXFunction] at .../casadi/core/function.cpp:1458:
Error in Function::call for 'benders_constraint_0' [MXFunction] at .../casadi/core/function.cpp:362:
Error in Function::operator() for 'benders_constraint_0_qpsol' [GurobiInterface] at .../casadi/core/function.cpp:1539:
.../casadi/interfaces/gurobi/gurobi_interface.cpp:371: Assertion ""!flag"" failed:
Element 0 of a double array is Nan or Inf.",NAN,NAN,NAN,NAN,NAN,NAN,NAN,NAN,0.028282207269188921,11.530351004,112,104
prob10,3.445503794,3.4455037943363673,0,0.02547959703952074,0.009125000000000001,0,0,3.4455037882283115,3.4455037882283115,0.025923172011971474,0.04957406781613827,0.027149,0.06292913109064102,1,3,0,2,1,3.4455037882283115,3.4455037882283115,0.030257852748036385,0.04182782024145126,0.018840000000000003,0.060944968834519386,1,3,0,2,0,10.312118485241777,0.07409424499999999,2,2
ravempb,269590.2193,269590.21931546263,0,1.3917142562568188,1.9993889999999959,0,0,269590.2148658474,268013.0716683,0.1618835460394621,6.6333655677735806,3.0675061249999995,8.217870440334082,5,10,1,6,2,269590.2148658474,269590.2148658474,0.15060054697096348,1.5511688739061356,1.7015058060000001,1.6973573248833418,2,7,3,3,0,269590.2142466018,0.41763161099999996,17,4
sssd08-04,182022.5703,183200.43553427517,0,1.1299143517389894,0.29023399999998384,0,0,188671.6884624482,188671.50721034032,0.05634457245469093,0.9146190881729126,0.8753214260000001,1.0502059888094664,4,14,0,5,3,203282.75537879742,203282.75537879742,0.04931781627237797,0.2594177611172199,1.005536,0.27439852245151997,2,6,0,3,0,182431.95640752866,0.165781112,2,3
sssd12-05,281408.6352,282077.3343156276,0,1.850829854607582,0.5324149999999429,0,0,283130.79490254755,282101.53281467134,0.08940175175666809,1.612740134820342,1.6716923780000004,3.122439421713352,5,17,0,6,2,308879.22980721237,308879.22980721237,0.07450404018163681,0.4022708535194397,0.9936379999999998,0.5504313688725233,2,10,0,3,0,281861.9569395642,0.188207805,11,2
sssd15-04,205054.4585,205054.45853183,0,1.1722976872697473,0.3535249999999991,0,0,205192.03596013863,205192.0359601386,0.08371737785637379,1.5507026594132185,1.342413142,1.9651205018162727,4,18,0,5,4,208844.24894348416,208844.24894348416,0.06657822988927364,0.14648407697677612,0.595782,0.13658427447080612,1,4,0,2,0,205160.96706617996,0.1846546,8,4
sssd15-06,539635.4697,543719.4067432329,0,14.000553541816771,4.222245000000506,0,0,551477.8908487719,551477.8908487719,0.17293044179677963,1.0028334632515907,0.9753479800000001,0.962798710912466,3,13,0,4,2,624230.8179685622,624230.8179685622,0.14337857998907566,0.6543601639568806,1.1316029239999998,0.9903042707592249,3,11,0,4,0,544144.66059281945,0.552841727,20,7
sssd15-08,562617.8818,567102.9704180829,0,89.67100370209664,30.023867000026044,0,0,573706.5296278484,573706.5296278483,0.28585792146623135,8.023662919178605,7.008234539000001,15.598732028156519,7,27,0,8,3,687691.949988223,687691.949988223,0.2931128740310669,0.5494079571217299,1.0966106440000003,0.6792462635785341,2,10,0,3,0,563716.58160456864,0.56029425,17,5
sssd16-07,417188.8105,419425.7166526616,0,20.146985115483403,6.32558899999915,0,0,422014.6772761985,422014.6772761985,0.23706578090786934,3.98519697599113,3.3888002810000004,7.692721650004387,6,23,0,7,3,434070.58663592837,434070.58663592837,0.24186613596975803,1.863566379994154,2.1551391989999997,4.571297720074654,4,14,0,5,0,420109.22809275595,0.5264771079999999,22,8
sssd18-06,397992.2951,400946.25602764287,0,3.6738745234906673,1.174680999999942,0,0,399872.08990021644,399872.08990021644,0.19949334301054478,7.894562756642699,5.938924322,16.07728790678084,8,30,0,8,5,445695.9521749801,445695.9521749801,0.2078182604163885,0.5377178359776735,1.108548,0.596819581463933,2,10,0,3,0,400563.99724158098,0.5633362949999999,10,7
sssd18-08,832795.5852,839375.5035227027,0,81.51252607163042,28.60468699999484,0,0,839649.1301617735,839649.1301617735,0.4548303000628948,2.011421484872699,1.441024205,3.1853679548949003,5,16,0,6,2,1042959.5294026469,1042959.5294026469,0.4636082109063864,0.6776938512921333,1.148353309,0.825813066214323,2,11,0,3,0,836744.04551375203,1.0745009189999999,20,11
sssd20-04,347691.4105,349950.2585020412,0,1.6032228888943791,0.5081449999999619,0,0,347993.78471790254,347475.75388887426,0.10487434826791286,1.8183997925370932,1.7357449950000001,2.936258815228939,5,18,0,6,4,351153.11483436776,351153.11483436776,0.10147065296769142,0.18987927213311195,0.683367,0.17236828245222569,1,6,0,2,0,347859.91725300031,0.270554975,20,6
sssd20-08,469619.8376,473489.52904233616,0,31.547398178838193,11.393232999999412,0,0,472573.21829972614,472572.905050831,0.5890128370374441,17.965805200859904,16.989021292,24.81763149611652,7,28,0,8,3,490795.98594477854,490795.98594477854,0.6010006219148636,2.7730549182742834,3.005146003,8.958108169957995,5,21,0,6,0,495914.36613638408,0.96472377,32,11
sssd22-08,508713.7312,512070.72121459263,0,27.656262604519725,10.280124000004173,0,0,514621.32756759657,514621.32756759657,0.7811225727200508,9.838140644133091,9.065930583,34.159391244873405,6,23,0,7,3,527149.9898463573,527149.9898463573,0.7851773221045732,2.8045218363404274,2.9805225930000003,8.113335290923715,5,23,0,6,0,510379.42049447575,0.788911662,8,8
sssd25-04,300176.5637,301302.24121342815,0,2.355125422589481,0.7723989999999388,0,0,301652.72260219994,299733.5679122664,0.1570049598813057,2.678704062476754,2.5198544120000004,2.8470631297677755,5,19,0,6,4,307071.7443586585,307071.7443586585,0.15669992566108704,0.22544393502175808,0.674306,0.2104824222624302,1,4,0,2,0,300436.50475513871,0.197750499,5,3
sssd25-08,472093.078,475883.9959524083,0,20.067483165301383,7.403479000000786,0,0,474502.4061443587,470634.8153785815,1.127308264374733,3.7550739385187626,3.221433652,6.996490560472012,6,23,0,7,2,484626.62941934366,484626.62941934366,1.1349589563906193,3.8365310318768024,4.0785721079999995,13.040034057572484,5,23,0,6,0,474794.22261281754,0.923976183,8,6
st_e14,4.579582402,4.579582402486655,0,0.0538052087649703,0.043196,0,0,4.579582373600571,4.579582373600571,0.03392224758863449,0.27113685570657253,0.144499,0.5608683377504349,5,11,0,6,4,4.579582373600571,5.711850069441182,0.027544081211090088,0.06599044799804688,0.049554,0.09075651504099369,2,4,0,3,0,4.5795824024367082,0.014844567,2,0
stockcycle,119948.6883,119948.68833329527,0,19.067432006821036,10.115750999999495,0,0,129682.43201236725,117916.20281276494,12.519993407651782,324.8755725119263,306.9359645889999,1870.9636123310775,29,134,0,29,27,138613.84292365523,140093.26428993477,12.557783875614405,0.3481614924967289,0.618604899,0.3328214529901743,1,5,0,2,0,119948.68833333334,0.247166999,21,3
synthes1,6.00975909,6.009758908948444,0,0.04627215676009655,0.032068999999999986,0,0,6.009758726704932,6.009758726704932,0.03505932167172432,0.07219206541776657,0.045577000000000006,0.09814953990280628,2,4,0,3,1,6.009758726704932,6.009758726704932,0.036221034824848175,0.06440415792167187,0.045534,0.10116286762058735,2,4,0,3,0,6.0097514789467592,0.040000961,5,2
synthes2,73.03531253,73.03531252510001,0,0.07099804282188416,0.061613000000000036,0,0,73.03531205058363,73.03531205058363,0.01645062491297722,0.2389321718364954,0.14115999999999998,0.41638905368745327,4,8,0,5,3,73.03531205058363,73.03531205058363,0.015742197632789612,0.07774512842297554,0.053434999999999996,0.11812519654631615,2,4,0,3,0,73.035292274450399,0.043332636,8,2
synthes3,68.00974052,68.00974052143513,0,0.10000580828636885,0.08456800000000035,0,0,68.00974074385655,68.00974074385655,0.027414774522185326,0.23510693199932575,0.167750201,0.29782941564917564,3,7,0,4,2,68.00974074385655,74.22249484085977,0.02038348652422428,0.0859416201710701,0.13460999999999998,0.07774352468550205,1,5,0,2,0,68.009428025650521,0.035086334000000004,7,1
tls2,5.3,5.299999999999882,0,8.919843752868474,6.120461999999947,0,0,5.299999917954797,5.299999917954797,0.037882449105381966,0.39107285626232624,0.19313960600000002,0.9318906106054783,5,10,8,5,2,5.299999919921546,5.300000000000001,0.03049556352198124,0.5999352633953094,0.39455311,1.8661450520157814,5,19,17,6,0,5.2999999999999998,0.062127718000000005,11,1
tls4,8.3,-inf,FAILED,"Objective value wrong, with error 1e+50
Lbx > x* for indices:
[[ 0  0]
 [ 1  0]
 [ 2  0]
 [ 3  0]
 [ 4  0]
 [ 5  0]
 [ 6  0]
 [ 7  0]
 [ 8  0]
 [ 9  0]
 [10  0]
 [11  0]
 [12  0]
 [13  0]
 [14  0]
 [15  0]
 [16  0]
 [17  0]
 [18  0]
 [19  0]]
Lbg > g(x*,p) + tol:
[0.99999999 0.99999999 0.99999999 0.99999999 0.99999999 0.99999999
 0.99999999 0.99999999 0.99999999 0.99999999 0.99999999 0.99999999
 0.99999999 0.99999999 0.99999999 0.99999999 0.99999999 0.99999999
 0.99999999 0.99999999]
for indices:
(array([24, 25, 26, 27, 32, 33, 34, 35, 36, 37, 38, 39, 40, 41, 42, 43, 44,
       45, 46, 47]),)
Ubg < g(x*,p) - tol:
[  11.99999999   10.99999999   15.99999999   14.99999999 1699.99999999
 1699.99999999 1699.99999999 1699.99999999]
for indices:
(array([ 0,  1,  2,  3,  8,  9, 10, 11]),)",NAN,NAN,NAN,8.499999946674288,7.499999011904761,0.12465953826904297,301.158807342872,105.23946933799996,8526.000803928822,91,298,296,59,34,8.29999991632558,8.29999991632558,0.11710206419229507,54.07369612902403,24.02636367099998,647.2008704226464,35,156,154,36,0,8.3000000000000007,13.862855191000001,12,13
tls5,10.3,-inf,FAILED,"Objective value wrong, with error 1e+50
Lbx > x* for indices:
[[ 0  0]
 [ 1  0]
 [ 2  0]
 [ 3  0]
 [ 4  0]
 [ 5  0]
 [ 6  0]
 [ 7  0]
 [ 8  0]
 [ 9  0]
 [10  0]
 [11  0]
 [12  0]
 [13  0]
 [14  0]
 [15  0]
 [16  0]
 [17  0]
 [18  0]
 [19  0]
 [20  0]
 [21  0]
 [22  0]
 [23  0]
 [24  0]
 [25  0]
 [26  0]
 [27  0]
 [28  0]
 [29  0]]
Lbg > g(x*,p) + tol:
[0.99999999 0.99999999 0.99999999 0.99999999 0.99999999 0.99999999
 0.99999999 0.99999999 0.99999999 0.99999999 0.99999999 0.99999999
 0.99999999 0.99999999 0.99999999 0.99999999 0.99999999 0.99999999
 0.99999999 0.99999999 0.99999999 0.99999999 0.99999999 0.99999999
 0.99999999 0.99999999 0.99999999 0.99999999 0.99999999 0.99999999]
for indices:
(array([30, 31, 32, 33, 34, 40, 41, 42, 43, 44, 45, 46, 47, 48, 49, 50, 51,
       52, 53, 54, 55, 56, 57, 58, 59, 60, 61, 62, 63, 64]),)
Ubg < g(x*,p) - tol:
[  16.99999999   10.99999999   19.99999999   10.99999999   13.99999999
 1799.99999999 1799.99999999 1799.99999999 1799.99999999 1799.99999999]
for indices:
(array([ 0,  1,  2,  3,  4, 10, 11, 12, 13, 14]),)",NAN,NAN,NAN,-inf,FAILED,"Objective value wrong, with error 6.299998000587583
Ubg < g(x*,p) - tol:
[2.99999466e+00 5.99999360e+00 2.99999413e+00 2.99999367e+00
 2.99999424e+00 1.24963500e-06 1.24958286e-06 1.02795643e-15
 1.39778012e-16 6.49768027e-14 1.39778012e-16 1.02795643e-15
 2.00000000e-07 1.02795643e-15]
for indices:
(array([ 0,  1,  2,  3,  4, 31, 32, 41, 42, 44, 47, 50, 55, 62]),)",NAN,NAN,NAN,NAN,NAN,NAN,NAN,NAN,-inf,FAILED,"Ubg < g(x*,p) - tol:
[5.99999534e+00 5.99999372e+00 2.99999463e+00 2.99999488e+00
 6.85295163e-14 9.90974063e-15 1.70151680e-14 1.39778012e-16
 1.39778012e-16]
for indices:
(array([ 0,  1,  3,  4, 47, 48, 53, 56, 64]),)",NAN,NAN,NAN,NAN,NAN,NAN,NAN,NAN,10.300000000000001,300.02597721,13,22
tls6,15.3,-inf,FAILED,"Objective value wrong, with error 1e+50
Lbx > x* for indices:
[[ 0  0]
 [ 1  0]
 [ 2  0]
 [ 3  0]
 [ 4  0]
 [ 5  0]
 [ 6  0]
 [ 7  0]
 [ 8  0]
 [ 9  0]
 [10  0]
 [11  0]
 [12  0]
 [13  0]
 [14  0]
 [15  0]
 [16  0]
 [17  0]
 [18  0]
 [19  0]
 [20  0]
 [21  0]
 [22  0]
 [23  0]
 [24  0]
 [25  0]
 [26  0]
 [27  0]
 [28  0]
 [29  0]
 [30  0]
 [31  0]
 [32  0]
 [33  0]
 [34  0]
 [35  0]
 [36  0]
 [37  0]
 [38  0]
 [39  0]
 [40  0]
 [41  0]]
Lbg > g(x*,p) + tol:
[0.99999999 0.99999999 0.99999999 0.99999999 0.99999999 0.99999999
 0.99999999 0.99999999 0.99999999 0.99999999 0.99999999 0.99999999
 0.99999999 0.99999999 0.99999999 0.99999999 0.99999999 0.99999999
 0.99999999 0.99999999 0.99999999 0.99999999 0.99999999 0.99999999
 0.99999999 0.99999999 0.99999999 0.99999999 0.99999999 0.99999999
 0.99999999 0.99999999 0.99999999 0.99999999 0.99999999 0.99999999
 0.99999999 0.99999999 0.99999999 0.99999999 0.99999999 0.99999999]
for indices:
(array([36, 37, 38, 39, 40, 41, 48, 49, 50, 51, 52, 53, 54, 55, 56, 57, 58,
       59, 60, 61, 62, 63, 64, 65, 66, 67, 68, 69, 70, 71, 72, 73, 74, 75,
       76, 77, 78, 79, 80, 81, 82, 83]),)
Ubg < g(x*,p) - tol:
[  13.99999999   21.99999999   17.99999999   12.99999999   19.99999999
   21.99999999 2099.99999999 2099.99999999 2099.99999999 2099.99999999
 2099.99999999 2099.99999999]
for indices:
(array([ 0,  1,  2,  3,  4,  5, 12, 13, 14, 15, 16, 17]),)",NAN,NAN,NAN,-inf,FAILED,"Objective value wrong, with error 8.399999000000001
Ubg < g(x*,p) - tol:
[3.99999358e+00 3.99999479e+00 7.99999383e+00 2.99999358e+00
 9.99999383e+00 3.99999600e+00 1.39778012e-16 1.02795643e-15
 1.39778012e-16 1.39778012e-16 1.39778012e-16 1.39778012e-16
 1.39778012e-16 1.39778012e-16 1.39778012e-16 1.39778012e-16
 1.39778012e-16 1.39778012e-16]
for indices:
(array([ 0,  1,  2,  3,  4,  5, 50, 54, 57, 62, 65, 68, 72, 77, 78, 79, 82,
       83]),)",NAN,NAN,NAN,NAN,NAN,NAN,NAN,NAN,-inf,FAILED,"Integer infeasible: [] (array([], dtype=int64),)",NAN,NAN,NAN,NAN,NAN,NAN,NAN,NAN,15.300000000000001,300.036074772,18,23
