name,primalbound,noncvx_bonmin.obj,noncvx_bonmin.load_time,noncvx_bonmin.calc_time,noncvx_bonmin.solver_time,noncvx_bonmin.python_time,noncvx_bonmin.iter_nr,noncvx_bonmin.NLP_runs,noncvx_bonmin.FNLP_runs,noncvx_bonmin.MIQP_runs,noncvx_bonmin.MILP_runs,noncvx_sbmiqp.obj,noncvx_sbmiqp.dual_obj,noncvx_sbmiqp.load_time,noncvx_sbmiqp.calc_time,noncvx_sbmiqp.solver_time,noncvx_sbmiqp.python_time,noncvx_sbmiqp.iter_nr,noncvx_sbmiqp.NLP_runs,noncvx_sbmiqp.FNLP_runs,noncvx_sbmiqp.MIQP_runs,noncvx_sbmiqp.MILP_runs,noncvx_sbmiqp_ee.obj,noncvx_sbmiqp_ee.dual_obj,noncvx_sbmiqp_ee.load_time,noncvx_sbmiqp_ee.calc_time,noncvx_sbmiqp_ee.solver_time,noncvx_sbmiqp_ee.python_time,noncvx_sbmiqp_ee.iter_nr,noncvx_sbmiqp_ee.NLP_runs,noncvx_sbmiqp_ee.FNLP_runs,noncvx_sbmiqp_ee.MIQP_runs,noncvx_sbmiqp_ee.MILP_runs,noncvx_shot.obj,noncvx_shot.calctime,noncvx_shot.nr_milp,noncvx_shot.nr_nlp
4stufen,116329.6706,116784.99577870706,0,1.4373975777998567,0.7895010000000302,0,0,0,0,0,0,-inf,FAILED,"Error in Function::call for 'benders_constraint_0' [MXFunction] at .../casadi/core/function.cpp:1458:
Error in Function::call for 'benders_constraint_0' [MXFunction] at .../casadi/core/function.cpp:362:
Error in Function::operator() for 'benders_constraint_0_qpsol' [GurobiInterface] at .../casadi/core/function.cpp:1539:
.../casadi/core/conic.cpp:499: Assertion ""lb <= ub && lb!=inf && ub!=-inf"" failed:
Ill-posed problem detected: LBA[1] <= UBA[1] was violated. Got LBA[1] = nan and UBA[1] = nan.",NAN,NAN,NAN,NAN,NAN,NAN,NAN,NAN,-inf,FAILED,"Error in Function::call for 'benders_constraint_0' [MXFunction] at .../casadi/core/function.cpp:1458:
Error in Function::call for 'benders_constraint_0' [MXFunction] at .../casadi/core/function.cpp:362:
Error in Function::operator() for 'benders_constraint_0_qpsol' [GurobiInterface] at .../casadi/core/function.cpp:1539:
.../casadi/core/conic.cpp:499: Assertion ""lb <= ub && lb!=inf && ub!=-inf"" failed:
Ill-posed problem detected: LBA[1] <= UBA[1] was violated. Got LBA[1] = nan and UBA[1] = nan.",NAN,NAN,NAN,NAN,NAN,NAN,NAN,NAN,1.7976931348623157e+308,16.171350570999998,24,19
autocorr_bern20-05,-416.0,-407.99999999999,0,0.013936345465481281,0.010671,0,0,0,0,0,0,-384.0000000074941,-384.0000050873999,0.7030993234366179,0.03228556364774704,0.016401,0.0512568112462759,1,2,0,2,0,-384.0000000074941,-384.000001,0.7043959461152554,0.030003586784005165,0.021231999999999994,0.0465009231120348,1,2,0,2,0,-416.00000000000006,2.502480514,2,0
autocorr_bern20-10,-2936.0,-2887.99999999999,0,0.03412287496030331,0.04719099999999998,0,0,0,0,0,0,-2928.0000000074942,-2928.000022359889,0.018264027312397957,0.04114239476621151,0.03671499999999999,0.0797764677554369,1,2,0,2,0,-2928.0000000074942,-2928.000001000001,0.017632395029067993,0.04290245659649372,0.044068,0.0849013701081276,1,2,0,2,0,-2936,65.634566984,2,1
autocorr_bern20-15,-5960.0,-5819.99999999999,0,0.023506835103034973,0.032231,0,0,0,0,0,0,-5820.000000007494,-5820.000023957375,0.02193351648747921,0.04449518211185932,0.05489500000000002,0.091292480006814,1,2,0,2,0,-5820.000000007494,-5820.000001,0.0216553695499897,0.0451400987803936,0.055006,0.09223459102213383,1,2,0,2,0,-5960,200.572152673,2,3
autocorr_bern25-06,-960.0,-927.99999999999,0,0.019732842221856117,0.020444,0,0,0,0,0,0,-944.0000000074941,-944.0000140323688,0.7038475722074509,0.03830120712518692,0.027305000000000003,0.07218329608440399,1,2,0,2,0,-944.0000000074941,-944.000001,0.7127877604216337,0.03703770972788334,0.034009000000000005,0.06943883374333382,1,2,0,2,0,-960,107.260526965,2,0
autocorr_bern25-13,-8148.0,-8063.99999999999,0,0.045006719417870045,0.08379900000000001,0,0,0,0,0,0,-7992.000000007494,-7992.0000405845485,0.02659304253757,0.03846403583884239,0.04773500000000001,0.07000965066254139,1,2,0,2,0,-7992.000000007494,-7992.000001,0.024315042421221733,0.03666913881897926,0.044179,0.06762156635522842,1,2,0,2,0,-8148.0000000099908,299.98398353299996,2,3
autocorr_bern25-19,-14644.0,-14495.99999999999,0,0.061768037267029285,0.14410399999999993,0,0,0,0,0,0,-14500.000000007494,-14500.00006130482,0.032999591901898384,0.050917038694024086,0.09013099999999998,0.10832040198147297,1,2,0,2,0,-14500.000000007494,-14500.000001,0.031771913170814514,0.050196532160043716,0.087047,0.10683328844606876,1,2,0,2,0,-14588.00000000999,299.970364084,2,3
autocorr_bern25-25,-10664.0,-10431.99999999999,0,0.06536315754055977,0.162809,0,0,0,0,0,0,-10544.000000007494,-10544.000071624738,0.036720531061291695,0.04553092643618584,0.07774299999999999,0.0931356605142355,1,2,0,2,0,-10544.000000007494,-10544.000001,0.03557106666266918,0.04535556398332119,0.078668,0.09243691340088844,1,2,0,2,0,-10656.00000000999,299.965274806,2,7
autocorr_bern30-04,-324.0,-319.99999999999,0,0.013081572018563747,0.010081,0,0,0,0,0,0,-320.0000000074941,-320.0000080923257,0.015425294637680054,0.0382325891405344,0.03139,0.06970908865332603,1,2,0,2,0,-320.0000000074941,-320.000001,0.015347940847277641,0.037425460293889046,0.030487999999999998,0.07029036246240139,1,2,0,2,0,-324,12.81884233,2,0
autocorr_bern30-08,-2952.0,-2903.99999999999,0,0.04110400751233101,0.06874700000000002,0,0,0,0,0,0,-2904.0000000074942,-2904.0000236123183,0.02158672735095024,0.042200472205877304,0.051155,0.08407919481396675,1,2,0,2,0,-2904.0000000074942,-2904.000001,0.02027050033211708,0.042193254455924034,0.050957999999999996,0.08398264646530151,1,2,0,2,0,-2952.0000000099894,300.000033706,2,2
autocorr_bern30-15,-15744.0,-15423.99999999999,0,0.054001281037926674,0.10803299999999999,0,0,0,0,0,0,-15424.000000007494,-15424.000062652272,0.03370284661650658,0.05107550509274006,0.083932,0.10392111353576183,1,2,0,2,0,-15424.000000007494,-15424.000001,0.03297544829547405,0.048280561342835426,0.08178299999999997,0.10071427747607231,1,2,0,2,0,-15744.000000009994,299.972882923,2,5
autocorr_bern30-23,-30460.0,-29783.99999999999,0,0.052139824256300926,0.13585599999999998,0,0,0,0,0,0,-30184.000000007494,-30184.00010649201,0.05362769216299057,0.05982705019414425,0.11532300000000004,0.12958302907645702,1,2,0,2,0,-30184.000000007494,-30184.000001,0.05027911998331547,0.06011856719851494,0.114455,0.13142887875437737,1,2,0,2,0,-30276.00000000999,299.94718014,2,3
autocorr_bern30-30,-22888.0,-22567.99999999999,0,0.06470216065645218,0.19161399999999992,0,0,0,0,0,0,-22512.000000007494,-22512.000133532405,0.057280732318758965,0.054134419187903404,0.11947699999999997,0.1147826537489891,1,2,0,2,0,-22512.000000007494,-22512.000001,0.05651022680103779,0.054163284599781036,0.119431,0.11457580514252186,1,2,0,2,0,-22472.00000000999,299.970881655,2,5
autocorr_bern35-04,-384.0,-383.99999999999,0,0.013957311399281025,0.01149,0,0,0,0,0,0,-368.0000000074941,-368.0000082990913,0.018724722787737846,0.035376887768507004,0.029558,0.06349817290902138,1,2,0,2,0,-368.0000000074941,-368.000001,0.01719021424651146,0.03553331457078457,0.030060000000000003,0.06389490328729153,1,2,0,2,0,-384,66.417047112,2,0
autocorr_bern35-09,-5108.0,-5047.99999999999,0,0.05085981171578169,0.102832,0,0,0,0,0,0,-5080.000000007494,-5080.000040562308,0.026218418031930923,0.06165693700313568,0.09151700000000003,0.12182305380702019,1,3,0,2,0,-5080.000000007494,-5080.000001000001,0.025209644809365273,0.06049571372568607,0.08801400000000005,0.11948754824697971,1,3,0,2,0,-5104.0000000099899,299.98752314899997,2,3
autocorr_bern35-18,-31168.0,-31071.99999999999,0,0.06068149581551552,0.167928,0,0,0,0,0,0,-30976.000000007494,-30976.000118639946,0.04807933233678341,0.059528572484850883,0.128348,0.13091559894382954,1,2,0,2,0,-30976.000000007494,-30976.000001,0.047212932258844376,0.05994260124862194,0.12554299999999996,0.13097123056650162,1,2,0,2,0,-31072.000000009986,299.97842793,2,7
autocorr_bern35-26,-55288.0,-54863.99999999999,0,0.07983136177062988,0.23428200000000016,0,0,0,0,0,0,-55072.000000007494,-55072.00017559623,0.07025105878710747,0.06547840312123299,0.17311899999999997,0.14753352291882038,1,2,0,2,0,-55072.000000007494,-55072.000001,0.0688909962773323,0.06663658656179905,0.176423,0.14950803481042385,1,2,0,2,0,-55096.000000009997,299.928109577,2,4
autocorr_bern35-35fix,-41068.0,-40283.99999999999,0,0.10261924471706152,0.26310099999999936,0,0,0,0,0,0,-40468.000000007494,-40468.00023616041,0.08294421806931496,0.07738041318953037,0.22848300000000002,0.18147192895412445,1,2,0,2,0,-40468.000000007494,-40468.000001,0.08209217712283134,0.07830527052283287,0.20896899999999993,0.1830901112407446,1,2,0,2,0,-40284.00000000999,299.920791317,2,7
autocorr_bern40-05,-936.0,-911.99999999999,0,0.018162362277507782,0.020013,0,0,0,0,0,0,-896.0000000074941,-896.0000153363638,0.028292184695601463,0.03818977251648903,0.036412,0.06949457712471485,1,2,0,2,0,-896.0000000074941,-896.0000009999999,0.020422376692295074,0.03759902901947498,0.035375,0.06830883212387562,1,2,0,2,0,-936.00000000999,299.996539529,2,2
autocorr_bern40-10,-8248.0,-8127.99999999999,0,0.05070776119828224,0.11751199999999998,0,0,0,0,0,0,-8144.000000007494,-8144.000046307258,0.03133971616625786,0.03899892419576645,0.053963,0.07118889130651951,1,2,0,2,0,-8144.000000007494,-8144.000001,0.030945200473070145,0.03886420279741287,0.05339200000000001,0.07089564204216003,1,2,0,2,0,-8232.0000000099899,299.981020864,2,5
autocorr_bern40-20,-50576.0,-50055.99999999999,0,0.04523150622844696,0.13671399999999997,0,0,0,0,0,0,-50240.000000007494,-50240.000186307356,0.06420554034411907,0.06824823468923569,0.17372900000000002,0.155300784856081,1,2,0,2,0,-50240.000000007494,-50240.000001,0.0630842000246048,0.069464311003685,0.178174,0.15728512033820152,1,2,0,2,0,-50344.00000000999,299.925545374,2,5
autocorr_bern40-30,-94992.0,-93943.99999999999,0,0.09694803692400455,0.27286800000000005,0,0,0,0,0,0,-94576.0000000075,-94576.00026310746,0.10323592089116573,0.07876229658722878,0.21368499999999999,0.1819148026406765,1,2,0,2,0,-94576.0000000075,-94576.000001,0.10091094486415386,0.07926632463932037,0.22120799999999993,0.18169021233916283,1,2,0,2,0,-93960.000000010012,299.88107971899996,2,3
autocorr_bern40-40,-67964.0,-67395.99999999999,0,0.08210696280002594,0.28565000000000007,0,0,0,0,0,0,-67392.0000000075,-67392.00038902687,0.12669281661510468,0.07901289314031601,0.2633110000000001,0.1824377402663231,1,2,0,2,0,-67392.0000000075,-67392.00000100002,0.12424204871058464,0.08024589344859123,0.267674,0.18480423092842102,1,2,0,2,0,-65852.000000009997,299.884228238,2,4
autocorr_bern45-05,-1068.0,-1047.99999999999,0,0.043673460371792316,0.06620900000000002,0,0,0,0,0,0,-1024.000000007494,-1024.0000191722534,0.03109452873468399,0.037100544199347496,0.037608,0.06582203321158886,1,2,0,2,0,-1024.000000007494,-1024.0000010000003,0.02300472930073738,0.03638816066086292,0.036934,0.06539975106716156,1,2,0,2,0,-1064.0000000099899,300.00515589199995,2,1
autocorr_bern45-11,-12748.0,-12575.99999999999,0,0.05570528097450733,0.14484499999999997,0,0,0,0,0,0,-12520.000000007494,-12520.000070374666,0.038837382569909096,0.0514263603836298,0.09946100000000002,0.10592727363109589,1,2,0,2,0,-12520.000000007494,-12520.000001,0.03784195892512798,0.05156325735151768,0.09919199999999999,0.10621351562440395,1,2,0,2,0,-12648.00000000999,299.973831125,2,3
autocorr_bern45-23,-85504.0,-84763.99999999999,0,0.09573884960263968,0.2626639999999999,0,0,0,0,0,0,-84680.0000000075,-84680.00024829406,0.0893523059785366,0.08585146255791187,0.26261799999999996,0.20339520648121834,1,2,0,2,0,-84680.0000000075,-84680.000001,0.08905021473765373,0.08752222917973995,0.27495800000000004,0.20889858342707157,1,2,0,2,0,-84852.000000009997,299.898193443,2,3
autocorr_bern45-34,-152784.0,-151280.0,0,0.10529226996004581,0.3160009999999998,0,0,0,0,0,0,-152224.00000000748,-152224.00038964895,0.14932414516806602,0.0971931517124176,0.34446199999999993,0.23571943491697311,1,2,0,2,0,-152224.00000000748,-152224.00000100004,0.14209059067070484,0.0983737614005804,0.34728100000000006,0.23882555775344372,1,2,0,2,0,-151224.00000001001,299.86160277299996,2,3
autocorr_bern45-45,-112892.0,-111311.99999999999,0,0.17440056428313255,0.3870130000000005,0,0,0,0,0,0,-112004.0000000075,-112004.00063365627,0.17400249280035496,0.10161514952778816,0.372992,0.24660585820674896,1,2,0,2,0,-112004.0000000075,-112004.000001,0.1676473394036293,0.10060698539018631,0.3871830000000001,0.24308396317064762,1,2,0,2,0,-109320.00000001,299.84159973,2,4
autocorr_bern50-06,-2160.0,-2095.99999999999,0,0.07761550974100828,0.127724,0,0,0,0,0,0,-2064.0000000074942,-2064.0000241272883,0.03900601528584957,0.04102810472249985,0.04213800000000001,0.07174484618008137,1,2,0,2,0,-2064.0000000074942,-2064.0000010000003,0.02975614182651043,0.03972254693508148,0.039659,0.07033280655741692,1,2,0,2,0,-2160.0000000099899,300.003334788,2,1
autocorr_bern50-13,-23792.0,-23359.99999999999,0,0.08489810675382614,0.191133,0,0,0,0,0,0,-23564.000000007494,-23564.000137002182,0.0523852352052927,0.06562816351652145,0.15993300000000005,0.14692785404622555,1,2,0,2,0,-23564.000000007494,-23564.000001,0.053545136004686356,0.06782336160540581,0.14833200000000002,0.1512748971581459,1,2,0,2,0,-23480.000000009986,299.958858493,2,8
autocorr_bern50-25,-125104.0,-123775.99999999999,0,0.07983709406107664,0.26780899999999985,0,0,0,0,0,0,-124268.0000000075,-124268.00035780588,0.11420481465756893,0.08016863651573658,0.2575309999999999,0.18374144658446312,1,2,0,2,0,-124268.0000000075,-124268.000001,0.11486990004777908,0.08218498714268208,0.26747099999999996,0.18843024410307407,1,2,0,2,0,-123844.00000001,299.891372783,2,4
autocorr_bern55-06,-2400.0,-2303.99999999999,0,0.06823285389691591,0.13556499999999996,0,0,0,0,0,0,-2304.0000000074942,-2304.0000278027283,0.03831602446734905,0.04663032107055187,0.06493500000000002,0.09123203530907631,1,2,0,2,0,-2304.0000000074942,-2304.0000010000003,0.030941471457481384,0.045506322756409645,0.06235900000000001,0.09104314260184765,1,2,0,2,0,-2400.0000000099899,299.99170313400003,2,2
autocorr_bern55-14,-33272.0,-32871.99999999999,0,0.09299501311033964,0.23530099999999993,0,0,0,0,0,0,-32792.000000007494,-32792.000165952,0.06329099647700787,0.08086088672280312,0.20465899999999995,0.16815810278058052,1,3,0,2,0,-32792.000000007494,-32792.000001,0.06151016242802143,0.08115456812083721,0.20657800000000004,0.1697713267058134,1,3,0,2,0,-32776.00000000999,299.960298053,2,6
autocorr_bern60-08,-6792.0,-6647.99999999999,0,0.07259935513138771,0.17762399999999995,0,0,0,0,0,0,-6728.000000007494,-6728.000054899665,0.04859054461121559,0.051562972366809845,0.09062800000000003,0.10367224738001823,1,2,0,2,0,-6728.000000007494,-6728.000001000002,0.04092262499034405,0.05052620358765125,0.08763600000000002,0.10308581404387951,1,2,0,2,0,-6792.0000000099899,299.99527807299995,2,6
autocorr_bern60-15,-45232.0,-44535.99999999999,0,0.07080054376274347,0.25116,0,0,0,0,0,0,-44596.000000007494,-44596.00020049752,0.07756149396300316,0.07901238277554512,0.235539,0.1827093604952097,1,2,0,2,0,-44596.000000007494,-44596.000001,0.07505702786147594,0.08063016645610332,0.247925,0.18754166550934315,1,2,0,2,0,-44548.000000009997,299.936889764,2,6
batch0812_nc,2687026.784,2687026.7846137383,0,3.171668015420437,1.1896670000000098,0,0,0,0,0,0,2687026.779529676,2687026.779529676,0.3021383471786976,1.6748794950544834,0.7335531010000003,1.5145579762756824,3,6,1,4,2,2768549.937463533,5833955.336905718,0.2927034255117178,0.30080485716462135,0.42354362700000003,0.2946905419230461,1,3,0,2,0,2687026.7795078037,0.21818796000000001,2,2
batch_nc,285506.5082,285506.50824410125,0,0.40194120071828365,0.190561000000002,0,0,0,0,0,0,285506.5078974896,282907.03892857063,0.062094708904623985,0.22007756307721138,0.370706981,0.12390168942511082,1,4,0,2,1,285506.5078974896,285506.5078974896,0.054684460163116455,0.1722805667668581,0.35275,0.12334101088345051,1,4,0,2,0,285506.50789399887,0.24436501,16,3
beuster,116329.6706,-inf,FAILED,"Error in Function::call for 'minlp' [BonminInterface] at .../casadi/core/function.cpp:1432:
Error in Function::call for 'minlp' [BonminInterface] at .../casadi/core/function.cpp:361:
.../casadi/interfaces/bonmin/bonmin_interface.cpp:477: Uncaught error in Bonmin",NAN,NAN,NAN,NAN,NAN,NAN,NAN,-inf,FAILED,"Lbg > g(x*,p) + tol:
[9.99999999e+02 4.99999900e+00 1.05800000e+03 4.99999900e+00
 1.00800000e+03 7.99999900e+00 1.55402592e-04 1.55402592e-04
 1.55402592e-04 1.55402592e-04 5.27144279e-03 5.27144279e-03
 5.27144279e-03 5.27144279e-03 9.99999000e-01 9.99999000e-01
 9.99999000e-01 9.99999000e-01 4.57280420e-03 1.80000000e+03
 9.49999000e-01 9.49999000e-01 9.49999000e-01 9.49999000e-01
 1.29761667e+02 1.29761667e+02 1.29761667e+02 1.29761667e+02
 4.97329559e+02 4.97329559e+02 4.97329559e+02 4.97329559e+02
 2.24999999e+02 2.49999999e+02 4.79999990e+01 1.67999999e+02
 9.99999900e+00 1.19999990e+01 6.99999900e+00 1.19999990e+01
 9.99999000e-01 9.99999000e-01 9.99999000e-01 2.92073861e+02
 3.52411613e+02 4.57370420e-02 7.64973850e+02]
for indices:
(array([  4,   5,  10,  11,  12,  13,  18,  19,  20,  21,  26,  27,  28,
        29,  30,  31,  32,  33,  46,  47,  49,  50,  51,  52,  53,  54,
        55,  56,  69,  70,  71,  72,  85,  86,  87,  88,  89,  90,  91,
        92,  93,  94,  95, 102, 103, 104, 105]),)
Ubg < g(x*,p) - tol:
[9.9900000e-04 9.9999900e-01 9.9999990e+00 9.9999999e+01 1.9999990e+00
 9.9999900e-01 1.6749900e-01 9.9999900e-01           inf           inf
           inf           inf 4.9999000e-02 4.9999000e-02 4.9999000e-02
 4.9999000e-02 9.9999900e-01 9.9999900e-01 9.9999900e-01 9.9999900e-01]
for indices:
(array([ 0,  1,  2,  3,  6,  7,  8,  9, 14, 15, 16, 17, 38, 39, 40, 41, 61,
       62, 63, 64]),)",NAN,NAN,NAN,NAN,NAN,NAN,NAN,NAN,-inf,FAILED,"Integer infeasible: [0.0012032  0.00240584 0.0048114  0.00962265 0.01924523 0.03849042
 0.01176474 0.02352943 0.04705883 0.09411764 0.48518348 0.48518349] (array([ 8, 12, 16, 20, 24, 28, 32, 36, 40, 44, 49, 50]),)",NAN,NAN,NAN,NAN,NAN,NAN,NAN,NAN,NAN,NAN,NAN,NAN
casctanks,9.163479388,9.163479388158715,0,2.9199940403923392,1.817139000000001,0,0,0,0,0,0,9.163479254022507,9.163478711076868,1.7738613691180944,1.1562037467956543,1.902500538,1.2351301610469818,2,4,0,3,2,9.207582470434449,9.55165938754726,1.7586322613060474,0.46152722649276257,1.1122231419999995,0.4806079976260662,1,2,0,2,0,9.1634771241571116,21.941444466,19,23
contvar,809149.8272,-inf,FAILED,"Objective value wrong, with error 4.784745872020721e-09",NAN,NAN,NAN,NAN,NAN,NAN,NAN,809149.8125599765,794913.1872779619,4.660657545551658,306.4028610344976,80.12426319599999,3524.881480600685,30,107,1,22,20,809679.594933076,801700.4172755904,4.511792751029134,1.2590899355709553,2.0701679100000003,0.9027263689786196,1,4,0,2,0,813386.92992317176,303.584944728,66,46
csched1,-30639.25785,-30639.25784500347,0,0.6671804953366518,0.24926799999999427,0,0,0,0,0,0,-29279.167599447588,-29279.167599447588,0.0756169967353344,0.11415954679250717,0.086602,0.12026008404791355,1,2,0,2,1,-29279.167599447588,-29279.167599447588,0.053765084594488144,0.04740973189473152,0.061208,0.06640164740383625,1,2,0,2,0,1.7976931348623157e+308,0.12728445800000002,2,2
csched1a,-30430.17682,-30430.176817209325,0,0.10626523103564978,0.08337400000000045,0,0,0,0,0,0,-30279.747114268288,-30279.747114268288,0.032774388790130615,0.04516960307955742,0.06121,0.04740179888904095,1,2,0,2,1,-30279.747114268288,-30279.747114268288,0.03220918029546738,0.03657991997897625,0.03809,0.04854056239128113,1,2,0,2,0,-30279.74713313461,0.076040337,3,3
csched2,-166101.9964,-inf,FAILED,"Ubg < g(x*,p) - tol:
[1.1758709e-09]
for indices:
(array([0]),)",NAN,NAN,NAN,NAN,NAN,NAN,NAN,-153611.2265853356,-166247.1266058711,3.721797714009881,303.12592663243413,20.083555727999993,5009.5360920820385,55,133,0,36,21,-153016.87994434574,-166247.1266058711,3.6779348254203796,300.8566638547927,14.516833565999997,5154.448778826743,56,96,0,57,0,-151918.94471747396,6.974089513,3,3
csched2a,-165398.7013,-165398.7012703061,0,2.5575641309842467,1.3652899999999646,0,0,0,0,0,0,-inf,FAILED,"Error in Function::call for 'benders_constraint_131' [MXFunction] at .../casadi/core/function.cpp:1458:
Error in Function::call for 'benders_constraint_131' [MXFunction] at .../casadi/core/function.cpp:362:
Error in Function::operator() for 'benders_constraint_131_qpsol' [GurobiInterface] at .../casadi/core/function.cpp:1539:
.../casadi/interfaces/gurobi/gurobi_interface.cpp:470: Assertion ""!flag"" failed:
Objective Q not PSD (diagonal adjustment of 1.0e-06 would be required). Set NonConvex parameter to 2 to solve model.",NAN,NAN,NAN,NAN,NAN,NAN,NAN,NAN,-139727.021316857,-116594.84894180298,0.3441453278064728,0.17760557867586613,0.49011000000000005,0.23864438571035862,1,2,0,2,0,-145827.60855715349,1.034648051,12,12
eg_int_s,6.453103159,7.887243024242211,0,0.5176783241331577,0.7991580000000005,0,0,0,0,0,0,8.026156090929875,8.026156090929875,34.349538093432784,0.4469801727682352,1.5716749490000004,0.7167497109621763,2,3,1,3,1,8.026156090929875,8.026156090929875,0.2101480569690466,0.25127992406487465,1.4131093729999997,0.3785141073167324,1,3,0,2,0,8.3125424198189464,303.861222477,75,29
eniplac,-132117.083,-inf,FAILED,"Error in Function::call for 'minlp' [BonminInterface] at .../casadi/core/function.cpp:1432:
Error in Function::call for 'minlp' [BonminInterface] at .../casadi/core/function.cpp:361:
.../casadi/interfaces/bonmin/bonmin_interface.cpp:477: Uncaught error in Bonmin",NAN,NAN,NAN,NAN,NAN,NAN,NAN,-inf,FAILED,Problem can not be solved - Feasible zone is empty,NAN,NAN,NAN,NAN,NAN,NAN,NAN,NAN,-inf,FAILED,"Integer infeasible: [0.01845647 0.05489547 0.02013431 0.05872479] (array([20, 21, 22, 23]),)",NAN,NAN,NAN,NAN,NAN,NAN,NAN,NAN,-122729.55726248152,0.822713999,7,11
ex1221,7.667180069,7.667180068843457,0,0.009042484685778618,0.001902,0,0,0,0,0,0,7.667180068813135,7.667180061604739,0.1454463992267847,0.03156427480280399,0.011399,0.04578421451151371,1,2,0,2,0,7.667180068813135,7.667180061604739,0.013837628066539764,0.024207429960370064,0.010384000000000001,0.029353128746151924,1,2,0,2,0,7.6671800624164419,0.058854804,3,3
ex1222,1.076543083,1.076543083352221,0,0.01849460043013096,0.007079999999999999,0,0,0,0,0,0,1.076543046303249,1.076543046303249,0.012483108788728714,0.031188176944851875,0.012587999999999998,0.03255957178771496,1,2,0,2,1,1.076543046303249,1.076543046303249,0.010487247258424759,0.025797884911298752,0.011442,0.03207874298095703,1,2,0,2,0,1.0765430413715027,0.022589831,1,1
ex1224,-0.9434705,-0.9434704999897898,0,0.05274352245032787,0.04229100000000001,0,0,0,0,0,0,-0.9049614980951736,-0.9049614980951736,0.012941177934408188,0.08076640777289867,0.06039799999999999,0.0993854459375143,2,4,0,3,2,-0.9049614980951736,0.9991907703030591,0.012732937932014465,0.032099971547722816,0.023448,0.04150841757655144,1,2,0,2,0,0,0.087343818,7,7
ex1225,31.0,31.000000099999887,0,0.06049920804798603,0.042055,0,0,0,0,0,0,31.0,31.0,0.013703536242246628,0.04995635896921158,0.020922000000000003,0.04467096924781799,1,4,0,2,1,31.0,31.0,0.012484563514590263,0.03399033285677433,0.018861000000000003,0.03834716975688934,1,3,0,2,0,34,0.06436820700000001,3,3
ex1226,-17.0,-16.999999999933305,0,0.010119857266545296,0.003287,0,0,0,0,0,0,-17.000000002485578,-17.000000002485578,0.011775348335504532,0.03223741054534912,0.014695,0.03219767101109028,1,2,0,2,1,-17.000000002485578,-17.0,0.010637395083904266,0.02518986351788044,0.010623,0.03149555251002312,1,2,0,2,0,-17.000000006644228,0.039528096,2,2
ex1233,155010.6713,155010.67127821103,0,0.4166327565908432,0.10737300000000044,0,0,0,0,0,0,155010.6712582829,155010.6712582829,0.034053320065140724,0.7806594520807266,1.2249374359999996,1.40857938490808,3,12,0,4,3,193725.26312672644,193725.26312672644,0.03218536078929901,0.25364484265446663,0.493081,0.2734624147415161,1,6,0,2,0,191998.24483011852,0.596710963,8,8
ex1243,83402.50641,-inf,FAILED,"Error in Function::call for 'minlp' [BonminInterface] at .../casadi/core/function.cpp:1432:
Error in Function::call for 'minlp' [BonminInterface] at .../casadi/core/function.cpp:361:
.../casadi/interfaces/bonmin/bonmin_interface.cpp:477: Uncaught error in Bonmin",NAN,NAN,NAN,NAN,NAN,NAN,NAN,83402.50637986473,83402.50637986473,0.061110418289899826,1.1117707844823599,0.990906,2.5290492344647646,3,14,1,4,3,98519.01148033654,1448818.0971446729,0.05111235752701759,0.5782204493880272,0.7937909999999999,0.603750916197896,1,6,1,2,0,129301.61691396052,0.239594574,3,3
ex1244,82042.90522,-inf,FAILED,"Lbx > x* for indices:
[[23  0]
 [24  0]
 [25  0]
 [26  0]
 [27  0]
 [28  0]
 [29  0]
 [30  0]
 [31  0]
 [32  0]
 [33  0]
 [34  0]
 [35  0]
 [36  0]
 [37  0]
 [38  0]
 [39  0]
 [40  0]
 [41  0]
 [42  0]
 [43  0]
 [44  0]
 [45  0]
 [46  0]
 [47  0]
 [48  0]
 [49  0]
 [50  0]
 [51  0]
 [52  0]
 [53  0]
 [54  0]
 [55  0]
 [56  0]
 [57  0]
 [58  0]
 [59  0]
 [60  0]
 [61  0]
 [62  0]
 [63  0]
 [64  0]
 [65  0]
 [66  0]
 [67  0]
 [68  0]
 [69  0]
 [70  0]
 [71  0]]
Lbg > g(x*,p) + tol:
[187.36999999  38.14799999 136.11399999  94.23299999 288.26699999
 158.99999999 266.99999999 342.99999999  25.99999999 117.99999999
 175.94499999  16.31999999  48.41999999 118.49099999 519.66499999]
for indices:
(array([ 0,  1,  2,  3,  4, 20, 21, 22, 23, 24, 45, 46, 47, 48, 49]),)
Ubg < g(x*,p) - tol:
[76.99999999 79.99999999 89.99999999 59.99999999 59.99999999 59.99999999]
for indices:
(array([ 40,  41,  42, 109, 110, 111]),)",NAN,NAN,NAN,NAN,NAN,NAN,NAN,83596.30938101155,82929.49392561956,0.08564082719385624,1.4252919591963291,2.3535322590000005,2.5665134005248547,3,9,1,4,3,83596.30938101155,83596.30938101155,0.07901491224765778,0.3544206880033016,0.5790529999999999,0.495524937286973,1,5,0,2,0,83989.233623760752,0.45926436400000004,4,4
ex1252,128893.741,128893.7410135273,0,0.47953456826508045,0.1868949999999986,0,0,0,0,0,0,134471.56050035323,134471.56050035323,0.04356944002211094,1.0606541577726603,0.2883393259999999,3.1288318149745464,7,23,13,8,7,204321.63188185016,1116900089.2988892,0.04769973270595074,0.06106846407055855,0.07025899999999999,0.08703412488102913,1,2,0,2,0,134263.58531364441,1.9936095980000001,11,7
ex1252a,128893.741,-inf,FAILED,"Error in Function::call for 'minlp' [BonminInterface] at .../casadi/core/function.cpp:1432:
Error in Function::call for 'minlp' [BonminInterface] at .../casadi/core/function.cpp:361:
.../casadi/interfaces/bonmin/bonmin_interface.cpp:477: Uncaught error in Bonmin",NAN,NAN,NAN,NAN,NAN,NAN,NAN,134471.5605003532,134471.5605003532,0.026274267584085464,0.5239113178104162,0.1343809,1.388625830411911,6,14,5,7,6,151115.72989099473,30330991041.930176,0.024870987981557846,0.048145951703190804,0.038777,0.05478966049849987,1,2,0,2,0,134263.58531364441,3.543297918,11,7
ex3pb,68.00974405,68.00974405134998,0,0.09893524646759033,0.0789410000000004,0,0,0,0,0,0,68.00974395350963,68.00952608060874,0.03074539825320244,0.9606150761246681,0.35098004,3.712297746911645,10,23,0,8,4,82.37255254510092,82.37255254510092,0.021423103287816048,0.3350364938378334,0.192127,0.7301160898059607,5,13,0,6,0,1.7976931348623157e+308,59.874637546,70,70
feedtray,-13.40599772,-13.405997724434101,0,0.03061315231025219,0.07133800000000001,0,0,0,0,0,0,-13.406005537298213,-13.406005549278966,0.12045808881521225,0.12326712533831596,0.234734,0.16170399077236652,1,2,0,2,0,-13.406005537298213,-13.406005549278966,0.1174810566008091,0.13688861206173897,0.288586,0.16141483560204506,1,2,0,2,0,1.7976931348623157e+308,30.622257257999998,1,1
gasnet,6999381.562,-inf,FAILED,"Objective value wrong, with error 1.7976931348623157e+308
Lbx > x* for indices:
[[ 0  0]
 [ 1  0]
 [ 2  0]
 [ 3  0]
 [ 4  0]
 [ 5  0]
 [ 6  0]
 [ 7  0]
 [ 8  0]
 [ 9  0]
 [10  0]
 [11  0]
 [12  0]
 [13  0]
 [14  0]
 [15  0]
 [16  0]
 [17  0]
 [18  0]
 [19  0]
 [20  0]
 [21  0]
 [22  0]
 [23  0]
 [24  0]
 [25  0]
 [26  0]
 [27  0]
 [28  0]
 [29  0]
 [30  0]
 [31  0]
 [32  0]
 [33  0]
 [34  0]
 [35  0]
 [36  0]
 [37  0]
 [38  0]
 [39  0]
 [40  0]
 [41  0]
 [42  0]
 [43  0]
 [44  0]
 [45  0]
 [46  0]
 [47  0]
 [48  0]
 [49  0]
 [50  0]
 [51  0]
 [52  0]
 [53  0]
 [54  0]
 [55  0]
 [56  0]
 [57  0]
 [58  0]
 [59  0]
 [60  0]
 [61  0]
 [62  0]
 [63  0]
 [64  0]
 [65  0]
 [66  0]]
Lbg > g(x*,p) + tol:
[174.99999999 199.99999999]
for indices:
(array([55, 56]),)",NAN,NAN,NAN,NAN,NAN,NAN,NAN,-inf,FAILED,Problem can not be solved - Feasible zone is empty,NAN,NAN,NAN,NAN,NAN,NAN,NAN,NAN,-inf,FAILED,"Integer infeasible: [0.02906341 0.02906543 0.02906746 0.03264282 0.03264429 0.03264577
 0.06187506 0.06187142] (array([0, 1, 2, 4, 5, 6, 7, 8]),)",NAN,NAN,NAN,NAN,NAN,NAN,NAN,NAN,1.7976931348623157e+308,0.011040629,0,0
gastrans,89.08584,89.0858400001195,0,0.06624151952564716,0.11701800000000002,0,0,0,0,0,0,89.08583979013146,89.08583978999103,0.22152518667280674,0.21001562476158142,0.2739850000000001,0.3143843971192837,1,2,0,2,0,89.08583979013146,89.08583978999103,0.12774634920060635,0.21573803760111332,0.29535402000000005,0.31450346298515797,1,2,0,2,0,NAN,NAN,NAN,NAN
gastrans040,0.0,-inf,FAILED,No objective!,NAN,NAN,NAN,NAN,NAN,NAN,NAN,-inf,FAILED,No objective!,NAN,NAN,NAN,NAN,NAN,NAN,NAN,NAN,-inf,FAILED,No objective!,NAN,NAN,NAN,NAN,NAN,NAN,NAN,NAN,0,2.946414114,1,1
gear2,2.700857149e-12,0.004768456098804485,0,0.13240897189825773,0.07034800000000016,0,0,0,0,0,0,1.3811436508962303e-06,5.21215564152541e-15,0.03329823911190033,0.0887103658169508,0.17094700000000002,0.07939434610307217,1,6,0,2,1,1.3811436508962303e-06,3.3429067971753844e-05,0.023302394896745682,0.07507274858653545,0.137834,0.0777114387601614,1,6,0,2,0,2.3576406580194936e-09,0.356954741,42,42
gear3,2.700857149e-12,3.634526501566065e-06,0,0.14533925335854292,0.04001599999999997,0,0,0,0,0,0,2.72645059771712e-08,2.72645059771712e-08,0.013122214004397392,0.0506929662078619,0.060911999999999994,0.04758627898991108,1,4,0,2,1,2.72645059771712e-08,2.6399792310885495e-05,0.010916708037257195,0.04155601188540459,0.048369,0.04566502384841442,1,4,0,2,0,0.00013622222271739669,0.102680561,46,14
gear4,1.643428474,1.643428473988717,0,53.150973617099226,4.064146999982625,0,0,0,0,0,0,120.67522722248653,120.67522722248653,0.01145709678530693,0.04308748431503773,0.031388,0.042414527386426926,1,3,0,2,1,120.67522722248653,120.67522722248653,0.009830581024289131,0.034719714894890785,0.020411999999999996,0.04095756821334362,1,3,0,2,0,945.99143940676731,0.117869219,14,8
ghg_1veh,7.781634885,7.7816348853329,0,0.03311205003410578,0.04354900000000001,0,0,0,0,0,0,7.7816347774115995,7.781634778727875,0.04136829636991024,0.06365964934229851,0.080949,0.08086312189698219,1,2,0,2,0,7.7816347774115995,7.781634778727875,0.03707781434059143,0.06105784326791763,0.073102,0.07746272720396519,1,2,0,2,0,1.7976931348623157e+308,6.23197632,9,6
ghg_2veh,7.770904543,7.781634885437892,0,0.8916020169854164,0.5141210000000034,0,0,0,0,0,0,7.770904507805554,7.770904502956748,0.1324563603848219,0.136813847348094,0.27799900000000005,0.24818288534879684,1,2,0,2,1,7.770904507805554,7.770904507805554,0.11636939272284508,0.11237791180610657,0.244747446,0.23987977206707,1,2,0,2,0,1.7976931348623157e+308,32.611798206,7,7
ghg_3veh,7.75400605,-inf,FAILED,"Error in Function::call for 'minlp' [BonminInterface] at .../casadi/core/function.cpp:1432:
Error in Function::call for 'minlp' [BonminInterface] at .../casadi/core/function.cpp:361:
.../casadi/interfaces/bonmin/bonmin_interface.cpp:477: Uncaught error in Bonmin",NAN,NAN,NAN,NAN,NAN,NAN,NAN,7.770545464283154,7.770961053156212,0.43336180225014687,0.43100995011627674,0.621371,0.9420274365693331,1,3,0,2,1,7.770545464283154,7.770961053156212,0.3978059943765402,0.4005085155367851,0.551529,0.9358139224350452,1,3,0,2,0,1.7976931348623157e+308,122.199164411,13,13
gkocis,-1.923098738,-1.923098737624322,0,0.0281824404373765,0.0029280000000000026,0,0,0,0,0,0,-1.9230988288847426,-1.9230988288847426,0.024539094418287277,0.1643227692693472,0.10444,0.32256688363850117,4,8,0,5,4,-1.720971772497526,-1.720971772497526,0.01626751199364662,0.028475504368543625,0.021755,0.03474613092839718,1,2,0,2,0,-1.9230987633801568,0.082556478,6,5
heatexch_gen1,154895.933,-inf,FAILED,"Objective value wrong, with error 1.7976931348623157e+308
Lbx > x* for indices:
[[ 0  0]
 [ 1  0]
 [ 2  0]
 [ 3  0]
 [ 4  0]
 [ 5  0]
 [ 6  0]
 [ 7  0]
 [20  0]
 [21  0]
 [22  0]
 [23  0]
 [24  0]
 [25  0]
 [26  0]
 [27  0]
 [28  0]
 [29  0]
 [30  0]
 [31  0]
 [32  0]
 [33  0]
 [34  0]
 [35  0]
 [52  0]
 [53  0]
 [54  0]
 [55  0]
 [56  0]
 [57  0]
 [58  0]
 [59  0]
 [60  0]
 [61  0]
 [62  0]
 [63  0]
 [64  0]
 [65  0]
 [66  0]
 [67  0]
 [80  0]
 [81  0]
 [82  0]
 [83  0]]
Lbg > g(x*,p) + tol:
[3699.99999999 7399.99999999  369.99999999  369.99999999]
for indices:
(array([56, 57, 72, 73]),)
Ubg < g(x*,p) - tol:
[2799.99999999 4399.99999999 9749.99999999 6499.99999999 3599.99999999
 1949.99999999  649.99999999  589.99999999  409.99999999  349.99999999
    9.99999999    9.99999999   19.99999999   19.99999999   14.99999999
   14.99999999   12.99999999   12.99999999  319.99999999  319.99999999]
for indices:
(array([ 58,  59,  60,  61,  62,  63,  76,  77,  78,  79,  80,  81,  82,
        83,  84,  85,  86,  87, 116, 117]),)",NAN,NAN,NAN,NAN,NAN,NAN,NAN,-inf,FAILED,"Objective value wrong, with error 113880.52770513792
Lbx > x* for indices:
[[14  0]
 [19  0]
 [20  0]
 [45  0]
 [93  0]]
Ubx > x* for indices:
[[ 3  0]
 [49  0]
 [67  0]
 [83  0]]
Lbg > g(x*,p) + tol:
[5.21645310e+02 8.57406157e+02 2.69665400e-02 1.01361787e+03
 5.19288281e+02 1.77358317e+03 2.24529508e-04 5.97389456e+01
 8.12810201e+02 5.19288860e+02 1.05000639e+03 2.46838845e-04
 8.62735794e-04 1.51136246e-01 1.27660851e-01 1.99498444e-04
 6.92950590e-02 2.67417699e-01 6.61384956e-02 8.99677883e-01
 9.99999918e-06 1.96666700e-05 2.15752516e-12 1.99999920e-06
 1.66666530e-06 1.03264753e-05 1.83970119e-05 1.02795643e-15]
for indices:
(array([ 0,  3,  6,  7,  8, 13, 14, 15, 19, 20, 21, 22, 23, 32, 33, 34, 35,
       37, 39, 45, 49, 51, 52, 54, 63, 66, 75, 82]),)
Ubg < g(x*,p) - tol:
[7.23571654e+02 4.79690663e-04 5.61208042e-06 1.82642868e+03
 7.23576359e+02 4.79690663e-04 5.97377328e+01 5.21645479e+02
 1.33835108e+02 2.63709279e-02 7.01318876e+03 1.13259201e+04
 4.24370666e+00 2.77721622e+04 3.06129674e+00 1.36497987e+04
 2.03436425e+01 2.98482480e+04 2.69385018e-06 5.08348855e+00
 4.97727589e-02 4.85222838e+00 2.92066971e-05 9.23834021e+00
 1.58159972e+01 1.00935969e-06 3.38535756e-13 3.38535756e-13
 3.38535756e-13 3.38535756e-13 3.33333785e-07 4.06457193e-09]
for indices:
(array([ 1,  2,  4,  5,  9, 10, 11, 16, 17, 18, 24, 25, 26, 27, 28, 29, 30,
       31, 38, 40, 41, 42, 43, 44, 46, 47, 53, 57, 58, 60, 61, 85]),)",NAN,NAN,NAN,NAN,NAN,NAN,NAN,NAN,595268.5021631501,151131.06477374514,0.16700929775834084,304.7272953763604,54.960067536000096,8768.277099525556,66,262,260,67,0,154895.9329592764,117.57244975,39,40
heatexch_gen2,635838.8464,-inf,FAILED,"Objective value wrong, with error 1.7976931348623157e+308
Lbx > x* for indices:
[[  0   0]
 [  1   0]
 [  2   0]
 [  3   0]
 [  4   0]
 [  5   0]
 [  6   0]
 [  7   0]
 [  8   0]
 [  9   0]
 [ 10   0]
 [ 11   0]
 [ 28   0]
 [ 29   0]
 [ 30   0]
 [ 31   0]
 [ 32   0]
 [ 33   0]
 [ 34   0]
 [ 35   0]
 [ 36   0]
 [ 37   0]
 [ 38   0]
 [ 39   0]
 [ 40   0]
 [ 41   0]
 [ 42   0]
 [ 43   0]
 [ 44   0]
 [ 45   0]
 [ 46   0]
 [ 47   0]
 [ 48   0]
 [ 69   0]
 [ 70   0]
 [ 71   0]
 [ 72   0]
 [ 73   0]
 [ 74   0]
 [ 75   0]
 [ 76   0]
 [ 77   0]
 [ 78   0]
 [ 79   0]
 [ 80   0]
 [ 81   0]
 [ 82   0]
 [ 83   0]
 [ 84   0]
 [ 85   0]
 [ 86   0]
 [ 87   0]
 [ 88   0]
 [126   0]
 [127   0]
 [128   0]
 [129   0]
 [130   0]
 [131   0]]
Lbg > g(x*,p) + tol:
[1919.99999999 1519.99999999 2159.99999999 7199.99999999 3839.99999999
  319.99999999  379.99999999  359.99999999  359.99999999  319.99999999]
for indices:
(array([ 76,  77,  78,  79,  80, 100, 101, 102, 103, 104]),)
Ubg < g(x*,p) - tol:
[1.08000000e+03 4.00000000e+02 6.00000000e+02 4.00000000e+02
 7.20000000e+02 1.18800000e+04 6.66000000e+03 5.00000000e+02
 4.80000000e+02 4.60000000e+02 3.80000000e+02 3.80000000e+02
 2.90000000e+02 5.99999999e+00 5.99999999e+00 3.99999999e+00
 3.99999999e+00 5.99999999e+00 5.99999999e+00 2.00000000e+01
 2.00000000e+01 1.20000000e+01 1.20000000e+01 1.80000000e+01
 1.80000000e+01 3.20000000e+02 3.20000000e+02 3.20000000e+02
 3.20000000e+02 3.20000000e+02]
for indices:
(array([ 81,  82,  83,  84,  85,  86,  87, 106, 107, 108, 109, 110, 111,
       112, 113, 114, 115, 116, 117, 118, 119, 120, 121, 122, 123, 160,
       161, 162, 163, 164]),)",NAN,NAN,NAN,NAN,NAN,NAN,NAN,1032993.1150004857,664985.2635267691,0.3377242870628834,310.0837573688477,30.639558236000138,5946.724012700841,50,150,102,50,50,1032993.1150004857,11030402643.295898,0.30673788487911224,3.5466735269874334,1.706618991999995,4.577002484351397,1,5,3,2,0,1355902.1694543529,58.75196188,9,10
heatexch_gen3,64843.69761,-inf,FAILED,"Objective value wrong, with error 1.7976931348623157e+308
Lbx > x* for indices:
[[  0   0]
 [  1   0]
 [  2   0]
 [  3   0]
 [  4   0]
 [  5   0]
 [  6   0]
 [  7   0]
 [  8   0]
 [  9   0]
 [ 10   0]
 [ 11   0]
 [ 12   0]
 [ 13   0]
 [ 14   0]
 [ 15   0]
 [ 16   0]
 [ 17   0]
 [ 18   0]
 [ 19   0]
 [ 80   0]
 [ 81   0]
 [ 82   0]
 [ 83   0]
 [ 84   0]
 [ 85   0]
 [ 86   0]
 [ 87   0]
 [ 88   0]
 [ 89   0]
 [ 90   0]
 [ 91   0]
 [ 92   0]
 [ 93   0]
 [ 94   0]
 [ 95   0]
 [ 96   0]
 [ 97   0]
 [ 98   0]
 [ 99   0]
 [100   0]
 [101   0]
 [102   0]
 [103   0]
 [104   0]
 [105   0]
 [106   0]
 [107   0]
 [108   0]
 [109   0]
 [110   0]
 [111   0]
 [112   0]
 [113   0]
 [114   0]
 [115   0]
 [116   0]
 [117   0]
 [118   0]
 [119   0]
 [120   0]
 [121   0]
 [122   0]
 [123   0]
 [124   0]
 [125   0]
 [126   0]
 [127   0]
 [128   0]
 [129   0]
 [130   0]
 [131   0]
 [132   0]
 [133   0]
 [134   0]
 [135   0]
 [136   0]
 [137   0]
 [138   0]
 [139   0]
 [140   0]
 [141   0]
 [142   0]
 [143   0]
 [144   0]
 [145   0]
 [146   0]
 [147   0]
 [148   0]
 [149   0]
 [150   0]
 [151   0]
 [152   0]
 [153   0]
 [154   0]
 [155   0]
 [156   0]
 [157   0]
 [158   0]
 [159   0]
 [160   0]
 [161   0]
 [162   0]
 [163   0]
 [164   0]
 [265   0]
 [266   0]
 [267   0]
 [268   0]
 [269   0]
 [270   0]
 [271   0]
 [272   0]
 [273   0]
 [274   0]
 [275   0]
 [276   0]
 [277   0]
 [278   0]
 [279   0]
 [280   0]
 [281   0]
 [282   0]
 [283   0]
 [284   0]
 [285   0]
 [286   0]
 [287   0]
 [288   0]
 [289   0]
 [290   0]
 [291   0]
 [292   0]
 [293   0]
 [294   0]
 [295   0]
 [296   0]
 [297   0]
 [298   0]
 [299   0]
 [300   0]
 [301   0]
 [302   0]
 [303   0]
 [304   0]
 [305   0]
 [306   0]
 [307   0]
 [308   0]
 [309   0]
 [310   0]
 [311   0]
 [312   0]
 [313   0]
 [314   0]
 [315   0]
 [316   0]
 [317   0]
 [318   0]
 [319   0]
 [320   0]
 [321   0]
 [322   0]
 [323   0]
 [324   0]
 [325   0]
 [326   0]
 [327   0]
 [328   0]
 [329   0]
 [330   0]
 [331   0]
 [332   0]
 [333   0]
 [334   0]
 [335   0]
 [336   0]
 [337   0]
 [338   0]
 [339   0]
 [340   0]
 [341   0]
 [342   0]
 [343   0]
 [344   0]
 [345   0]
 [346   0]
 [347   0]
 [348   0]
 [349   0]
 [350   0]
 [351   0]
 [352   0]
 [353   0]
 [354   0]
 [355   0]
 [356   0]
 [357   0]
 [358   0]
 [359   0]
 [360   0]
 [361   0]
 [362   0]
 [363   0]
 [364   0]
 [510   0]
 [511   0]
 [512   0]
 [513   0]
 [514   0]
 [515   0]
 [516   0]
 [517   0]
 [518   0]
 [519   0]]
Lbg > g(x*,p) + tol:
[ 821.03999999 1460.67999999  970.87999999 1876.13999999 1161.11999999
   93.29999999  137.79999999   65.59999999  148.89999999   65.59999999]
for indices:
(array([260, 261, 262, 263, 264, 300, 301, 302, 303, 304]),)
Ubg < g(x*,p) - tol:
[ 586.95999999 1177.65999999 2384.27999999 1539.71999999 2359.40999999
 1215.99999999 1352.36999999 1857.23999999 3056.90999999 2841.15999999
  759.99999999  647.20999999 1539.71999999 1634.84999999 1544.28999999
  159.99999999  248.89999999  226.69999999  271.09999999  198.89999999
   59.99999999  115.59999999   37.79999999   82.19999999   93.29999999
    8.79999999    8.79999999   10.59999999   10.59999999   14.79999999
   14.79999999   12.59999999   12.59999999   17.69999999   17.69999999
    7.59999999    7.59999999    6.09999999    6.09999999    8.39999999
    8.39999999   17.29999999   17.29999999   13.89999999   13.89999999
   39.99999999   39.99999999   39.99999999   39.99999999   39.99999999]
for indices:
(array([265, 266, 267, 268, 269, 270, 271, 272, 273, 274, 275, 276, 277,
       278, 279, 310, 311, 312, 313, 314, 315, 316, 317, 318, 319, 320,
       321, 322, 323, 324, 325, 326, 327, 328, 329, 330, 331, 332, 333,
       334, 335, 336, 337, 338, 339, 500, 501, 502, 503, 504]),)",NAN,NAN,NAN,NAN,NAN,NAN,NAN,-inf,FAILED,"Integer infeasible: [] (array([], dtype=int64),)",NAN,NAN,NAN,NAN,NAN,NAN,NAN,NAN,-inf,FAILED,"Objective value wrong, with error 32162.17833136791
Lbx > x* for indices:
[[438   0]]
Lbg > g(x*,p) + tol:
[1.31738309e-05 6.04018658e-06 1.33801075e-05 6.30344645e-06
 1.25326155e-05 5.30063465e-06 1.25077468e-05 5.27457900e-06
 1.25314078e-05 5.29823960e-06 1.16856285e-05 3.76022707e-06
 9.60320740e-06 2.54094394e-06 1.94314495e-05 1.04279491e-05
 1.93620843e-05 1.03188424e-05 1.94281664e-05 1.04237760e-05
 1.28745829e-05 2.94823986e-06 1.06349829e-05 2.00664419e-06
 3.00007086e-05 1.55935831e-05 3.23738563e-05 1.89006557e-05
 3.01137609e-05 1.57372377e-05 1.14573334e-05 2.99005167e-06
 9.44536651e-06 2.03396389e-06 2.68510472e-05 1.61407601e-05
 2.67329706e-05 1.59122113e-05 2.68452781e-05 1.61301576e-05
 1.49031313e-05 2.94681089e-06 1.23359624e-05 2.00550815e-06
 3.45325819e-05 1.55879131e-05 3.72519968e-05 1.88944349e-05
 3.46615118e-05 1.57314899e-05 7.22580390e-06 9.40705121e-06
 9.04928391e-06 9.65061033e-06 2.50027871e-06 5.63468335e-06
 3.87140308e-06 9.81511067e-06 3.41200795e-06 8.33532353e-06
 1.29047264e-05 1.25242660e-05 1.02425755e-05 1.03901169e-05
 1.53110097e-05 1.34339303e-05 2.45388867e-05 2.24812157e-05
 2.14983642e-05 1.93101431e-05 1.21859304e-05 1.22620263e-05
 9.75544458e-06 1.01984185e-05 3.00643302e-05 1.86726592e-05
 5.73494702e-05 3.35482643e-05 4.26252429e-05 2.67856508e-05
 1.22281845e-05 1.22776109e-05 9.78421099e-06 1.02098114e-05
 3.02756349e-05 1.87135741e-05 4.76877061e-05 3.10339563e-05
 4.25203823e-05 2.67368368e-05 1.21860303e-05 1.22619315e-05
 9.75527441e-06 1.01983441e-05 3.00642872e-05 1.86724266e-05
 5.73471786e-05 3.35482927e-05 4.26232834e-05 2.67853042e-05
 6.73306723e-05 5.41328854e-05 5.76867859e-05 4.75473007e-05
 1.19615533e-04 6.97272721e-05 2.11094638e-04 1.16126838e-04
 1.69579273e-04 9.70532570e-05 1.44726601e-06 1.04561092e-06
 3.90189670e-07 2.24615065e-06 4.47140396e-13 5.59999688e-06
 4.09999666e-06 6.39999285e-06 1.52999929e-05 1.18999930e-05
 1.02065678e-12 2.61227251e-12 5.22706978e-12 4.20388824e-12
 5.79550397e-12 1.24803046e-12 1.02065678e-12 3.29439354e-12
 3.06701986e-12 3.06701986e-12]
for indices:
(array([  0,   1,   2,   3,   4,   5,   6,   7,   8,   9,  10,  11,  12,
        13,  14,  15,  16,  17,  18,  19,  20,  21,  22,  23,  24,  25,
        26,  27,  28,  29,  30,  31,  32,  33,  34,  35,  36,  37,  38,
        39,  40,  41,  42,  43,  44,  45,  46,  47,  48,  49,  50,  51,
        52,  53,  54,  55,  56,  57,  58,  59,  60,  61,  62,  63,  64,
        65,  66,  67,  68,  69,  70,  71,  72,  73,  74,  75,  76,  77,
        78,  79,  80,  81,  82,  83,  84,  85,  86,  87,  88,  89,  90,
        91,  92,  93,  94,  95,  96,  97,  98,  99, 110, 111, 112, 113,
       114, 115, 116, 117, 118, 119, 148, 154, 164, 165, 179, 250, 252,
       254, 256, 258, 260, 261, 262, 263, 264, 270, 271, 272, 273, 274]),)
Ubg < g(x*,p) - tol:
[6.61257033e-05 3.22170880e-05 8.15105258e-05 4.14717418e-05
 1.17997874e-04 5.91863680e-05 1.03331980e-04 5.72071511e-05
 1.35685163e-04 5.91661668e-05 8.47318771e-07 1.44894903e-06
 1.05139280e-06 1.38869761e-06 3.05523931e-06 1.83177084e-06
 1.36150322e-05 1.74938051e-06 3.56300679e-07 6.75542418e-07
 1.19153279e-06 4.54457905e-07 3.44953068e-06 3.35973039e-07
 2.10123924e-06 1.64663727e-06 2.23140735e-07 2.45975845e-07
 1.86274651e-06 2.40046180e-08 2.55149622e-06 2.30177954e-06
 8.88791150e-07 2.41429178e-07 4.74057971e-07 1.08679694e-06
 1.44849679e-06 2.10948465e-06 1.05251987e-06 1.22702575e-06
 9.25125549e-07 1.16299750e-06 9.56928027e-04 7.13333277e-04
 3.25482322e-09 8.41206390e-04 6.66423464e-09 4.52023055e-04
 6.52645189e-10 1.06746004e-09 7.14561883e-10 2.17327059e-09
 1.00000522e-06 1.00001068e-06 1.00001750e-06 1.00001477e-06
 1.00002160e-06 7.60000046e-06 6.10000052e-06 8.40000149e-06
 1.73000013e-05 1.39000016e-05 2.38489883e-12 3.97651456e-12
 5.34075662e-12 4.20388824e-12 5.34075662e-12 2.38489883e-12
 2.95333302e-12 5.34075662e-12 5.34075662e-12 5.34075662e-12]
for indices:
(array([100, 101, 102, 103, 104, 105, 106, 107, 108, 109, 120, 121, 122,
       123, 125, 126, 127, 128, 130, 131, 132, 133, 134, 138, 139, 140,
       142, 143, 144, 145, 146, 149, 152, 155, 156, 157, 159, 160, 162,
       163, 167, 169, 220, 221, 222, 223, 224, 225, 226, 227, 228, 229,
       240, 242, 244, 246, 248, 251, 253, 255, 257, 259, 265, 266, 267,
       268, 269, 275, 276, 277, 278, 279]),)",NAN,NAN,NAN,NAN,NAN,NAN,NAN,NAN,1.7976931348623157e+308,302.812397895,27,26
heatexch_spec1,154997.3349,154997.33486602953,0,0.4058780474588275,0.08237099999999986,0,0,0,0,0,0,154997.33363762932,154997.33292911306,0.0692958440631628,0.3400728218257427,0.7535074669999999,0.42570406943559647,2,8,0,3,2,166509.5721368665,166509.5721368665,0.060967206954956055,0.15114953741431236,0.31849700000000003,0.17147432267665863,1,5,0,2,0,189521.07147688637,0.363185426,5,5
heatexch_spec2,634977.8284,634977.8284008811,0,2.70987272169441,0.6893119999999975,0,0,0,0,0,0,-inf,FAILED,Problem can not be solved - Feasible zone is empty,NAN,NAN,NAN,NAN,NAN,NAN,NAN,NAN,1032135.7758081763,1032135.7758081763,0.056002963334321976,0.1830517239868641,0.2572740000000003,0.3396754711866379,1,2,0,2,0,662477.82838247786,1.063616904,5,5
heatexch_spec3,64141.64425,-inf,FAILED,"Error in Function::call for 'minlp' [BonminInterface] at .../casadi/core/function.cpp:1432:
Error in Function::call for 'minlp' [BonminInterface] at .../casadi/core/function.cpp:361:
.../casadi/interfaces/bonmin/bonmin_interface.cpp:477: Uncaught error in Bonmin",NAN,NAN,NAN,NAN,NAN,NAN,NAN,-inf,FAILED,Problem can not be solved - Feasible zone is empty,NAN,NAN,NAN,NAN,NAN,NAN,NAN,NAN,-inf,FAILED,"Objective value wrong, with error 833.1512145011296
Lbg > g(x*,p) + tol:
[3.00000090e-06 1.07999803e-05 3.00000090e-06 1.36999746e-05
 5.99986831e-07 4.00000061e-06 4.00000056e-06 4.00000124e-06
 5.65909431e-13 1.13434362e-12 1.11162080e-13 1.70277781e-12
 3.38535756e-13 5.65909431e-13 1.24803046e-12 3.38535756e-13
 1.24803046e-12]
for indices:
(array([ 3,  5,  7,  9, 10, 14, 16, 18, 21, 22, 23, 24, 30, 31, 32, 33, 34]),)
Ubg < g(x*,p) - tol:
[1.20000108e-05 9.00002521e-06 1.68000068e-05 9.00003158e-06
 1.97000053e-05 1.26000018e-05 1.11000019e-05 8.00002811e-06
 8.00003420e-06 8.00002669e-06 1.00000109e-05 4.00002329e-06
 4.00002579e-06 4.00003057e-06 4.00002898e-06 1.00000145e-05
 1.00000104e-05 2.00002625e-06 2.00003353e-06 2.00002444e-06
 1.11162080e-13 1.11162080e-13 1.11162080e-13 1.11162080e-13
 1.11162080e-13 1.11162080e-13 1.11162080e-13 1.11162080e-13
 1.11162080e-13 1.11162080e-13 1.11162080e-13 1.11162080e-13
 1.11162080e-13 1.11162080e-13 1.11162080e-13 1.11162080e-13
 1.11162080e-13 1.11162080e-13 1.11162080e-13 1.11162080e-13
 1.11162080e-13 1.11162080e-13 1.11162080e-13 1.11162080e-13]
for indices:
(array([  0,   2,   4,   6,   8,  11,  13,  15,  17,  19,  25,  26,  27,
        28,  29,  35,  36,  37,  38,  39,  94,  95,  96,  97,  98,  99,
       104, 105, 106, 107, 108, 109, 114, 115, 116, 117, 118, 119, 124,
       125, 126, 127, 128, 129]),)",NAN,NAN,NAN,NAN,NAN,NAN,NAN,NAN,474754.62461658078,5.942519149,4,4
hybriddynamic_var,1.536415162,1.536415162246069,0,0.10512417647987604,0.028018000000000022,0,0,0,0,0,0,1.536415142589554,1.536415142589554,1.4298588745296001,0.16357062384486198,0.147004,0.1265325415879488,1,2,0,2,1,1.536415142589554,1.536415142589554,0.08641311712563038,0.14765097945928574,0.097665,0.12352567166090012,1,2,0,2,0,1.7976931348623157e+308,0.010786658999999999,0,0
johnall,-224.7301616,-224.73016162120538,0,0.10958206839859486,0.09785414800000002,0,0,0,0,0,0,-224.73016203509988,-224.73016203487933,1.117061909288168,0.5418942365795374,0.8838822519999999,0.30539752542972565,1,2,0,2,0,-224.73016203509988,-224.73016203487933,1.1192238926887512,0.5331256277859211,0.864664,0.2942861020565033,1,2,0,2,0,1.7976931348623157e+308,348.10748766,3,2
kport20,31.8092982,-inf,FAILED,"Objective value wrong, with error 1e+50
Lbx > x* for indices:
[[ 0  0]
 [ 1  0]
 [ 2  0]
 [ 3  0]
 [ 4  0]
 [ 5  0]
 [ 6  0]
 [ 7  0]
 [ 8  0]
 [ 9  0]
 [10  0]
 [11  0]
 [12  0]
 [13  0]
 [14  0]
 [15  0]
 [16  0]
 [17  0]
 [18  0]
 [19  0]
 [20  0]
 [21  0]
 [22  0]
 [23  0]
 [24  0]
 [25  0]
 [26  0]
 [27  0]
 [28  0]
 [29  0]
 [30  0]
 [31  0]
 [32  0]
 [33  0]
 [34  0]
 [35  0]
 [36  0]
 [37  0]
 [38  0]
 [39  0]]
Ubg < g(x*,p) - tol:
[0.99999999 0.99999999 0.99999999 0.99999999 0.99999999 0.99999999
 0.99999999 0.99999999 0.99999999 0.99999999 0.99999999 0.99999999
 0.99999999 0.99999999 0.99999999 0.99999999 0.99999999 0.99999999
 0.99999999]
for indices:
(array([ 1,  2,  3,  4,  5,  6,  7,  8,  9, 10, 11, 12, 13, 14, 15, 16, 17,
       18, 19]),)",NAN,NAN,NAN,NAN,NAN,NAN,NAN,-inf,FAILED,Problem can not be solved - Feasible zone is empty,NAN,NAN,NAN,NAN,NAN,NAN,NAN,NAN,-inf,FAILED,"Integer infeasible: [ 7.93813334  6.93813334  2.93813335  2.93813335  0.93813335  0.93813335
  0.93813334  0.14773334  1.93813335  0.93813335  0.93813334  0.14773334
  0.10773334  0.10773334  0.10773334  5.92266668 11.92266668  2.92266668
  1.92266668  0.92266668  1.92266668  0.13226668  1.92266668  0.13226668
  0.09226668  0.09226668  0.09226668] (array([ 0,  2,  3,  4,  6,  8,  9, 10, 11, 13, 14, 15, 16, 17, 18, 19, 20,
       21, 24, 25, 26, 29, 31, 34, 35, 36, 37]),)",NAN,NAN,NAN,NAN,NAN,NAN,NAN,NAN,1.7976931348623157e+308,0.168242357,8,5
kport40,37.17581241,-inf,FAILED,"Objective value wrong, with error 1e+50
Lbx > x* for indices:
[[  0   0]
 [  1   0]
 [  2   0]
 [  3   0]
 [  4   0]
 [  5   0]
 [  6   0]
 [  7   0]
 [  8   0]
 [  9   0]
 [ 10   0]
 [ 11   0]
 [ 12   0]
 [ 13   0]
 [ 14   0]
 [ 15   0]
 [ 16   0]
 [ 17   0]
 [ 18   0]
 [ 19   0]
 [ 20   0]
 [ 21   0]
 [ 22   0]
 [ 23   0]
 [ 24   0]
 [ 25   0]
 [ 26   0]
 [ 27   0]
 [ 28   0]
 [ 29   0]
 [ 30   0]
 [ 31   0]
 [ 32   0]
 [ 33   0]
 [ 34   0]
 [ 35   0]
 [ 36   0]
 [ 37   0]
 [ 38   0]
 [ 39   0]
 [ 40   0]
 [ 41   0]
 [ 42   0]
 [ 43   0]
 [ 44   0]
 [ 45   0]
 [ 46   0]
 [ 47   0]
 [ 48   0]
 [ 49   0]
 [ 50   0]
 [ 51   0]
 [ 52   0]
 [ 53   0]
 [ 54   0]
 [ 55   0]
 [ 56   0]
 [ 57   0]
 [ 58   0]
 [ 59   0]
 [ 60   0]
 [ 61   0]
 [ 62   0]
 [ 63   0]
 [ 64   0]
 [ 65   0]
 [ 66   0]
 [ 67   0]
 [ 68   0]
 [ 69   0]
 [ 70   0]
 [ 71   0]
 [ 72   0]
 [ 73   0]
 [ 74   0]
 [ 75   0]
 [ 76   0]
 [ 77   0]
 [ 78   0]
 [ 79   0]
 [ 80   0]
 [ 81   0]
 [ 82   0]
 [ 83   0]
 [ 84   0]
 [ 85   0]
 [ 86   0]
 [ 87   0]
 [ 88   0]
 [ 89   0]
 [ 90   0]
 [ 91   0]
 [ 92   0]
 [ 93   0]
 [ 94   0]
 [ 95   0]
 [ 96   0]
 [ 97   0]
 [ 98   0]
 [ 99   0]
 [100   0]
 [101   0]
 [102   0]
 [103   0]
 [104   0]
 [105   0]
 [106   0]
 [107   0]
 [108   0]
 [109   0]
 [110   0]
 [111   0]
 [112   0]
 [113   0]]
Ubg < g(x*,p) - tol:
[0.99999999 0.99999999 0.99999999 0.99999999 0.99999999 0.99999999
 0.99999999 0.99999999 0.99999999 0.99999999 0.99999999 0.99999999
 0.99999999 0.99999999 0.99999999 0.99999999 0.99999999 0.99999999
 0.99999999 0.99999999 0.99999999 0.99999999 0.99999999 0.99999999
 0.99999999 0.99999999 0.99999999 0.99999999 0.99999999 0.99999999
 0.99999999 0.99999999 0.99999999 0.99999999 0.99999999 0.99999999
 0.99999999]
for indices:
(array([ 1,  2,  3,  4,  5,  6,  7,  8,  9, 10, 11, 12, 13, 14, 15, 16, 17,
       18, 19, 20, 21, 22, 23, 24, 25, 26, 27, 28, 29, 30, 31, 32, 33, 34,
       35, 36, 37]),)",NAN,NAN,NAN,NAN,NAN,NAN,NAN,37.50001295314151,37.30243786981298,1.2202810123562813,30.185184800997376,28.152613222000003,88.87793727219105,11,31,27,8,5,38.64642125981946,37.03877985437856,0.31694204173982143,301.9972255323082,107.46431405400007,13402.452827664092,125,129,127,126,0,1.7976931348623157e+308,3.146418022,11,8
nvs01,12.46966882,12.46966882156821,0,0.019286587834358215,0.0015209999999999987,0,0,0,0,0,0,12.46966882156821,12.46966882156821,0.03971716947853565,0.0688923466950655,0.03628599999999999,0.06704937666654587,1,5,2,2,1,12.46966882156821,12.46966882156821,0.03359130956232548,0.06037042289972305,0.029661,0.06690474785864353,1,5,2,2,0,1.7976931348623157e+308,0.034584345,4,1
nvs05,5.470934108,-inf,FAILED,"Error in Function::call for 'minlp' [BonminInterface] at .../casadi/core/function.cpp:1432:
Error in Function::call for 'minlp' [BonminInterface] at .../casadi/core/function.cpp:361:
.../casadi/interfaces/bonmin/bonmin_interface.cpp:477: Uncaught error in Bonmin",NAN,NAN,NAN,NAN,NAN,NAN,NAN,5.470934109132357,7.201742594927766,0.017098013311624527,0.2765126284211874,0.1188289880000002,0.885758401826024,3,5,1,3,3,12.44979159708756,273.0858288994932,0.015439052134752274,0.2757618632167578,0.14327516800000012,0.9668348655104637,3,6,3,4,0,1.7976931348623157e+308,0.7725883170000001,6,2
nvs08,23.44972735,23.449727347609045,0,0.019379916600883007,0.0014309999999999987,0,0,0,0,0,0,23.4497273467636,23.4497273467636,0.01918806880712509,0.06499715149402618,0.029729000000000002,0.11246815696358681,3,4,0,4,1,23.4497273467636,23.4497273467636,0.010899089276790619,0.048389120027422905,0.027507,0.07892728969454765,2,4,0,3,0,23.449727344266829,0.061856769,3,3
nvs20,230.9221652,230.9221652082297,0,0.05763639975339174,0.009721000000000004,0,0,0,0,0,0,230.92216293970984,229.7077380220426,0.014507496729493141,0.17305804044008255,0.325028,0.307003078982234,4,9,0,5,3,230.92216293970984,270.5135798912582,0.014635497704148293,0.042774662375450134,0.06989400000000001,0.045546432957053185,1,3,0,2,0,230.92216350458514,1.303105703,13,13
nvs21,-5.6847825,-5.684782499990135,0,0.08266076166182756,0.007042000000000046,0,0,0,0,0,0,-4.85101451327195,-4.85101451327195,0.018901167437434196,0.06816823408007622,0.039686,0.09646577388048172,2,4,0,3,2,-4.85101451327195,161.9650586049902,0.01135973446071148,0.030160928145051003,0.02102,0.04399828240275383,1,2,0,2,0,-1.2127536289340017,0.316664341,27,27
nvs22,6.05822,6.05822,0,0.07428165338933468,0.009199000000000034,0,0,0,0,0,0,6.05822,6.05822,0.0150444395840168,0.06492062844336033,0.05762,0.0725842360407114,1,3,1,2,1,6.05822,6.05822,0.013859966769814491,0.057940129190683365,0.053024,0.073821309953928,1,3,1,2,0,14.521940000000001,0.712017938,12,12
oaer,-1.923098514,-1.9230985027978127,0,0.016921978443861008,0.001596999999999998,0,0,0,0,0,0,-inf,FAILED,Problem can not be solved - Feasible zone is empty,NAN,NAN,NAN,NAN,NAN,NAN,NAN,NAN,-1.9230986010015645,-1.9230986010015645,0.01338292472064495,0.027447622269392014,0.011108000000000002,0.033392684534192085,1,2,0,2,0,-1.9230985659290898,0.077414837,5,5
ortez,-9532.039053,-9532.039053348311,0,4.220066155306995,1.3984490000002565,0,0,0,0,0,0,-inf,FAILED,Problem can not be solved - Feasible zone is empty,NAN,NAN,NAN,NAN,NAN,NAN,NAN,NAN,-inf,FAILED,"Integer infeasible: [0.01438807 0.96345436 0.96345436] (array([2, 5, 8]),)",NAN,NAN,NAN,NAN,NAN,NAN,NAN,NAN,-9532.0391320331855,3.4694753549999997,26,26
parallel,924.2955507,924.2955507311696,0,0.817912369966507,0.22322000000000114,0,0,0,0,0,0,924.2915486851967,924.2908284081947,0.29353989474475384,0.605063347145915,1.207408408,0.5835411660373211,1,5,0,2,1,924.2915486851967,924.2915486851967,0.19772457145154476,0.5521819423884153,1.24877,0.5621851794421673,1,5,0,2,0,2642.7116434911572,0.471564536,6,8
pooling_epa1,-280.8056329,-inf,FAILED,"Error in Function::call for 'minlp' [BonminInterface] at .../casadi/core/function.cpp:1432:
Error in Function::call for 'minlp' [BonminInterface] at .../casadi/core/function.cpp:361:
.../casadi/interfaces/bonmin/bonmin_interface.cpp:477: Uncaught error in Bonmin",NAN,NAN,NAN,NAN,NAN,NAN,NAN,-280.8060577000714,-280.8060577000715,1.516480352729559,1.2892948128283024,0.8288845190000036,2.9032565150409937,1,2,0,2,1,-280.8060577000714,-280.8060577000714,1.5161842610687017,1.1976769529283047,0.7416406680000025,2.9317547753453255,1,2,0,2,0,NAN,NAN,NAN,NAN
pooling_epa2,-4567.355812,-inf,FAILED,"Error in Function::call for 'minlp' [BonminInterface] at .../casadi/core/function.cpp:1432:
Error in Function::call for 'minlp' [BonminInterface] at .../casadi/core/function.cpp:361:
.../casadi/interfaces/bonmin/bonmin_interface.cpp:477: Uncaught error in Bonmin",NAN,NAN,NAN,NAN,NAN,NAN,NAN,-3433.6788484650833,-1363.7377098235866,3.638108791783452,2.457322398200631,1.4100682309999957,5.362549623474479,1,2,0,2,0,-3433.6788484650833,-1363.7377098235866,3.6993945352733135,2.410342188552022,1.2898256110000028,5.275308273732662,1,2,0,2,0,NAN,NAN,NAN,NAN
prob10,3.445503794,3.4455037943363673,0,0.013188552111387253,0.0008819999999999985,0,0,0,0,0,0,3.4455037882283115,3.4455037882283115,0.03483121283352375,0.04831164889037609,0.02293,0.0624402966350317,1,3,0,2,1,3.4455037882283115,3.4455037882283115,0.02261495590209961,0.04133990779519081,0.018385000000000002,0.06088029593229294,1,3,0,2,0,10.312118485241777,0.074236755,2,2
procsel,-1.923098738,-1.9230987377480924,0,0.02719822060316801,0.002791000000000001,0,0,0,0,0,0,-1.411002128193271,-1.411002128193271,0.012892121449112892,0.03361565247178078,0.021365000000000002,0.031777601689100266,1,2,0,2,1,-1.411002128193271,-1.411002128193271,0.011002639308571815,0.025302790105342865,0.012165,0.03081953339278698,1,2,0,2,0,-1.9230987513698841,0.057149561,4,3
sfacloc1_2_90,17.89155452,17.961425380075678,0,0.07697236072272062,0.029796078999999993,0,0,0,0,0,0,17.891542667170793,17.891542667170793,0.6421775277704,0.45503561943769455,0.4754177050000001,0.3822383116930723,1,2,0,2,1,17.891542667170793,17.891542667170793,0.5924922991544008,0.31568067893385887,0.41979901799999997,0.3643604014068842,1,2,0,2,0,1.7976931348623157e+308,12.110403755,8,8
sfacloc1_2_95,18.8500827,18.850082699628203,0,0.059426634572446346,0.023262978999999996,0,0,0,0,0,0,18.850070175441356,18.85007020949694,0.3261298444122076,0.2619692087173462,0.4278550430000004,0.37238772585988045,1,2,0,2,0,18.850070175441356,18.85007020949694,0.2993708550930023,0.2374313771724701,0.3778109999999998,0.3470224626362324,1,2,0,2,0,1.7976931348623157e+308,11.898763252999998,7,7
sfacloc1_3_90,11.62198856,11.900062474071976,0,0.08292404748499393,0.033788522,0,0,0,0,0,0,11.900051431868313,11.900051431868313,0.9820383656769991,0.6355332732200623,0.5117360630000003,0.6658992264419794,1,2,0,2,1,11.900051431868313,11.900051431868313,0.912447739392519,0.45877386443316936,0.4576699999999995,0.6413955204188824,1,2,0,2,0,29.676807154333311,13.119994177999999,13,10
sfacloc1_3_95,12.30250678,21.51041329814377,0,0.2551516145467758,0.09530429600000007,0,0,0,0,0,0,12.456719378172272,12.456719419609989,0.5905448999255896,0.36526872403919697,0.4640280000000001,0.5407545082271099,1,2,0,2,0,12.456719378172272,12.456719419609989,0.5518150720745325,0.36698231287300587,0.48280400000000057,0.5346341766417027,1,2,0,2,0,1.7976931348623157e+308,318.116036361,2,11
sfacloc1_4_90,10.45745824,10.572584639792073,0,0.4327896609902382,0.16092933499999995,0,0,0,0,0,0,11.145754337157246,11.859855241614245,1.410987950861454,0.8048842195421457,0.579613447000002,1.3142089527100325,1,2,0,2,0,11.145754337157246,11.859855241614245,1.3065359257161617,0.8258019294589758,0.5995320000000011,1.329496106132865,1,2,0,2,0,1.7976931348623157e+308,44.627214546999994,16,16
sfacloc1_4_95,11.18412235,11.250323494391754,0,0.41402850672602654,0.15898606200000004,0,0,0,0,0,0,11.256016108211245,11.682879156374616,0.9165541883558035,0.6239502504467964,0.5650781459999992,1.0124345198273659,1,2,0,2,0,11.256016108211245,11.682879156374616,0.8532925099134445,0.6120854560285807,0.5244543930000015,0.9910126868635416,1,2,0,2,0,1.7976931348623157e+308,314.626264111,2,7
sfacloc2_2_90,18.59410919,18.681416444056794,0,10.403387784026563,4.346796394999998,0,0,0,0,0,0,18.68140514349397,18.663068172467824,0.8274715784937143,0.7187241725623608,1.1974074270000001,0.5385737102478743,1,5,0,2,1,18.68140514349397,18.68140514349397,0.7565380427986383,0.5292002614587545,1.1530369999999999,0.5342882685363293,1,5,0,2,0,26.149503620061548,1.0057235539999998,6,6
sfacloc2_2_95,19.57755165,19.57755165452945,0,4.126993606798351,1.7458244879999987,0,0,0,0,0,0,19.59920864381715,19.576969064628173,0.42658684216439724,0.41414824873209,0.7787746029999999,0.39897020161151886,1,4,0,2,1,19.59920864381715,19.59920864381715,0.3976113945245743,0.33927919901907444,0.8499271849999999,0.404836542904377,1,4,0,2,0,23.661779762770372,1.7622763609999998,8,10
sfacloc2_3_90,15.09450105,-inf,FAILED,"Error in Function::call for 'minlp' [BonminInterface] at .../casadi/core/function.cpp:1432:
Error in Function::call for 'minlp' [BonminInterface] at .../casadi/core/function.cpp:361:
.../casadi/interfaces/bonmin/bonmin_interface.cpp:477: Uncaught error in Bonmin",NAN,NAN,NAN,NAN,NAN,NAN,NAN,15.094491507015285,15.094491507015285,1.352464409545064,0.892340550199151,1.3512473249999997,0.6686199828982353,1,5,0,2,1,15.094491507015285,15.094491507015285,1.2624109368771315,0.739367051050067,1.3804740000000002,0.7416858896613121,1,5,0,2,0,19.105921080026025,0.789038427,8,8
sfacloc2_3_95,16.15112012,16.15112012431074,0,30.588460673578084,13.102195917999907,0,0,0,0,0,0,16.15111010855023,16.15111010855023,0.8689000941812992,0.6184696517884731,1.2440408210000002,0.5427771676331758,1,5,0,2,1,16.15111010855023,16.15111010855023,0.8070429377257824,0.552974047139287,1.274652,0.60821633040905,1,5,0,2,0,19.272069530386219,8.355286435,11,24
sfacloc2_4_90,13.41150335,-inf,FAILED,"Error in Function::call for 'minlp' [BonminInterface] at .../casadi/core/function.cpp:1432:
Error in Function::call for 'minlp' [BonminInterface] at .../casadi/core/function.cpp:361:
.../casadi/interfaces/bonmin/bonmin_interface.cpp:477: Uncaught error in Bonmin",NAN,NAN,NAN,NAN,NAN,NAN,NAN,20.15121436750455,20.15121436750455,2.0945471320301294,2.4625906217843294,1.4327418970000003,1.681790553033352,2,4,0,3,2,13.843831404383316,13.843831404383316,1.9497186224907637,0.8496676348149776,1.497529186,0.8819353990256786,1,4,0,2,0,15.695066271698428,0.888161039,9,9
sfacloc2_4_95,14.29917733,-inf,FAILED,"Error in Function::call for 'minlp' [BonminInterface] at .../casadi/core/function.cpp:1432:
Error in Function::call for 'minlp' [BonminInterface] at .../casadi/core/function.cpp:361:
.../casadi/interfaces/bonmin/bonmin_interface.cpp:477: Uncaught error in Bonmin",NAN,NAN,NAN,NAN,NAN,NAN,NAN,15.32645602145708,15.287262064495213,1.3932321444153786,0.5765215009450912,0.7290167700000004,0.5117897260934114,1,2,0,2,1,15.32645602145708,15.32645602145708,1.310467280447483,0.6633375231176615,1.4324839999999996,0.748384015634656,1,5,0,2,0,21.985111748318548,3.419013886,7,7
spring,0.8462441005,0.8462456820006636,0,0.15721363574266434,0.02752199999999997,0,0,0,0,0,0,0.8688286159021197,0.8688286159021197,0.04313081502914429,0.17907393537461758,0.19253430300000002,0.31537942215800285,2,8,1,3,2,0.9876579750547234,2.678560858785495,0.02990882657468319,0.12755615450441837,0.159125,0.14786072075366974,1,6,1,2,0,1.5686403230374262,0.952845053,159,67
st_e15,7.667180069,7.66718006882261,0,0.003668348304927349,0.000162,0,0,0,0,0,0,7.667180068813135,7.667180061604702,0.02038673125207424,0.02881901152431965,0.014908999999999999,0.03942902386188507,1,2,0,2,0,7.667180068813135,7.667180061604702,0.016161365434527397,0.029431914910674095,0.012896,0.04099729470908642,1,2,0,2,0,7.6671800624164419,0.057889616,3,3
st_e29,-0.9434705,-0.9434704999897898,0,0.03223192598670721,0.003597999999999997,0,0,0,0,0,0,-0.9049614980951736,-0.9049614980951736,0.014901157468557358,0.08421440236270428,0.064362,0.10391353629529476,2,4,0,3,2,-0.9049614980951736,0.9991907703030591,0.015690287575125694,0.03464708849787712,0.022272,0.0447748601436615,1,2,0,2,0,0,0.08465563400000001,7,7
st_e32,-1.430407283,-1.430407283332523,0,0.22640164848417044,0.06740899999999983,0,0,0,0,0,0,-1.4304072818874314,-1.4304072819263198,0.04971816949546337,0.16918236389756203,0.311961018,0.3048702161759138,1,2,0,2,1,-1.4304072818874314,-1.4304072818874314,0.05002407543361187,0.15836060233414173,0.31579824299999987,0.29778611846268177,1,2,0,2,0,1.7976931348623157e+308,4.882817445,25,25
st_e35,64868.07684,-inf,FAILED,"Error in Function::call for 'minlp' [BonminInterface] at .../casadi/core/function.cpp:1432:
Error in Function::call for 'minlp' [BonminInterface] at .../casadi/core/function.cpp:361:
.../casadi/interfaces/bonmin/bonmin_interface.cpp:477: Uncaught error in Bonmin",NAN,NAN,NAN,NAN,NAN,NAN,NAN,-inf,FAILED,"Error in Function::call for 'benders_with_0_cut' [MXFunction] at .../casadi/core/function.cpp:1458:
Error in Function::call for 'benders_with_0_cut' [MXFunction] at .../casadi/core/function.cpp:362:
Error in Function::operator() for 'benders_with_0_cut_qpsol' [GurobiInterface] at .../casadi/core/function.cpp:1539:
.../casadi/core/conic.cpp:499: Assertion ""lb <= ub && lb!=inf && ub!=-inf"" failed:
Ill-posed problem detected: LBA[0] <= UBA[0] was violated. Got LBA[0] = -nan and UBA[0] = -nan.",NAN,NAN,NAN,NAN,NAN,NAN,NAN,NAN,-inf,FAILED,"Error in Function::call for 'benders_constraint_0' [MXFunction] at .../casadi/core/function.cpp:1458:
Error in Function::call for 'benders_constraint_0' [MXFunction] at .../casadi/core/function.cpp:362:
Error in Function::operator() for 'benders_constraint_0_qpsol' [GurobiInterface] at .../casadi/core/function.cpp:1539:
.../casadi/interfaces/gurobi/gurobi_interface.cpp:279: Assertion ""!flag"" failed:
Element 0 of a double array is Nan.",NAN,NAN,NAN,NAN,NAN,NAN,NAN,NAN,92593.727247660383,0.454528603,4,4
st_e36,-246.0,-246.0,0,0.007572083733975887,0.0004889999999999997,0,0,0,0,0,0,-244.84344322500846,-198.7880000000055,0.34329985082149506,0.05657530762255192,0.04410699999999995,0.1189896110445261,1,2,0,2,0,-244.84344322500846,-198.7880000000055,0.33174277655780315,0.05591180734336376,0.04502200000000012,0.1190758217126131,1,2,0,2,0,-243.85676188641463,0.263881293,8,8
st_e38,7197.727149,7197.7271485243045,0,0.005440323613584042,0.00037700000000000006,0,0,0,0,0,0,7197.7271168279385,7197.7271168279385,0.012327639386057854,0.036233775317668915,0.017819,0.03616001643240452,1,2,0,2,1,7197.7271168279385,7197.7271168279385,0.011212317273020744,0.027123982086777687,0.015208000000000001,0.033791303634643555,1,2,0,2,0,1.7976931348623157e+308,1.458272002,5,2
st_e40,30.4142135,-inf,FAILED,"Objective value wrong, with error 1.7976931348623157e+308
Lbx > x* for indices:
[[0 0]
 [1 0]
 [2 0]]
Lbg > g(x*,p) + tol:
[28799.99999999 28799.99999999 28799.99999999]
for indices:
(array([1, 2, 3]),)",NAN,NAN,NAN,NAN,NAN,NAN,NAN,-inf,FAILED,"Ubg < g(x*,p) - tol:
[3.57667765]
for indices:
(array([0]),)",NAN,NAN,NAN,NAN,NAN,NAN,NAN,NAN,-inf,FAILED,"Objective value wrong, with error 4.414212499999989
Ubg < g(x*,p) - tol:
[2.34208476 0.69659189]
for indices:
(array([0, 5]),)",NAN,NAN,NAN,NAN,NAN,NAN,NAN,NAN,1.7976931348623157e+308,0.074995328,4,1
supplychainp1_020306,437551.6764,-inf,FAILED,"Objective value wrong, with error 1.1595042198896408e-08",NAN,NAN,NAN,NAN,NAN,NAN,NAN,437551.64259048045,444143.40427704656,0.1934289038181305,0.5301671102643013,1.1292709999999997,0.9298186041414738,2,4,0,3,2,718830.6361705152,537412468736.0,0.17912275530397892,0.3350626789033413,0.8062210000000001,0.4346913732588291,1,2,0,2,0,438471.72306455148,0.270021274,2,2
supplychainr1_020306,437551.183,-inf,FAILED,"Error in Function::call for 'minlp' [BonminInterface] at .../casadi/core/function.cpp:1432:
Error in Function::call for 'minlp' [BonminInterface] at .../casadi/core/function.cpp:361:
.../casadi/interfaces/bonmin/bonmin_interface.cpp:477: Uncaught error in Bonmin",NAN,NAN,NAN,NAN,NAN,NAN,NAN,593974.6145859534,645267.1740896336,0.09181519597768784,0.8714813105762005,1.4003167829999998,1.936237333342433,4,10,4,4,4,743905.1636882719,743905.1636882719,0.0870460569858551,0.17400781996548176,0.329953,0.29399970918893814,1,2,0,2,0,438470.94595311274,0.6100180350000001,6,2
supplychainr1_030510,860440.1578,-inf,FAILED,"Error in Function::call for 'minlp' [BonminInterface] at .../casadi/core/function.cpp:1432:
Error in Function::call for 'minlp' [BonminInterface] at .../casadi/core/function.cpp:361:
.../casadi/interfaces/bonmin/bonmin_interface.cpp:477: Uncaught error in Bonmin",NAN,NAN,NAN,NAN,NAN,NAN,NAN,860447.9492862888,923414.2864309872,0.33658513985574245,10.89385806210339,11.032126679000001,21.366784827783704,3,11,3,3,3,1764969.2361704896,454242635549.5254,0.33581334352493286,1.5153526682406664,1.9049625460000015,2.6469691675156355,2,6,1,3,0,860440.15780998068,0.9870381420000001,2,2
synheat,154997.3349,154997.33486602973,0,0.4106359640136361,0.08402100000000014,0,0,0,0,0,0,154997.3336582461,154997.33330947132,0.056978682056069374,0.3518369197845459,0.7556543699999999,0.4368101879954338,2,8,0,3,2,166509.57213692094,166509.57213692094,0.05513455532491207,0.16205163672566414,0.314945,0.17504391819238663,1,5,0,2,0,189521.07147688637,0.37648431899999996,5,5
tanksize,1.268643754,1.2686437535708663,0,0.41498437244445086,0.1343459999999999,0,0,0,0,0,0,1.2686437708643796,1.2686437708644467,0.08219481259584427,0.3559386786073446,0.4874196919999999,0.4437463078647852,2,4,1,3,1,1.2686437708643796,1.2686437708644467,0.0699978694319725,0.2785526365041733,0.4433082719999999,0.3955342136323452,2,4,1,3,0,NAN,NAN,NAN,NAN
transswitch0009p,5296.686204,5296.6862039920325,0,0.09289150405675173,0.02699999999999999,0,0,0,0,0,0,5296.686202417371,5296.686202412342,0.20056129805743694,0.6094057429581881,0.24236759899999996,0.6729038618505001,3,4,2,4,2,-inf,FAILED,"Integer infeasible: [0.01883869] (array([0]),)",NAN,NAN,NAN,NAN,NAN,NAN,NAN,NAN,1.7976931348623157e+308,0.9694787319999999,3,3
transswitch0009r,5296.686204,-inf,FAILED,"Objective value wrong, with error 1.7976931348623157e+308
Lbg > g(x*,p) + tol:
[0.80999999 0.80999999 0.80999999 0.80999999 0.80999999 0.80999999
 0.80999999 0.80999999 0.80999999 0.09999999 0.09999999 0.09999999]
for indices:
(array([63, 64, 65, 66, 67, 68, 69, 70, 71, 75, 76, 77]),)
Ubg < g(x*,p) - tol:
[0.89999999 0.99999999 1.24999999 0.29999999 0.34999999 0.49999999]
for indices:
(array([ 92,  94,  96,  98, 100, 102]),)",NAN,NAN,NAN,NAN,NAN,NAN,NAN,-inf,FAILED,Problem can not be solved - Feasible zone is empty,NAN,NAN,NAN,NAN,NAN,NAN,NAN,NAN,-inf,FAILED,"Integer infeasible: [0.11472687 0.11472687 0.11472687 0.11472687 0.11472687 0.11472687
 0.11472687 0.11472687 0.11472687] (array([0, 1, 2, 3, 4, 5, 6, 7, 8]),)",NAN,NAN,NAN,NAN,NAN,NAN,NAN,NAN,1.7976931348623157e+308,0.329581238,3,3
transswitch0014p,8082.58169,8082.581689604233,0,0.06184041406959295,0.024679817,0,0,0,0,0,0,8082.581682062401,8082.301047586405,1.1046553887426853,0.21684637665748596,0.264714042,0.21684047020971775,1,2,0,2,0,8082.581682062401,8082.301047586405,0.7101569455116987,0.19810230284929276,0.233201818,0.20315576158463955,1,2,0,2,0,1.7976931348623157e+308,6.528960131000001,4,4
transswitch0014r,8082.58169,-inf,FAILED,"Objective value wrong, with error 1.7976931348623157e+308
Lbg > g(x*,p) + tol:
[0.88359999 0.88359999 0.88359999 0.88359999 0.88359999 0.88359999
 0.88359999 0.88359999 0.88359999 0.88359999 0.88359999 0.88359999
 0.88359999 0.88359999 0.03899999]
for indices:
(array([134, 135, 136, 137, 138, 139, 140, 141, 142, 143, 144, 145, 146,
       147, 188]),)
Ubg < g(x*,p) - tol:
[0.21699999 0.94199999 0.11199999 0.12699999 0.18999999 0.07499999
 0.47799999 0.07599999 0.29499999 0.08999999 0.03499999 0.06099999
 0.13499999 0.14899999 0.01599999 0.16599999 0.05799999 0.01799999
 0.01599999 0.05799999 0.04999999]
for indices:
(array([170, 171, 172, 175, 176, 177, 179, 180, 182, 183, 184, 185, 186,
       187, 189, 191, 192, 193, 194, 195, 196]),)",NAN,NAN,NAN,NAN,NAN,NAN,NAN,-inf,FAILED,Problem can not be solved - Feasible zone is empty,NAN,NAN,NAN,NAN,NAN,NAN,NAN,NAN,-inf,FAILED,"Integer infeasible: [0.0684738 0.0684738 0.0684738 0.0684738 0.0684738 0.0684738 0.0684738
 0.0684738 0.0684738 0.0684738 0.0684738 0.0684738 0.0684738 0.0684738
 0.0684738 0.0684738 0.0684738 0.0684738 0.0684738 0.0684738] (array([ 0,  1,  2,  3,  4,  5,  6,  7,  8,  9, 10, 11, 12, 13, 14, 15, 16,
       17, 18, 19]),)",NAN,NAN,NAN,NAN,NAN,NAN,NAN,NAN,1.7976931348623157e+308,0.902944721,3,3
transswitch0030p,573.9181324,573.9373051027679,0,0.20128667075186968,0.09313431899999998,0,0,0,0,0,0,573.918131532773,573.7026749824347,3.288709443062544,0.4231574349105358,0.828553598,0.38276504538953304,1,2,0,2,0,573.918131532773,573.7026749824347,3.078812826424837,0.4980353210121393,0.8344759999999999,0.4688383564352989,1,2,0,2,0,1.7976931348623157e+308,20.998851196,3,3
transswitch0030r,573.9181324,-inf,FAILED,"Objective value wrong, with error 1.7976931348623157e+308
Lbg > g(x*,p) + tol:
[0.90249999 0.90249999 0.90249999 0.90249999 0.90249999 0.90249999
 0.90249999 0.90249999 0.90249999 0.90249999 0.90249999 0.90249999
 0.90249999 0.90249999 0.90249999 0.90249999 0.90249999 0.90249999
 0.90249999 0.90249999 0.90249999 0.90249999 0.90249999 0.90249999
 0.90249999 0.90249999 0.90249999 0.90249999 0.90249999 0.90249999]
for indices:
(array([276, 277, 278, 279, 280, 281, 282, 283, 284, 285, 286, 287, 288,
       289, 290, 291, 292, 293, 294, 295, 296, 297, 298, 299, 300, 301,
       302, 303, 304, 305]),)
Ubg < g(x*,p) - tol:
[0.21699999 0.03199999 0.12699999 0.01599999 0.02399999 0.07599999
 0.22799999 0.29999999 0.05799999 0.11199999 0.06199999 0.08199999
 0.03499999 0.08999999 0.03199999 0.09499999 0.02199999 0.17499999
 0.08699999 0.03499999 0.02399999 0.10599999 0.01199999 0.01599999
 0.10899999 0.29999999 0.01999999 0.07499999 0.01599999 0.02499999
 0.01799999 0.05799999 0.00899999 0.03399999 0.00699999 0.11199999
 0.06699999 0.02299999 0.00899999 0.01899999]
for indices:
(array([332, 335, 338, 341, 343, 344, 347, 348, 350, 352, 353, 354, 355,
       356, 357, 358, 359, 360, 361, 363, 365, 366, 367, 368, 371, 372,
       374, 376, 377, 378, 379, 380, 381, 382, 383, 384, 385, 387, 389,
       390]),)",NAN,NAN,NAN,NAN,NAN,NAN,NAN,-inf,FAILED,Problem can not be solved - Feasible zone is empty,NAN,NAN,NAN,NAN,NAN,NAN,NAN,NAN,-inf,FAILED,"Integer infeasible: [0.10980171 0.10980171 0.10980171 0.10980171 0.10980171 0.10980171
 0.10980171 0.10980171 0.10980171 0.10980171 0.10980171 0.10980171
 0.10980171 0.10980171 0.10980171 0.10980171 0.10980171 0.10980171
 0.10980171 0.10980171 0.10980171 0.10980171 0.10980171 0.10980171
 0.10980171 0.10980171 0.10980171 0.10980171 0.10980171 0.10980171
 0.10980171 0.10980171 0.10980171 0.10980171 0.10980171 0.10980171
 0.10980171 0.10980171 0.10980171 0.10980171 0.10980171] (array([ 0,  1,  2,  3,  4,  5,  6,  7,  8,  9, 10, 11, 12, 13, 14, 15, 16,
       17, 18, 19, 20, 21, 22, 23, 24, 25, 26, 27, 28, 29, 30, 31, 32, 33,
       34, 35, 36, 37, 38, 39, 40]),)",NAN,NAN,NAN,NAN,NAN,NAN,NAN,NAN,1.7976931348623157e+308,22.082272916,3,3
transswitch0039p,41866.12319,41866.123188680256,0,0.1137470193207264,0.05388487199999998,0,0,0,0,0,0,41866.123169086975,41866.123169086975,5.1313428189605474,0.6358273979276419,0.938054459,0.518550168722868,1,2,0,2,1,41866.123169086975,41866.123169086975,4.37596251629293,0.4734303690493107,0.9323359999999998,0.5304127000272274,1,2,0,2,0,1.7976931348623157e+308,26.104882869,3,3
transswitch0039r,41866.12319,-inf,FAILED,"Objective value wrong, with error 1.7976931348623157e+308
Lbg > g(x*,p) + tol:
[0.88359999 0.88359999 0.88359999 0.88359999 0.88359999 0.88359999
 0.88359999 0.88359999 0.88359999 0.88359999 0.88359999 0.88359999
 0.88359999 0.88359999 0.88359999 0.88359999 0.88359999 0.88359999
 0.88359999 0.88359999 0.88359999 0.88359999 0.88359999 0.88359999
 0.88359999 0.88359999 0.88359999 0.88359999 0.88359999 0.88359999
 0.88359999 0.88359999 0.88359999 0.88359999 0.88359999 0.88359999
 0.88359999 0.88359999 0.88359999 1.39999999 1.49999999 0.66599999
 0.92199999]
for indices:
(array([315, 316, 317, 318, 319, 320, 321, 322, 323, 324, 325, 326, 327,
       328, 329, 330, 331, 332, 333, 334, 335, 336, 337, 338, 339, 340,
       341, 342, 343, 344, 345, 346, 347, 348, 349, 350, 351, 352, 353,
       384, 386, 452, 467]),)
Ubg < g(x*,p) - tol:
[ 0.09199999 11.03999999  0.04599999  2.49999999  0.97599999  3.21999999
  4.99999999  2.33799999  5.21999999  0.06499999  0.08529999  3.19999999
  3.28999999  1.57999999  6.79999999  2.73999999  2.47499999  3.08599999
  2.23999999  1.38999999  2.80999999  2.05999999  2.83499999  0.44199999
  0.02399999  1.83999999  0.83999999  1.76599999  0.87999999  1.52999999
  0.32299999  0.29999999  1.02999999  1.14999999  0.84599999  0.47199999
  0.16999999  0.75499999  0.27599999  0.26899999]
for indices:
(array([396, 404, 406, 414, 415, 417, 418, 421, 422, 423, 426, 429, 430,
       432, 434, 435, 437, 438, 439, 440, 441, 442, 443, 444, 446, 447,
       450, 451, 455, 458, 459, 461, 463, 464, 466, 468, 469, 470, 471,
       472]),)",NAN,NAN,NAN,NAN,NAN,NAN,NAN,-inf,FAILED,Problem can not be solved - Feasible zone is empty,NAN,NAN,NAN,NAN,NAN,NAN,NAN,NAN,-inf,FAILED,"Integer infeasible: [0.07856622 0.07856622 0.07856622 0.07856622 0.07856622 0.07856622
 0.07856622 0.07856622 0.07856622 0.07856622 0.07856622 0.07856622
 0.07856622 0.07856622 0.07856622 0.07856622 0.07856622 0.07856622
 0.07856622 0.07856622 0.07856622 0.07856622 0.07856622 0.07856622
 0.07856622 0.07856622 0.07856622 0.07856622 0.07856622 0.07856622
 0.07856622 0.07856622 0.07856622 0.07856622 0.07856622 0.07856622
 0.07856622 0.07856622 0.07856622 0.07856622 0.07856622 0.07856622
 0.07856622 0.07856622 0.07856622 0.07856622] (array([ 0,  1,  2,  3,  4,  5,  6,  7,  8,  9, 10, 11, 12, 13, 14, 15, 16,
       17, 18, 19, 20, 21, 22, 23, 24, 25, 26, 27, 28, 29, 30, 31, 32, 33,
       34, 35, 36, 37, 38, 39, 40, 41, 42, 43, 44, 45]),)",NAN,NAN,NAN,NAN,NAN,NAN,NAN,NAN,1.7976931348623157e+308,22.250084837,3,3
tspn05,191.2552078,191.25520780824104,0,0.00854489766061306,0.0014890000000000003,0,0,0,0,0,0,191.25520765854355,191.25520765854355,1.2589342202991247,0.04511060379445553,0.044526,0.04871923103928566,1,2,0,2,1,191.25520765854355,191.25520780829538,0.030644651502370834,0.0381469689309597,0.039042,0.050027208402752876,1,2,0,2,0,191.25520764860207,0.097335232,3,3
tspn08,290.5668539,290.56685392210255,0,0.012857761234045029,0.003942,0,0,0,0,0,0,290.5668537064959,290.56684975119333,0.028127113357186317,0.3380110263824463,0.29685362200002174,0.9331557080149651,1,2,0,2,0,290.5668537064959,290.56684975119333,0.028679050505161285,0.352653369307518,0.3131153420000132,0.9772917684167624,1,2,0,2,0,290.56685370197846,0.19948634099999998,3,3
tspn10,225.1260716,225.12607161159795,0,0.022094881162047386,0.009504521000000002,0,0,0,0,0,0,235.15620743422505,235.1562007490021,0.04934736713767052,0.11314285174012184,0.2688989999999999,0.2420753426849842,1,2,0,2,0,235.15620743422505,235.1562007490021,0.043082354590296745,0.1147546786814928,0.281535,0.24689826369285583,1,2,0,2,0,225.12607130943968,0.25704544100000004,3,3
tspn12,262.6473957,265.8578943279865,0,0.03472275286912918,0.017233290000000005,0,0,0,0,0,0,265.8578940371059,265.8578940371059,0.07318649813532829,0.15464880131185055,0.21440100000000004,0.17233898863196373,1,2,0,2,1,265.8578940371059,265.8578943278699,0.06734704598784447,0.1983609814196825,0.290333,0.19767151959240437,1,2,0,2,0,265.85789405194868,0.326834266,3,3
tspn15,327.1390621,331.08931355007616,0,0.2347081247717142,0.11356042700000006,0,0,0,0,0,0,328.9069643613094,328.9069490509956,0.15513045527040958,0.8501164857298136,0.6417739999999955,2.2259848210960627,1,2,0,2,0,328.9069643613094,328.9069490509956,0.16267342492938042,0.8527894727885723,0.6741609999999957,2.2574075926095247,1,2,0,2,0,327.13906183379669,0.463381887,3,3
wager,20339.43184,-inf,FAILED,"Objective value wrong, with error 1.7976931348623157e+308
Lbx > x* for indices:
[[ 70   0]
 [ 71   0]
 [ 72   0]
 [ 73   0]
 [ 74   0]
 [ 75   0]
 [132   0]
 [133   0]]
Lbg > g(x*,p) + tol:
[9.9999999e-01 9.9999999e-01 9.9999999e-01 9.9999999e-01 9.9999999e-01
 9.9999999e-01 9.9999999e-01 9.9999999e-01 9.9999999e-01 9.9999999e-01
 9.9999999e-01 1.1000000e+03 2.2000000e+03 1.5000000e+02 1.0000000e+02
 2.2410000e+03 2.2410000e+03 2.1330000e+03 7.3500000e+03 9.9999999e-01]
for indices:
(array([ 43,  44,  45,  46,  47,  48,  49,  50,  51,  52,  53,  56,  60,
        64,  68, 116, 117, 118, 119, 141]),)",NAN,NAN,NAN,NAN,NAN,NAN,NAN,-inf,FAILED,Problem can not be solved - Feasible zone is empty,NAN,NAN,NAN,NAN,NAN,NAN,NAN,NAN,-inf,FAILED,"Integer infeasible: [6.02493815e-01 6.02493815e-01 6.02493815e-01 4.70160864e-01
 4.70160864e-01 4.70160864e-01 3.97506195e-01 3.97506195e-01
 3.97506195e-01 5.29839146e-01 5.29839146e-01 5.29839146e-01
 8.82750413e-01 8.82750413e-01 8.82750413e-01 9.49600963e-01
 9.49600963e-01 9.49600963e-01 8.91533237e+02 8.91533237e+02
 8.91533237e+02 9.16231931e+02 9.16231931e+02 9.16231931e+02
 1.08466763e+02 1.08466763e+02 1.08466763e+02 8.37680690e+01
 8.37680690e+01 8.37680690e+01 1.94395159e+00 1.94395159e+00
 8.91533237e+02 9.16231931e+02 1.08466763e+02 8.37680690e+01
 1.94590743e+00 1.94590743e+00] (array([ 0,  1,  2,  3,  4,  5, 12, 13, 14, 15, 16, 17, 18, 19, 20, 24, 25,
       26, 30, 31, 32, 33, 34, 35, 36, 37, 38, 39, 40, 41, 50, 52, 56, 57,
       58, 59, 63, 64]),)",NAN,NAN,NAN,NAN,NAN,NAN,NAN,NAN,1.7976931348623157e+308,19.025306871999998,8,12
wastepaper3,0.01891836798,0.028594730434764355,0,1.2615026980638504,0.2593339999999941,0,0,0,0,0,0,0.04465622881360932,0.044734685007796524,0.13360199891030788,1.0630276091396809,0.4656859600000002,9.479292444884777,21,34,25,15,10,-inf,FAILED,"Integer infeasible: [0.99758647 0.92846763 0.00862352 0.99343298 0.99262512 0.98856727
 0.00229976 0.00656644 0.06290884 0.00664964 0.0114327  0.99726655
 0.00273302] (array([ 1,  3,  5,  7,  9, 17, 18, 19, 21, 22, 23, 25, 26]),)",NAN,NAN,NAN,NAN,NAN,NAN,NAN,NAN,0.028594710756561566,2.4170033749999997,11,14
wastepaper4,0.003479162687,0.006730362928984062,0,3.772636890411377,1.0102010000001664,0,0,0,0,0,0,0.028896977203291176,0.02939406187346183,0.06355431862175465,1.9324238952249289,0.8744229760000002,18.99254447221756,26,46,33,20,9,-inf,FAILED,"Integer infeasible: [0.99493709 0.99451668 0.9904548  0.99896055 0.93369448 0.0050622
 0.00103582 0.00548263 0.00954483 0.06630549] (array([ 2,  7, 20, 24, 31, 32, 35, 36, 38, 39]),)",NAN,NAN,NAN,NAN,NAN,NAN,NAN,NAN,0.0041469463271194733,46.489698481,21,26
wastepaper5,0.0008212036779,0.002902956432325296,0,6.264394149184227,1.6517320000001283,0,0,0,0,0,0,0.49600285494971236,0.48634650069336127,0.09567095339298248,2.7828965932130814,1.193923794,52.69339772313833,39,40,38,22,20,0.37000228715133815,0.6427780561498577,0.08957049250602722,0.25467840768396854,0.374416088,0.45191538892686367,2,3,1,3,0,0.024983511674051218,300.002011477,44,32
wastepaper6,0.0001263745072,-inf,FAILED,"Error in Function::call for 'minlp' [BonminInterface] at .../casadi/core/function.cpp:1432:
Error in Function::call for 'minlp' [BonminInterface] at .../casadi/core/function.cpp:361:
.../casadi/interfaces/bonmin/bonmin_interface.cpp:477: Uncaught error in Bonmin",NAN,NAN,NAN,NAN,NAN,NAN,NAN,0.6489999139617108,0.6489999139617108,0.15157140418887138,3.408713448792696,1.782092677,58.798978270962834,34,35,33,20,17,0.20708201247990704,0.6383798756570087,0.14231897704303265,0.3246298246085644,0.5443944550000002,0.6213664971292019,2,3,1,3,0,0.0047472398890255644,197.43187811800001,22,25
water4,907.0169959,-inf,FAILED,"Error in Function::call for 'minlp' [BonminInterface] at .../casadi/core/function.cpp:1432:
Error in Function::call for 'minlp' [BonminInterface] at .../casadi/core/function.cpp:361:
.../casadi/interfaces/bonmin/bonmin_interface.cpp:477: Uncaught error in Bonmin",NAN,NAN,NAN,NAN,NAN,NAN,NAN,1024.7718473383484,754.9482057784052,0.38612944073975086,307.4166471492499,27.970265141000002,5882.645086916164,59,212,38,32,29,1196.863872849353,1196.863872849353,0.3862802069634199,0.9247976578772068,1.3836127280000001,0.9343379866331816,1,5,3,2,0,NAN,NAN,NAN,NAN
waternd1,606763.1675,606763.1675291483,0,0.052667527459561825,0.00903,0,0,0,0,0,0,691650.695246638,691650.6952466379,0.1018726509064436,0.2250246163457632,0.38484700000000005,0.30383519642055035,1,2,0,2,1,691650.695246638,691650.695246638,0.0884311143308878,0.20804186165332794,0.34534200000000004,0.3079368080943823,1,2,0,2,0,606763.16707404505,4.320202212000001,2,2
waternd2,1062685.084,1063571.1489946665,0,1.614333108998835,0.23909208599999993,0,0,0,0,0,0,1062907.401649038,1062907.401649038,0.6549458112567663,0.8356847744435072,0.6084980960000002,1.3167258817702532,1,2,0,2,1,1062907.401649038,1081910.932756424,0.6452556326985359,0.7930042389780283,0.6090599999999996,1.3240744974464178,1,2,0,2,0,1070320.0077465186,300.08107110500004,22,1
waterno2_01,19.45668046,19.45668046214643,0,1.2925921082496643,0.4332899999999998,0,0,0,0,0,0,133.10741963763584,133.10741963763584,0.388828881084919,0.1514570116996765,0.19628841300000002,0.1558416672050953,1,2,0,2,1,133.10741963763584,133.10741963763584,0.3736182264983654,0.19774029962718487,0.30732299999999996,0.24156237952411175,1,2,0,2,0,19.456674548294597,0.683204085,4,4
waterno2_02,39.57142193,-inf,FAILED,"Error in Function::call for 'minlp' [BonminInterface] at .../casadi/core/function.cpp:1432:
Error in Function::call for 'minlp' [BonminInterface] at .../casadi/core/function.cpp:361:
.../casadi/interfaces/bonmin/bonmin_interface.cpp:477: Uncaught error in Bonmin",NAN,NAN,NAN,NAN,NAN,NAN,NAN,266.3193998145,267.20701958014763,1.4543257243931293,0.5134799238294363,0.7808599940000002,0.7015663459897041,2,4,0,3,1,272.000162063933,272.000162063933,1.4561658520251513,0.21780284866690636,0.44759499999999997,0.308293042704463,1,2,0,2,0,46.930400352138307,2.737713591,6,6
waterno2_03,115.0045167,-inf,FAILED,"Error in Function::call for 'minlp' [BonminInterface] at .../casadi/core/function.cpp:1432:
Error in Function::call for 'minlp' [BonminInterface] at .../casadi/core/function.cpp:361:
.../casadi/interfaces/bonmin/bonmin_interface.cpp:477: Uncaught error in Bonmin",NAN,NAN,NAN,NAN,NAN,NAN,NAN,399.0836980652857,399.0836980652857,3.369301740080118,0.9618066884577274,0.9961342759999998,1.1363183464854956,2,4,0,3,2,401.59286109647644,401.59286109647644,3.5531825367361307,0.3529251366853714,0.5230390000000004,0.5407259240746498,1,2,0,2,0,196.54771139263931,4.849202476,11,11
watertreatnd_conc,348336.7614,-inf,FAILED,"Objective value wrong, with error 1.7976931348623157e+308
Ubg < g(x*,p) - tol:
[ 9.99999999 14.99999999  4.99999999 19.99999999  9.99999999  0.99999999
  0.99999999  0.99999999  0.99999999  0.99999999  0.99999999  0.99999999
  0.99999999  0.99999999  0.99999999  0.99999999  0.99999999  0.99999999
  0.99999999  0.99999999  0.99999999  0.99999999  0.99999999  0.99999999
  0.99999999  0.99999999  0.99999999  0.99999999  0.99999999  1.33332999
  1.33332999  1.33332999  1.33332999  1.33332999  1.33332999  0.66665999
  0.66665999  0.66665999  0.66665999  0.66665999  0.66665999  1.99999999
  1.99999999  1.99999999  1.99999999  1.99999999  1.99999999  1.99999999
  1.99999999  1.99999999  1.99999999  1.99999999  1.99999999  3.99999999
  3.99999999  3.99999999  3.99999999  3.99999999  3.99999999  1.49999999
  1.49999999  1.49999999  1.49999999  1.49999999  1.49999999  0.49999999
  0.49999999  0.49999999  0.49999999  0.49999999  0.49999999  0.49999999
  0.49999999  0.49999999  0.49999999  0.49999999  0.49999999  1.99999999
  1.99999999  1.99999999  1.99999999  1.99999999  1.99999999  1.99999999
  1.99999999  1.99999999  1.99999999  1.99999999  1.99999999]
for indices:
(array([ 29,  30,  31,  32,  33,  34,  35,  36,  37,  38,  39,  40,  41,
        42,  43,  44,  45,  46,  47,  48,  49,  50,  51,  52,  53,  54,
        55,  56,  57,  58,  59,  60,  61,  62,  63,  76,  77,  78,  79,
        80,  81,  82,  83,  84,  85,  86,  87,  88,  89,  90,  91,  92,
        93, 100, 101, 102, 103, 104, 105, 106, 107, 108, 109, 110, 111,
       112, 113, 114, 115, 116, 117, 118, 119, 120, 121, 122, 123, 130,
       131, 132, 133, 134, 135, 136, 137, 138, 139, 140, 141]),)",NAN,NAN,NAN,NAN,NAN,NAN,NAN,-inf,FAILED,Problem can not be solved - Feasible zone is empty,NAN,NAN,NAN,NAN,NAN,NAN,NAN,NAN,-inf,FAILED,"Error in Function::call for 'benders_constraint_0' [MXFunction] at .../casadi/core/function.cpp:1458:
Error in Function::call for 'benders_constraint_0' [MXFunction] at .../casadi/core/function.cpp:362:
Error in Function::operator() for 'benders_constraint_0_qpsol' [GurobiInterface] at .../casadi/core/function.cpp:1539:
.../casadi/interfaces/gurobi/gurobi_interface.cpp:381: Assertion ""!flag"" failed:
Element 0 of a double array is Nan or Inf.",NAN,NAN,NAN,NAN,NAN,NAN,NAN,NAN,1.7976931348623157e+308,0.18884259199999998,1,1
watertreatnd_flow,348337.0417,-inf,FAILED,"Objective value wrong, with error 1.7976931348623157e+308
Lbg > g(x*,p) + tol:
[0.99999999 0.99999999 0.99999999 0.99999999 0.99999999 0.99999999
 0.99999999 0.99999999 0.99999999 0.99999999]
for indices:
(array([305, 306, 307, 308, 309, 310, 311, 312, 313, 314]),)",NAN,NAN,NAN,NAN,NAN,NAN,NAN,-inf,FAILED,"Lbg > g(x*,p) + tol:
[3.39839616e+05 3.33226410e+05 3.72905642e+05 3.59679231e+05
 3.59679231e+05 9.99999000e-01 9.99999000e-01 9.99999000e-01
 9.99999000e-01 9.99999000e-01 9.99999000e-01 9.99999000e-01
 9.99999000e-01 9.99999000e-01 9.99999000e-01 3.99999990e+01
 3.99999990e+01 3.99999990e+01 3.99999990e+01 3.99999990e+01
 3.99999990e+01 3.99999990e+01 3.99999990e+01 3.99999990e+01
 3.99999990e+01]
for indices:
(array([150, 151, 152, 153, 154, 305, 306, 307, 308, 309, 310, 311, 312,
       313, 314, 319, 324, 329, 334, 339, 360, 361, 362, 363, 364]),)",NAN,NAN,NAN,NAN,NAN,NAN,NAN,NAN,-inf,FAILED,"Error in Function::call for 'benders_constraint_0' [MXFunction] at .../casadi/core/function.cpp:1458:
Error in Function::call for 'benders_constraint_0' [MXFunction] at .../casadi/core/function.cpp:362:
Error in Function::operator() for 'benders_constraint_0_qpsol' [GurobiInterface] at .../casadi/core/function.cpp:1539:
.../casadi/interfaces/gurobi/gurobi_interface.cpp:381: Assertion ""!flag"" failed:
Element 0 of a double array is Nan or Inf.",NAN,NAN,NAN,NAN,NAN,NAN,NAN,NAN,406961.23088065512,64.60410245099999,2,2
waterx,909.0278626,960.8412112321214,0,0.12989524006843567,0.025722999999999996,0,0,0,0,0,0,968.2052847705711,963.9148519128744,0.07891520671546459,0.2323581986129284,0.20114325700000016,0.3612269163131714,1,2,0,2,0,968.2052847705711,963.9148519128744,0.24412594735622406,0.23465185798704624,0.1954703550000002,0.36280371621251106,1,2,0,2,0,NAN,NAN,NAN,NAN
waterz,907.0169959,-inf,FAILED,"Objective value wrong, with error 1e+50
Lbx > x* for indices:
[[42  0]
 [43  0]
 [46  0]
 [47  0]
 [48  0]
 [49  0]
 [50  0]
 [51  0]]
Lbg > g(x*,p) + tol:
[1.21199999 0.45199999 0.24499999 0.65199999 0.25199999 0.45599999
 0.99999999 0.99999999 0.99999999 0.99999999 0.99999999 0.99999999
 0.99999999 0.99999999 0.99999999 0.99999999 0.99999999 0.99999999
 0.99999999 0.99999999]
for indices:
(array([ 17,  18,  19,  20,  21,  22, 123, 124, 125, 126, 127, 128, 129,
       130, 131, 132, 133, 134, 135, 136]),)",NAN,NAN,NAN,NAN,NAN,NAN,NAN,-inf,FAILED,Problem can not be solved - Feasible zone is empty,NAN,NAN,NAN,NAN,NAN,NAN,NAN,NAN,-inf,FAILED,"Lbg > g(x*,p) + tol:
[1.44774469e+03 5.36137860e+02 1.55412366e+03 4.40574238e+03
 4.00286941e+01 5.89795665e+03 1.02975260e+02 4.08753753e+03
 1.14390512e+05 7.67490462e+03 1.02795643e-15 3.24840248e-15
 1.39778012e-16 3.38535756e-13 1.87330807e-12 4.32455042e-08
 3.38535756e-13 3.29439354e-12 3.38535756e-13 2.87557098e-17]
for indices:
(array([ 0,  1,  2,  3,  6,  9, 11, 12, 13, 14, 16, 17, 19, 26, 28, 30, 31,
       33, 36, 66]),)
Ubg < g(x*,p) - tol:
[1.06554002e+02 8.23400529e-01 9.29124222e+02 6.92027381e+03
 1.49953171e+02 1.11110455e-06 4.38015897e-08 1.51113103e-12
 4.32450843e-08]
for indices:
(array([ 4,  5,  7,  8, 10, 23, 24, 25, 34]),)",NAN,NAN,NAN,NAN,NAN,NAN,NAN,NAN,NAN,NAN,NAN,NAN
windfac,0.2544872983,0.2544872983357829,0,0.025677522644400597,0.00324,0,0,0,0,0,0,0.7499999911056667,0.11826203285836176,3.169323392212391,300.0128824412823,5.026686327,71661.29202910326,693,1386,692,694,693,0.7499999911056667,29.882909052344615,0.031876666471362114,0.03996278718113899,0.054339,0.05449460446834564,1,2,0,2,0,1.7976931348623157e+308,0.097787798,2,2
