id,path,obj,dual_obj,load_time,calc_time,solver_time,python_time,iter_nr,NLP_runs,FNLP_runs,MIQP_runs,MILP_runs,grad_amplified
0,autocorr_bern20-05.nl,-384.0000000074941,-384.0000000074941,6.780028343200684e-07,0.03317116713151336,0.018207602202892303,0.014963564928621054,2,2,0,2,1,True
1,autocorr_bern20-10.nl,-2928.0000000074942,-2928.0000223598877,0.47544352570548654,0.12346755526959896,0.10755606973543763,0.01591148553416133,2,2,0,2,0,True
2,autocorr_bern20-15.nl,-5820.000000007494,-5820.000000007494,1.0041501857340336,0.2954035298898816,0.27078283997252584,0.024620689917355776,2,2,0,2,1,True
3,autocorr_bern25-06.nl,-944.0000000074941,-944.0000000074941,0.2628784072585404,0.05908883502706885,0.04401674307882786,0.015072091948240995,2,2,0,2,1,True
4,autocorr_bern25-13.nl,-7992.000000007494,-7992.000000007494,1.2415786073543131,0.2626100303605199,0.23604953847825527,0.026560491882264614,2,2,0,2,1,True
5,autocorr_bern25-19.nl,-14476.000000007494,-14476.000054584745,2.510918785817921,0.7751799360848963,0.7424012366682291,0.03277869941666722,2,2,0,2,0,True
6,autocorr_bern25-25.nl,-10544.000000007494,-10544.000000007494,3.388416675850749,0.8625594070181251,0.818948385771364,0.043611021246761084,2,2,0,2,1,True
7,autocorr_bern30-04.nl,-320.0000000074941,-320.0000080923262,0.31670096842572093,0.03664938360452652,0.026143488474190235,0.010505895130336285,2,2,0,2,0,True
8,autocorr_bern30-08.nl,-2904.0000000074942,-2904.0000000074942,0.5260812873020768,0.13839410804212093,0.11862625228241086,0.019767855759710073,2,2,0,2,1,True
9,autocorr_bern30-15.nl,-15424.000000007494,-15424.000000007494,2.3436972619965672,0.7073013321496546,0.6697651366703212,0.0375361954793334,2,2,0,2,1,True
10,autocorr_bern30-23.nl,-30272.000000007494,-30272.000000007494,5.210097759030759,1.5707584568299353,1.508865931071341,0.061892525758594275,2,2,0,2,1,True
11,autocorr_bern30-30.nl,-22512.000000007494,-22512.000133532823,6.814390406012535,1.7206424600444734,1.659305629786104,0.061336830258369446,2,2,0,2,0,True
12,autocorr_bern35-04.nl,-368.0000000074941,-368.0000000074941,0.568242410197854,0.04015001421794295,0.02634544437751174,0.013804569840431213,2,2,0,2,1,True
13,autocorr_bern35-09.nl,-5080.000000007494,-5080.000040562266,0.8775838608853519,0.29036350594833493,0.2710043378174305,0.019359168130904436,2,2,0,2,0,True
14,autocorr_bern35-18.nl,-30936.000000007494,-30936.000116458334,4.673748032655567,2.1467474862001836,2.096796767786145,0.04995071841403842,2,2,0,2,0,True
15,autocorr_bern35-26.nl,-55072.000000007494,-55072.000000007494,9.16828691214323,2.381723157130182,2.289271568879485,0.09245158825069666,2,2,0,2,1,True
16,autocorr_bern35-35fix.nl,-40512.000000007494,-40512.00023919946,12.644552994985133,3.454388271085918,3.3551946389488876,0.09919363213703036,2,2,0,2,0,True
17,autocorr_bern40-05.nl,-896.0000000074941,-896.0000000074941,1.0310348798520863,0.0603223517537117,0.04266713047400117,0.01765522127971053,2,2,0,2,1,True
18,autocorr_bern40-10.nl,-8144.000000007494,-8144.000000007494,1.5614801961928606,0.30166590865701437,0.27127801068127155,0.030387897975742817,2,2,0,2,1,True
19,autocorr_bern40-20.nl,-50240.000000007494,-50240.00018630719,7.680329196155071,2.209130886942148,2.1414410988800228,0.06768978806212544,2,2,0,2,0,True
20,autocorr_bern40-30.nl,-94520.0000000075,-94520.0000000075,15.669882443267852,3.752511241938919,3.6181016652844846,0.1344095766544342,2,2,0,2,1,True
21,autocorr_bern40-40.nl,-67392.0000000075,-67392.0000000075,20.946286908350885,4.323082844726741,4.170150448568165,0.152932396158576,2,2,0,2,1,True
22,autocorr_bern45-05.nl,-1024.000000007494,-1024.0000191722534,1.6376820039004087,0.0579148237593472,0.04308045469224453,0.01483436906710267,2,2,0,2,0,True
23,autocorr_bern45-11.nl,-12520.000000007494,-12520.000000007494,2.265753769315779,0.5598733806982636,0.5239949193783104,0.0358784613199532,2,2,0,2,1,True
24,autocorr_bern45-23.nl,-84712.0000000075,-84712.0000000075,12.699632009956986,3.4770723241381347,3.3564096759073436,0.12066264823079109,2,2,0,2,1,True
25,autocorr_bern45-34.nl,-152304.00000000748,-152304.00040051757,24.95629289187491,6.380778588820249,6.215686335694045,0.165092253126204,2,2,0,2,0,True
26,autocorr_bern45-45.nl,-112004.0000000075,-112004.00063365376,35.26425507478416,6.641917129047215,6.4389017266221344,0.20301540242508054,2,2,0,2,0,True
27,autocorr_bern50-06.nl,-2064.0000000074942,-2064.000024127285,2.5944401589222252,0.10680132359266281,0.08853393560275435,0.018267387989908457,2,2,0,2,0,True
28,autocorr_bern50-13.nl,-23564.000000007494,-23564.000000007494,4.2874707113951445,1.445811381097883,1.3898453433066607,0.055966037791222334,2,2,0,2,1,True
29,autocorr_bern50-25.nl,-124268.0000000075,-124268.0000000075,18.486668042838573,3.8537261560559273,3.693531679455191,0.16019447660073638,2,2,0,2,1,True
30,autocorr_bern50-38.nl,-232360.00000000748,-232360.00051332288,37.94947961997241,10.341601077932864,10.095485957339406,0.24611512059345841,2,2,0,2,0,True
31,autocorr_bern50-50.nl,-166680.00000000748,-166680.00000000748,49.959977788850665,9.865258069708943,9.54167782375589,0.32358024595305324,2,2,0,2,1,True
32,autocorr_bern55-06.nl,-2304.0000000074942,-2304.0000000074942,3.663957678247243,0.15014520101249218,0.1285441960208118,0.021601004991680384,2,2,0,2,1,True
33,autocorr_bern55-14.nl,-32792.000000007494,-32792.00016595195,5.807946587912738,1.5970834586769342,1.539099964313209,0.057983494363725185,2,2,0,2,0,True
34,autocorr_bern55-28.nl,-189396.00000000748,-189396.00000000748,27.655748366378248,7.297148510813713,7.084540564101189,0.2126079467125237,2,2,0,2,1,True
35,autocorr_bern55-41.nl,-337056.0000000075,-337056.0000000075,53.79419990302995,11.793551221024245,11.435830059926957,0.35772116109728813,2,2,0,2,1,True
36,autocorr_bern55-55.nl,-238476.00000000748,-238476.00000000748,71.66443252097815,14.061099053826183,13.654203748796135,0.4068953050300479,2,2,0,2,1,True
37,autocorr_bern60-08.nl,-6728.000000007494,-6728.000000007494,5.4462473201565444,0.3686856343410909,0.3388971211388707,0.0297885132022202,2,2,0,2,1,True
38,autocorr_bern60-15.nl,-44448.000000007494,-44448.000000007494,7.763669150881469,2.2850179909728467,2.205077935475856,0.07994005549699068,2,2,0,2,1,True
39,autocorr_bern60-30.nl,-259328.00000000748,-259328.00000000748,37.55135769303888,6.479061999823898,6.217653618659824,0.26140838116407394,2,2,0,2,1,True
40,autocorr_bern60-45.nl,-478640.0000000075,-478640.0009455506,74.12678890815005,16.375314018223435,15.985137043055147,0.39017697516828775,2,2,0,2,0,True
41,autocorr_bern60-60.nl,-350768.0000000075,-350768.0000000075,100.09659607382491,20.670065491925925,20.11681781988591,0.5532476720400155,2,2,0,2,1,True
42,batch0812_nc.nl,2707562.1669900334,2693461.4338362445,6.103331244084984,0.7538951942697167,0.4449852597899735,0.30890993447974324,3,7,2,3,2,True
43,batch_nc.nl,285506.5078974896,282907.1143571367,0.04688271274790168,0.05850932002067566,0.04291775496676564,0.015591565053910017,2,2,0,2,1,True
44,casctanks.nl,9.163479254022507,9.162553091745933,0.916913908906281,12.512779963668436,0.7230568858794868,11.789723077788949,3,4,0,3,2,True
45,cecil_13.nl,-94766.4240259945,-94766.4240259945,2.6484031402505934,28.655199515167624,1.2818961245939136,27.37330339057371,3,8,0,3,2,True
46,chp_shorttermplan1a.nl,-inf,FAILED,"Objective value wrong, with error 456.37306222331813
Lbg > g(x*,p) + tol:
[19.17730951 22.00145712 25.64274978 28.33632754 28.91806134 30.85711007
 33.77488911 31.77406913 28.21053241 23.2682413  18.20161109 14.66366753
 12.85244362 12.27080274 12.16166992 12.37752489 12.87234823 13.19666549
 13.53278487 14.02016936 14.53887535 15.21392032 16.12129122 19.91847535
 22.50255963 25.14060994 27.02509843 29.08315883 30.86755532 29.57368942
 27.72944154 25.16759386 21.76859801 17.98972925 14.31615176 12.52544863
 12.2839242  12.3761257  12.77712775 13.37905305 13.79611511 14.01486266
 14.29254182 14.56212013 15.1008866  15.95219019 11.76806772  9.97046323
  1.20782113  4.65008933  7.0791185   9.45220576 10.77177064  4.71056202
  7.24664676  9.22884501  1.03574899  9.46843516  1.0015357  10.69124496
  2.56282091  6.7578054   7.98908357  8.69143498 19.02002525  8.55526694
  8.40984187 12.61341835  2.27092122  4.18722863  5.52029246  5.30067868
  7.1973787   7.49433281  8.10906011  8.07040284 19.23671987  8.13583446
 13.28127502  0.45248233  2.98680005  3.10548217  3.65210738 12.25687288
  5.0160829   5.25727934  6.68653386]
for indices:
(array([ 966,  967,  968,  969,  970,  971,  972,  973,  974,  975,  976,
        977,  978,  979,  980,  981,  982,  983,  984,  985,  986,  987,
        988,  989,  990,  991,  992,  993,  994,  995,  996,  997,  998,
        999, 1000, 1001, 1002, 1003, 1004, 1005, 1006, 1007, 1008, 1009,
       1010, 1011, 1058, 1059, 1060, 1061, 1062, 1064, 1065, 1083, 1084,
       1087, 1088, 1089, 1090, 1096, 1106, 1108, 1109, 1110, 1111, 1112,
       1113, 1124, 1125, 1126, 1129, 1130, 1131, 1132, 1133, 1136, 1137,
       1138, 1139, 1145, 1146, 1147, 1148, 1149, 1153, 1154, 1155]),)
Ubg < g(x*,p) - tol:
[1.40894405e-01 2.97030383e+00 2.65893135e+00 2.14139944e+00
 1.80672810e+00 1.89503887e+00 1.60964280e+00 1.21735707e+00
 1.30763554e+00 1.75991125e+00 2.35657946e+00 2.83529521e+00
 3.11216229e+00 3.25511544e+00 3.32155646e+00 3.32501309e+00
 3.32000995e+00 3.23002133e+00 3.22206399e+00 3.30393989e+00
 3.37404870e+00 3.44088321e+00 3.54640437e+00 3.55156375e+00
 3.44147218e+00 3.17985950e+00 2.85962437e+00 2.52561495e+00
 2.29941799e+00 2.02952210e+00 1.58993533e+00 1.71249446e+00
 2.04977239e+00 2.37102674e+00 2.61814888e+00 2.88614028e+00
 3.19850914e+00 3.29717969e+00 3.10642748e+00 3.16954588e+00
 3.10971869e+00 2.99344149e+00 3.05087930e+00 2.97630267e+00
 3.01328603e+00 3.06805226e+00 3.14680537e+00 3.19393763e+00
 3.14014404e+00 1.53490137e-01 9.40671852e-01 2.95981960e-01
 9.99985339e-01 9.99987059e-01 2.04229845e-01 9.99999000e-01
 9.99999000e-01 9.99999000e-01 9.99999000e-01 9.99999000e-01
 7.52187541e+01 7.54579417e+01 7.59045257e+01 7.56093344e+01
 7.60081968e+01 7.54677691e+01 7.56641881e+01 7.41382302e+01
 7.34956582e+01 7.33439908e+01 7.33895902e+01 7.23996341e+01
 7.21586373e+01 7.24356232e+01 7.22877054e+01 7.24348607e+01
 7.18755353e+01 7.18421490e+01 7.30694150e+01 7.51601565e+01
 7.65284289e+01 7.78598941e+01 7.87975708e+01 7.86296075e+01
 7.82762231e+01 7.74836635e+01 7.70324232e+01 7.70156463e+01
 7.71549151e+01 7.63086862e+01 7.58167309e+01 7.53613324e+01
 7.53103090e+01 7.44421835e+01 7.40227668e+01 7.33609475e+01
 7.26829363e+01 7.16717976e+01 7.12035072e+01 7.11483291e+01
 7.11604273e+01 7.12063703e+01 7.15979111e+01 7.22936852e+01
 7.29308820e+01 7.35637837e+01 7.46581388e+01 7.51428920e+01
 2.40203172e+01 2.79999990e+01 2.42375713e+01 1.82816769e+01
 1.74829117e+01 1.72575738e+01 1.41866844e+01 1.43215625e+01
 1.46587577e+01 1.53332145e+01 1.43888177e+01 1.42539429e+01
 1.46587184e+01 1.53330647e+01 1.85418446e+01 2.93039998e-07
 3.83723693e-09 3.83723586e-09 3.83723457e-09 3.83723309e-09
 3.83723237e-09 3.83723246e-09 3.83723335e-09 3.83723503e-09
 3.83723755e-09 3.83723986e-09 3.83724196e-09 3.83724386e-09
 3.83724554e-09 3.83724702e-09 3.83724828e-09 3.83724934e-09
 3.83725020e-09 3.83725084e-09 3.83725128e-09 3.83725151e-09
 3.83725153e-09 3.83725135e-09 3.83725095e-09 3.83725035e-09
 3.83725158e-09 3.83725256e-09 3.83725336e-09 3.83725404e-09
 3.83725460e-09 3.83725509e-09 3.83725549e-09 3.83725578e-09
 3.83725600e-09 3.83725613e-09 3.83725616e-09 3.83725598e-09
 3.83725560e-09 3.83725502e-09 3.83725421e-09 3.83725321e-09
 3.83725200e-09 3.83725058e-09 3.83724896e-09 3.83724714e-09
 3.83724511e-09 3.83724288e-09 3.83724042e-09 3.83723777e-09]
for indices:
(array([  16,  384,  385,  386,  387,  388,  389,  390,  391,  392,  393,
        394,  395,  396,  397,  398,  399,  400,  401,  402,  403,  404,
        405,  406,  407,  408,  409,  410,  411,  412,  413,  414,  415,
        416,  417,  418,  419,  420,  421,  422,  423,  424,  425,  426,
        427,  428,  429,  430,  431,  533,  546,  558,  560,  566,  570,
        887,  891,  895,  899,  903, 1300, 1301, 1302, 1303, 1304, 1305,
       1306, 1307, 1308, 1309, 1310, 1311, 1312, 1313, 1314, 1315, 1316,
       1317, 1318, 1319, 1320, 1321, 1322, 1323, 1324, 1325, 1326, 1327,
       1328, 1329, 1330, 1331, 1332, 1333, 1334, 1335, 1336, 1337, 1338,
       1339, 1340, 1341, 1342, 1343, 1344, 1345, 1346, 1347, 1447, 1460,
       1473, 1475, 1481, 1485, 1642, 1643, 1644, 1645, 1662, 1663, 1668,
       1669, 1748, 1769, 1876, 1877, 1878, 1879, 1880, 1881, 1882, 1883,
       1884, 1885, 1886, 1887, 1888, 1889, 1890, 1891, 1892, 1893, 1894,
       1895, 1896, 1897, 1898, 1899, 1900, 1901, 1902, 1903, 1904, 1905,
       1906, 1907, 1908, 1909, 1910, 1911, 1912, 1913, 1914, 1915, 1916,
       1917, 1918, 1919, 1920, 1921, 1922, 1923]),)"
47,contvar.nl,809679.594933076,809679.594933076,1.4339709398336709,303.3542749262415,120.60030468087643,182.75397024536505,104,471,0,6,103,True
48,csched1.nl,-29279.1675994476,-29279.1675994476,0.10862370301038027,0.22119700070470572,0.04409615136682987,0.17710084933787584,2,2,0,2,1,True
49,csched1a.nl,-30279.747114268284,-30279.747114268284,0.04560763714835048,0.02957555279135704,0.015561552252620459,0.014014000538736582,2,2,0,2,1,True
50,csched2.nl,-158092.77551309433,-166247.12660587113,3.9885335420258343,302.3082619868219,104.00259193452075,198.30567005230114,127,448,0,2,126,True
51,csched2a.nl,-159309.57411478402,-160713.54918707733,0.45415067533031106,45.26305198716,5.871056241448969,39.39199574571103,32,89,0,7,31,True
52,deb10.nl,209.42774290705364,209.42774290705364,0.3681459939107299,0.44088296592235565,0.26466041430830956,0.1762225516140461,2,2,0,2,1,True
53,deb6.nl,201.7392614417501,200.82556734649302,1.7181206159293652,21.929953056387603,10.732918518129736,11.197034538257867,5,16,1,3,4,True
54,deb7.nl,118.80932417703326,118.80932417703326,6.155218011699617,300.2372722681612,268.141601359006,32.09567090915516,7,28,19,3,6,True
55,deb8.nl,116.58353464182835,110.58480975313392,5.668848947156221,300.2690708646551,262.68881214782596,37.58025871682912,4,10,1,4,2,True
56,deb9.nl,120.49059750714038,120.49059750714038,4.227860572282225,306.8092613196932,281.01799300825223,25.791268311440945,10,29,17,3,9,True
57,eg_all_s.nl,9.147066204487247,9.147065211997539,18.037750095129013,44.943781255278736,44.15614029718563,0.7876409580931067,5,10,4,3,4,True
58,eg_disc2_s.nl,5.642100351878204,5.589901357189715,18.037640972994268,37.80922041879967,37.00592046510428,0.8032999536953866,5,10,0,3,4,True
59,eg_disc_s.nl,5.760539611019829,5.760539611019829,20.321572323329747,20.287616995163262,19.888919522520155,0.3986974726431072,3,3,1,2,2,True
60,eg_int_s.nl,7.887242853518402,7.887242853518402,20.459832277148962,242.256785125006,239.93669305043295,2.32009207457304,21,23,19,3,20,True
61,ex1221.nl,7.667180068813135,7.667180061604739,3.106866274960339,0.016002266202121973,0.0069258795119822025,0.00907638669013977,2,2,0,2,0,True
62,ex1222.nl,1.076543046303249,1.076543046303249,0.01047903811559081,0.021045962814241648,0.00913568353280425,0.011910279281437397,2,3,0,2,1,True
63,ex1224.nl,-0.9049614980951736,-0.9049614980951736,0.014035145286470652,0.037694812286645174,0.018394543323665857,0.019300268962979317,3,3,0,2,2,True
64,ex1225.nl,31.0,31.0,0.014262786600738764,0.027963702101260424,0.01115826005116105,0.016805442050099373,2,3,0,2,1,True
65,ex1226.nl,-17.000000002485578,-17.000000036229075,0.015031743794679642,0.01974425930529833,0.009115328080952168,0.010628931224346161,2,2,0,2,0,True
66,ex1233.nl,155522.4621405268,155522.4621405268,0.04259460186585784,0.4600677196867764,0.4034375981427729,0.05663012154400349,3,9,0,3,2,True
67,ex1243.nl,98519.01147805208,98519.01147805208,0.0664768130518496,0.4328911006450653,0.39881483744829893,0.034076263196766376,2,6,0,2,1,True
68,ex1244.nl,82042.90520973454,81945.39252699963,0.09820599108934402,1.4361456162296236,1.099599699024111,0.3365459172055125,5,11,1,3,4,True
69,ex1252.nl,134471.56050035323,134470.2631449353,0.04823305876925588,0.47910773241892457,0.40146041521802545,0.07764731720089912,7,15,11,3,6,True
70,ex1252a.nl,134471.5605003532,134471.5605003532,0.03203661693260074,0.22417389880865812,0.16096787014976144,0.06320602865889668,6,11,6,4,5,True
71,ex3pb.nl,68.00974395350963,68.00945021773434,0.031970369163900614,0.37382250698283315,0.22967013018205762,0.14415237680077553,9,28,0,3,8,True
72,feedtray.nl,-13.406005537297986,-13.406005549279207,0.23759652394801378,0.20995225105434656,0.11261765286326408,0.09733459819108248,2,2,0,2,0,True
73,fin2bb.nl,9.735257085812625e-17,1.5259023990765456e-15,4.117528417147696,30.198377176653594,14.651362020522356,15.547015156131238,3,4,0,3,0,True
74,gastrans.nl,89.08583979013146,89.08583978999103,0.20139915216714144,0.38996940199285746,0.24327169731259346,0.146697704680264,2,2,0,2,0,True
75,gastrans040.nl,0.0,0.0,0.6367724570445716,2.7266979748383164,0.43377456208691,2.2929234127514064,2,4,0,2,1,True
76,gastrans135.nl,0.0,0.0,9.29561770381406,90.54707925999537,66.51283962326124,24.034239636734128,2,6,1,2,1,True
77,gear4.nl,80.69860536391624,109.228749628889,0.1525975288823247,0.2230538227595389,0.1282984921708703,0.09475533058866858,5,17,0,5,4,True
78,ghg_1veh.nl,7.7816347774115995,7.781634778727874,0.08548024017363787,0.05140482308343053,0.03567542089149356,0.01572940219193697,2,2,0,2,0,True
79,ghg_2veh.nl,7.770904507805553,7.770904502956747,0.20384730771183968,0.20755757996812463,0.1796523188240826,0.027905261144042015,2,3,0,2,1,True
80,ghg_3veh.nl,7.781124788229996,7.781123129834559,0.43509069085121155,1.7221410577185452,1.560797722544521,0.1613433351740241,2,3,0,2,1,True
81,gkocis.nl,-1.9230988288847426,-1.9230988288847426,0.0598483681678772,0.05145324673503637,0.024370509665459394,0.02708273706957698,3,5,0,3,2,True
82,hadamard_4.nl,-7.494096406374967e-09,-7.494096406374967e-09,0.02895298507064581,0.014488402754068375,0.005854857619851828,0.008633545134216547,2,2,0,2,0,True
83,hadamard_5.nl,-7.494096406374967e-09,-7.494096406374967e-09,0.15064283413812518,0.020837456919252872,0.009483986999839544,0.011353469919413328,2,2,0,2,0,True
84,hadamard_6.nl,-7.494096406374967e-09,-7.494096406374967e-09,1.507161654997617,0.10421503009274602,0.07640435360372066,0.027810676489025354,2,2,0,2,0,True
85,hadamard_7.nl,-7.494096406374967e-09,-7.494096406374967e-09,16.214950839057565,1.0291520818136632,0.8323777192272246,0.19677436258643866,2,2,0,2,0,True
86,hadamard_8.nl,-7.494096406374967e-09,-7.494096406374967e-09,204.077176369261,12.56374503299594,9.958402168937027,2.605342864058912,2,2,0,2,0,True
87,heatexch_gen1.nl,595268.5021631129,43007.470147727276,28.30888605536893,5.284449729602784,5.037408301606774,0.2470414279960096,2,7,4,2,0,True
88,heatexch_spec1.nl,154997.33363762926,154997.33281645726,0.10374129796400666,0.31134102027863264,0.26063739554956555,0.05070362472906709,3,9,0,3,2,True
89,heatexch_spec2.nl,634976.3287780631,634976.3287780631,0.07637756783515215,0.7393965446390212,0.541744374204427,0.19765217043459415,2,5,0,2,1,True
90,hybriddynamic_var.nl,1.536415142589554,1.536415142589554,0.07393652014434338,0.16065396694466472,0.05432796524837613,0.10632600169628859,2,3,0,2,1,True
91,johnall.nl,-224.73016203509988,-224.73016203487933,14.412921749986708,3.1884214570745826,1.6260871505364776,1.562334306538105,2,3,0,2,0,True
92,kan_peaks_h1_n2_g24.nl,0.7148756042678313,0.7871483054646816,5.015741377137601,20.596025083679706,7.247768070548773,13.348257013130933,2,5,0,2,1,True
93,kan_peaks_h1_n2_g3.nl,-3.1861971782521197,-3.132713756700046,0.6212439220398664,1.212463071104139,0.6939356690272689,0.5185274020768702,2,2,0,2,0,True
94,kan_peaks_h1_n5.nl,0.3584775277017778,0.3584775277017778,13.282726710662246,59.773438605014235,34.440200871787965,25.33323773322627,2,5,0,2,1,True
95,kan_r3_h1_n3.nl,1.2992474008736479,2.034293782647905,5.662152493838221,26.584749781992286,9.492571080569178,17.09217870142311,2,5,0,2,0,True
96,kan_r3_h1_n9.nl,0.6284150103688221,0.6284093432677109,121.98146054614335,138.89204371487722,67.82834947574884,71.06369423912838,2,3,0,2,0,True
97,kan_r5_h1_n3.nl,65.0962356545122,65.09605704973688,5.955186948180199,27.224148287903517,10.334668857511133,16.889479430392385,2,3,0,2,0,True
98,kan_r5_h1_n5.nl,1.9182417804727385,4.057763515796714,20.11786480108276,45.40271567925811,12.727035180665553,32.675680498592556,2,3,0,2,1,True
99,kan_r5_h1_n8.nl,49.51383811020612,53.62325336764769,88.08005299186334,96.94963389076293,33.25199243891984,63.69764145184308,2,3,0,2,0,True
100,kport20.nl,34.82946508849911,31.101350959280005,0.5953229288570583,300.1850642641075,275.78812920767814,24.396935056429356,110,545,534,3,108,True
101,kport40.nl,37.62534754086224,37.37476519917892,0.7185034537687898,7.171693110372871,3.8085895432159305,3.3631035671569407,3,10,3,2,2,True
102,lip.nl,-5510651.864471845,8.178702023161422e-08,0.12635265104472637,0.28767370665445924,0.25987714203074574,0.027796564623713493,2,4,1,2,1,True
103,mbtd.nl,10.33339922587385,10.33339922587385,422.98754312098026,141.57455152692273,137.99983527092263,3.5747162560001016,2,6,0,2,1,True
104,multiplants_mtg1a.nl,-391.6133684244194,-391.5350304344096,15.003201760351658,5.14020209480077,4.404351021628827,0.7358510731719434,3,11,0,3,1,True
105,multiplants_mtg1b.nl,-450.33452654846917,-450.6880298668749,0.6038991990499198,12.195301169063896,11.467468242160976,0.72783292690292,3,11,1,3,2,True
106,multiplants_mtg1c.nl,-683.971188563662,-683.9715233568129,0.8814230728894472,5.659045652020723,3.8566433931700885,1.802402258850634,2,6,0,2,1,True
107,multiplants_mtg2.nl,-7086.189444826403,-7086.189444826403,0.8400999130681157,4.546763801947236,3.4010575860738754,1.1457062158733606,2,6,0,2,1,True
108,multiplants_mtg5.nl,-5922.519457502908,-5922.519457502908,0.539564446080476,19.515776101034135,18.85092881275341,0.6648472882807255,3,11,1,3,2,True
109,multiplants_mtg6.nl,-5269.566423850366,-5305.326713046252,1.8942909869365394,90.18346367403865,85.83826781483367,4.345195859204978,2,6,1,2,1,True
110,multiplants_stg1.nl,-354.6631870753053,-358.1831249381034,1.6158816167153418,114.08326067402959,102.86767908744514,11.215581586584449,6,24,0,4,5,True
111,multiplants_stg1a.nl,-390.9655226479612,-394.81331806565373,1.778666946105659,228.69655210897326,205.35360907251015,23.34294303646311,36,164,0,3,35,True
112,multiplants_stg1b.nl,-467.77252650516715,-471.65260106715715,2.4761709356680512,64.42735215323046,50.082559808623046,14.344792344607413,4,16,0,4,3,True
113,multiplants_stg1c.nl,-697.6453442653849,-703.1950201042309,2.6622571079060435,48.53131486102939,37.78621287457645,10.745101986452937,9,36,0,2,8,True
114,multiplants_stg5.nl,-5833.936975794329,-5891.392261958192,1.9118811008520424,101.99534750822932,91.45683054439723,10.53851696383208,5,17,0,3,4,True
115,multiplants_stg6.nl,-5166.121304475787,-5206.468424305333,11.390642625745386,115.0231943228282,101.94140671286732,13.081787609960884,2,4,0,2,1,True
116,nvs01.nl,12.46966882156821,12.46966882156821,0.06000120099633932,0.041635884903371334,0.02006090758368373,0.021574977319687605,3,5,2,3,1,True
117,nvs05.nl,16.8266994600507,7.377317748195004,0.019693174865096807,0.31870433036237955,0.3041437417268753,0.014560588635504246,2,3,2,2,1,True
118,nvs08.nl,23.4497273467636,23.4497273467636,0.019022462889552116,0.02694131201133132,0.011472148355096579,0.015469163656234741,2,5,0,2,1,True
119,nvs21.nl,-4.85101451327195,-4.85101451327195,0.01021320978179574,0.030873820185661316,0.013305393047630787,0.01756842713803053,3,4,0,2,2,True
120,nvs22.nl,6.05822,6.05822,0.01767997397109866,0.07601728336885571,0.05389373376965523,0.022123549599200487,3,6,2,2,2,True
121,parallel.nl,924.2915486852484,924.2915486852484,0.1351599618792534,3.1766408514231443,0.43921878654509783,2.7374220648780465,2,6,0,2,1,True
122,pooling_epa1.nl,-280.8056029557971,169.2148144620819,0.4083226518705487,2.092031292617321,1.3447413803078234,0.7472899123094976,2,3,0,2,1,True
123,pooling_epa2.nl,-3433.6788485297084,-1384.0154195402029,0.9415102112106979,17.977254025172442,14.097339202649891,3.879914822522551,2,4,1,2,1,True
124,pooling_epa3.nl,-14010.520185836385,-12965.80441907105,7.231193963903934,66.14523037523031,34.196025541983545,31.949204833246768,3,5,0,3,2,True
125,procsel.nl,-1.411002128193271,-1.411002128193271,0.2352126589976251,0.02008356899023056,0.008538872003555298,0.011544696986675262,2,2,0,2,1,True
126,saa_2.nl,12.191509788496791,12.191509788496791,350.98678327025846,351.49358426919207,144.19476987281814,207.29881439637393,3,7,0,3,2,True
127,sepasequ_complex.nl,368.73442054428114,417.77429531869524,10.751100939698517,64.24878556514159,51.574059690348804,12.674725874792784,3,10,0,3,2,True
128,sepasequ_convent.nl,429.7275661819858,429.7275661819858,3.3297208850272,26.506393808871508,13.134489851538092,13.371903957333416,2,2,0,2,1,True
129,sfacloc1_2_80.nl,12.918564130008527,12.918564130008527,2.0552912219427526,5.790884880814701,3.7100670631043613,2.08081781771034,3,7,0,3,2,True
130,sfacloc1_2_90.nl,17.984155621599637,17.963400129523787,0.41771703120321035,0.8646636810153723,0.4395737894810736,0.42508989153429866,2,5,0,2,1,True
131,sfacloc1_2_95.nl,18.850070175441356,18.85007020949694,0.17574494518339634,0.4986733556725085,0.19319632882252336,0.3054770268499851,2,2,0,2,0,True
132,sfacloc1_3_80.nl,8.608684691592169,8.608684691592169,2.1288648690097034,12.439489896409214,6.828958316706121,5.610531579703093,3,7,0,3,2,True
133,sfacloc1_3_90.nl,11.900051431868313,11.900051431868313,0.7294069929048419,3.326003270689398,0.49813975440338254,2.8278635162860155,2,2,0,2,1,True
134,sfacloc1_3_95.nl,12.456719378172272,12.456719419609989,0.41212631901726127,1.8421435160562396,0.3622077126055956,1.479935803450644,2,2,0,2,0,True
135,sfacloc1_4_80.nl,8.076885174530148,8.413667482827234,2.4236524919979274,26.08694112068042,18.598714536521584,7.488226584158838,3,9,0,3,1,True
136,sfacloc1_4_90.nl,11.145754337157246,11.859855241614245,0.6394514013081789,3.939682248979807,0.8180078864097595,3.1216743625700474,2,2,0,2,0,True
137,sfacloc1_4_95.nl,11.256016108211245,11.682879156374616,0.36742095183581114,3.9897731277160347,0.6463485201820731,3.3434246075339615,2,2,0,2,0,True
138,sfacloc2_2_80.nl,13.301607921648436,13.301607921648436,3.5115120941773057,6.043736279942095,3.3788977218791842,2.664838558062911,2,6,0,2,1,True
139,sfacloc2_2_90.nl,18.755627629238926,18.662413575606116,0.8195752580650151,1.8903883257880807,0.610623971093446,1.2797643546946347,2,5,0,2,1,True
140,sfacloc2_2_95.nl,19.63578311934752,19.575916864948354,0.4091286142356694,0.9609979162923992,0.425202498678118,0.5357954176142812,2,4,0,2,1,True
141,sfacloc2_3_80.nl,11.346262040738619,11.346262040738619,4.188188322819769,12.010267609730363,4.614952097646892,7.395315512083471,3,9,0,3,2,True
142,sfacloc2_3_90.nl,15.80347036590109,15.79693484424389,1.1227195272222161,5.024524164386094,0.8459028746001422,4.178621289785951,2,4,0,2,1,True
143,sfacloc2_3_95.nl,16.729037141363168,16.711225121882414,0.6740889148786664,6.509449284989387,3.9079311033710837,2.601518181618303,2,3,0,2,1,True
144,sfacloc2_4_80.nl,13.2719960686983,13.305571526494868,5.0895902048796415,15.335262247361243,4.264140208251774,11.071122039109468,3,8,0,3,1,True
145,sfacloc2_4_90.nl,20.410820069452235,20.565096022129943,0.946281102951616,7.456090320833027,0.7630182770080864,6.693072043824941,3,7,0,3,1,True
146,sfacloc2_4_95.nl,17.365270952992635,17.290326712056327,0.615805537905544,3.9385954989120364,0.2686512693762779,3.6699442295357585,2,2,0,2,1,True
147,spring.nl,1.019707956821128,1.019707956821128,0.051912507973611355,0.1794797801412642,0.12835238873958588,0.051127391401678324,4,11,3,3,3,True
148,st_e15.nl,7.667180068813135,7.667180061604702,0.022753375116735697,0.01866638008505106,0.009329947177320719,0.009336432907730341,2,2,0,2,0,True
149,st_e29.nl,-0.9049614980951736,-0.9049614980951736,0.015780260786414146,0.03983614407479763,0.020428235176950693,0.019407908897846937,3,3,0,2,2,True
150,st_e32.nl,-1.4304072818874314,-1.4304072819422575,0.07251155329868197,0.21358901588246226,0.19216955546289682,0.02141946041956544,2,3,0,2,1,True
151,st_e36.nl,-244.84344322500846,-198.7880000000055,0.026632380206137896,0.041252432856708765,0.0313532673753798,0.009899165481328964,2,2,0,2,0,True
152,st_e38.nl,7197.7271168279385,7197.7271122335715,0.01481331791728735,0.01836409419775009,0.008291851729154587,0.010072242468595505,2,2,0,2,0,True
153,supplychainp1_020306.nl,437551.64259048045,437551.6425904803,0.1523344237357378,1.2319685807451606,0.2001022007316351,1.0318663800135255,2,6,0,2,1,True
154,supplychainp1_022020.nl,1784498.1401788709,1783552.1176844663,70.41192941833287,181.77135621896014,73.06942808488384,108.7019281340763,2,6,0,2,1,True
155,supplychainp1_030510.nl,860440.8575779061,860440.8575779061,1.9699825011193752,17.656463735271245,2.0761132980696857,15.58035043720156,2,6,0,2,1,True
156,supplychainr1_020306.nl,593974.6145857285,625746.0808281596,0.16971088806167245,2.0390422861091793,1.4227209407836199,0.6163213453255594,4,12,6,4,2,True
157,supplychainr1_022020.nl,2458364.21989613,2458364.21989613,35.402667502872646,306.3847916619852,141.42799756117165,164.95679410081357,10,36,26,8,3,True
158,supplychainr1_030510.nl,886799.9006097147,886799.9006097141,0.6805462338961661,5.31421162514016,1.069399998523295,4.244811626616865,2,5,0,2,1,True
159,synheat.nl,154997.33365824624,154997.33172104735,0.11975380498915911,0.6058594733476639,0.5191401527263224,0.08671932062134147,4,14,0,3,3,True
160,tanksize.nl,1.2686437708644465,1.2686437708644465,0.0905967396683991,0.2131938706152141,0.17274347133934498,0.04045039927586913,3,4,1,2,2,True
161,transswitch0014p.nl,8082.581682062387,8082.581682062386,0.47608503699302673,0.48325174301862717,0.22038377216085792,0.26286797085776925,2,2,0,2,1,True
162,transswitch0030p.nl,573.9181315327788,573.9181315327788,1.2796168411150575,4.196160032879561,0.7502743504010141,3.445885682478547,2,2,0,2,1,True
163,transswitch0039p.nl,41866.12316908696,41866.12316908696,2.481343257240951,5.257634359877557,0.9544984819367528,4.303135877940804,2,2,0,2,1,True
164,transswitch0118p.nl,129467.74661174262,129467.7466117426,17.963071145117283,46.30236382083967,12.117864715866745,34.18449910497293,2,3,0,2,1,True
165,tspn05.nl,191.25520765854355,191.25520765854355,0.6449434659443796,0.05064035300165415,0.02680446533486247,0.023835887666791677,2,2,0,2,1,True
166,tspn08.nl,290.56685370649546,290.6202936106877,0.0877366098575294,0.7552756271325052,0.7231191536411643,0.032156473491340876,2,2,1,2,1,True
167,tspn10.nl,235.15620743422534,235.15620743422534,0.1317539601586759,0.20330105908215046,0.16152688674628735,0.04177417233586311,2,2,0,2,1,True
168,tspn12.nl,265.85789403710646,265.85789403710646,0.2089658179320395,0.4994454332627356,0.15857479767873883,0.3408706355839968,2,2,0,2,1,True
169,tspn15.nl,328.90696436131043,332.0459907567525,0.48136701062321663,3.3852727580815554,2.943464946001768,0.44180781207978725,2,2,1,2,1,True
170,unitcommit2.nl,584837.0462219605,558319.0598169108,162.68965573702008,301.09002412483096,210.64643420418724,90.44358992064372,17,80,0,6,16,True
171,var_con10.nl,444.2137949070794,442.50093449858673,3.942921468988061,18.553434893023223,6.958711307495832,11.59472358552739,5,12,0,2,4,True
172,var_con5.nl,278.1447507913739,275.67335297621463,4.232759605627507,32.37931747129187,16.708589925430715,15.670727545861155,8,26,2,2,7,True
173,wastepaper3.nl,0.6489999508915237,0.6489999508915237,0.28762518567964435,1.0708949761465192,0.9137520492076874,0.1571429269388318,9,26,17,9,2,True
174,wastepaper4.nl,0.18654386993871164,0.1865438550957833,0.11921453988179564,1.8726374488323927,1.0047941748052835,0.8678432740271091,5,14,9,5,2,True
175,wastepaper5.nl,0.18654386819885452,0.18649889366697886,0.21010908717289567,3.0068486952222884,1.807060874067247,1.1997878211550415,7,23,17,7,2,True
176,wastepaper6.nl,0.04639127451330701,0.08532985496865704,0.31801052298396826,7.590375185012817,5.267294701188803,2.3230804838240147,12,43,31,10,5,True
177,water4.nl,972.5457163594989,757.4554846933684,0.6423768242821097,301.573871685192,184.73081377334893,116.84305791184306,110,546,96,2,109,True
178,waternd1.nl,691650.6952466364,691650.6952466363,0.13202796783298254,0.6896160920150578,0.33477515587583184,0.35484093613922596,2,4,0,2,1,True
179,waternd2.nl,1062715.0833730968,1062895.2439441467,0.6211914401501417,3.6446396806277335,1.7795964861288667,1.8650431944988668,2,2,0,2,0,True
180,waterno2_01.nl,133.10741963763584,133.10741963763584,0.2770775989629328,0.49416328966617584,0.12407925259321928,0.37008403707295656,2,3,0,2,1,True
181,waterno2_02.nl,266.3193998145,267.2411786503483,0.8201657123863697,5.930302252061665,0.34915845515206456,5.5811437969096005,3,3,0,3,1,True
182,waterno2_03.nl,399.0836980652857,399.0836980652857,1.0650645950809121,13.331352528184652,0.9528935188427567,12.378459009341896,3,5,0,3,2,True
183,waterno2_04.nl,651.4256227645496,651.425622764548,2.760638415813446,40.81385302403942,3.6386657836847007,37.17518724035472,5,9,4,5,2,True
184,waterno2_06.nl,-inf,FAILED,"Objective value wrong, with error 2768.0854889921834
Lbg > g(x*,p) + tol:
[2.78567106e-05 3.04792333e-05 3.13092542e-05 3.09724316e-05
 1.45115045e-05 1.45114997e-05 1.45114978e-05 1.45114984e-05
 1.45114971e-05 1.45116303e-05 1.45123306e-05 1.45123255e-05
 1.45123232e-05 1.45123234e-05 1.45123224e-05 1.45124526e-05
 7.06644911e-01 2.91021522e-01 7.04407336e-01 2.93251790e-01
 2.93230839e-01 7.02241430e-01 2.95390008e-01 2.95379456e-01
 7.00131285e-01 2.97494011e-01 2.97483384e-01 2.97472757e-01
 6.98059933e-01 2.99538276e-01 2.99527575e-01 6.95988624e-01
 3.01582362e-01 2.52829478e-01 7.47109262e-01 7.05265588e-05
 2.52529378e-01 7.05568478e-05 2.52663540e-01 7.47275187e-01
 2.53398261e-01 7.46540525e-01 7.04759088e-05 2.55940141e-01
 7.43998848e-01 7.02321470e-05 3.07252618e-01 6.92701392e-01
 6.92676833e-01 3.85836542e-01 5.11542781e-05 3.85836542e-01
 5.11560180e-05 3.85836543e-01 5.11575655e-05 3.85836543e-01
 8.19437358e-05 5.11586877e-05 3.85836543e-01 8.19447889e-05
 5.11581798e-05 3.85836548e-01 5.11284069e-05 4.86769082e-01
 4.70720139e-01 4.70694411e-01 4.86745341e-01 4.86722900e-01
 4.70762493e-01 4.70736763e-01 4.86699943e-01 4.70783547e-01
 4.70757816e-01 4.86676727e-01 4.70804840e-01 4.70779107e-01
 4.86656112e-01 4.41323799e-05 9.45143714e-05 1.05314201e-04
 6.00000360e-07 1.58142641e-03 1.58142357e-03 1.58142031e-03
 1.58141090e-03 1.58851273e-03 1.58849875e-03 1.59560218e-03
 2.48043100e-01 3.99912452e-01 3.99912453e-01 3.99912455e-01
 3.99912476e-01 1.98772431e-02 1.98772440e-02 1.98892741e-02
 1.98892751e-02 9.99999000e-01 9.99999000e-01 9.99999000e-01
 3.91189316e-02 2.48566518e-03 1.92786895e-03 1.73038798e-03
 1.81554543e-03 1.41415132e-05 3.89272496e-02 3.23562986e-05
 3.41753608e-05 3.43047775e-05 3.44012998e-05 3.43712102e-05
 1.45189950e-05 1.45189900e-05 1.45189879e-05 1.45189882e-05
 1.45189872e-05 1.45191167e-05 1.45168008e-05 1.45167956e-05
 1.45167932e-05 1.45167934e-05 1.45167924e-05 1.45169248e-05
 2.50768133e-06 2.50772154e-06 2.50779522e-06 2.50787533e-06
 2.50781106e-06 2.50904352e-06]
for indices:
(array([  68,   70,   72,   74,   78,   80,   82,   84,   86,   88,   90,
         92,   94,   96,   98,  100,  136,  138,  150,  151,  153,  164,
        166,  167,  178,  179,  180,  181,  192,  194,  195,  206,  209,
        217,  218,  219,  227,  229,  237,  238,  247,  248,  249,  257,
        258,  259,  267,  268,  269,  277,  279,  287,  289,  297,  299,
        307,  308,  309,  317,  318,  319,  327,  329,  337,  338,  339,
        347,  357,  358,  359,  367,  368,  369,  377,  378,  379,  387,
        413,  486,  492,  494,  514,  516,  518,  519,  521,  525,  526,
        540,  544,  545,  546,  549,  557,  561,  563,  567,  863,  868,
        876,  898,  899,  900,  901,  902,  903,  929, 1150, 1152, 1154,
       1156, 1158, 1162, 1164, 1166, 1168, 1170, 1172, 1174, 1176, 1178,
       1180, 1182, 1184, 1222, 1223, 1224, 1225, 1226, 1227]),)
Ubg < g(x*,p) - tol:
[1.49812778e-03 5.89920853e-05 7.08966082e-01 7.08986874e-01
 7.06756685e-01 7.04597440e-01 7.00449023e-01 6.98394090e-01
 6.98404864e-01 3.54833505e-02 2.92680356e-05 3.21980637e-02
 2.24204506e-03 3.09229543e-05 2.03464720e-03 2.52588662e-01
 1.73572256e-03 3.10384878e-05 1.57504631e-03 9.99927455e-01
 1.55600302e-03 3.11155487e-05 1.41149068e-03 1.63139907e-03
 3.10517945e-05 1.47820636e-03 2.78459163e-07 1.21914139e-05
 1.05528988e-05 1.21895488e-05 8.68620169e-08 8.82025695e-06
 9.99916053e-01 2.78380763e-07 1.21914097e-05 1.05504674e-05
 1.21895444e-05 8.67952619e-08 8.81819020e-06 9.99916054e-01
 2.78319490e-07 1.21914079e-05 1.05483500e-05 1.21895424e-05
 8.67430522e-08 8.81639037e-06 9.99916055e-01 2.78273600e-07
 1.21914082e-05 1.05468411e-05 1.21895425e-05 8.67039323e-08
 8.81510772e-06 2.78283041e-07 1.21914073e-05 1.05475636e-05
 1.21895417e-05 8.67120292e-08 8.81572189e-06 2.81255973e-07
 1.21915174e-05 1.05911315e-05 1.21896542e-05 8.92398964e-08
 8.85275554e-06 9.99916074e-01 5.29256088e-01 5.29281817e-01
 5.29174251e-01 5.29199985e-01 3.28252679e-06 1.98416575e-01
 1.98416578e-01 1.98409486e-01 1.98409489e-01 1.98409490e-01
 1.98409492e-01 1.98402399e-01 1.98402401e-01 1.98402402e-01
 1.98402404e-01 1.98402413e-01 4.42704901e-01 4.49928998e-01
 4.51952927e-01 4.51338543e-01 2.88675686e-01 3.91459549e-02
 2.51269254e-03 1.75742136e-03 1.84257764e-03 2.88926176e-01
 8.55437284e-05 8.55448878e-05 6.58598871e-05 6.58591405e-05
 6.58585472e-05 6.58581593e-05 6.58583649e-05 6.58745098e-05
 2.20120758e-01 2.20120756e-01 2.20120756e-01 2.20120756e-01
 2.20108726e-01 2.20108725e-01 2.20108725e-01 2.20108724e-01
 1.58142641e-03 1.58142357e-03 1.58142031e-03 1.58141090e-03
 1.58851273e-03 1.58849875e-03 1.59560218e-03 9.19501251e-06
 2.48049924e-01 3.99924061e-01 3.99924062e-01 3.99924063e-01
 3.99924080e-01 1.98772431e-02 1.98772440e-02 1.98892741e-02
 1.98892751e-02 1.92714814e-01 1.99938911e-01 2.01962839e-01
 2.01348455e-01 3.86836244e-02 5.82322169e-06 5.82341567e-06
 5.82369451e-06 5.82364262e-06 3.89385470e-02 1.06078497e-05
 1.06080336e-05 6.24965203e-06 6.24997423e-06 6.25026520e-06
 6.25047902e-06 6.25037832e-06 6.24512433e-06 6.61367731e-02
 6.93335401e-02 1.07414896e-01 1.07482066e-01 1.07184580e-01
 1.06153874e-01 8.48254342e-02 1.62807402e-05 1.62808944e-05
 1.00639070e-01 1.00663084e-01 1.00675021e-01 1.00687092e-01
 2.98891215e+00 2.61555757e+00 2.25451896e+00 2.07346396e+00
 2.80035989e+00 2.07372002e+00 2.98942004e+00 2.77714748e+01
 1.43495490e+01 1.46800115e+01 1.49491381e+01 5.46789502e+00
 5.48779723e+00 4.31250209e+00 5.48811455e+00 4.31281941e+00]
for indices:
(array([  66,   67,  137,  139,  152,  165,  193,  207,  208,  212,  213,
        216,  222,  223,  226,  228,  232,  233,  236,  239,  242,  243,
        246,  252,  253,  256,  270,  271,  272,  273,  275,  276,  278,
        280,  281,  282,  283,  285,  286,  288,  290,  291,  292,  293,
        295,  296,  298,  300,  301,  302,  303,  305,  306,  310,  311,
        312,  313,  315,  316,  320,  321,  322,  323,  325,  326,  328,
        348,  349,  388,  389,  498,  569,  571,  574,  576,  577,  578,
        581,  582,  583,  584,  585,  586,  588,  589,  590,  591,  592,
        593,  595,  596,  597,  601,  602,  604,  605,  606,  607,  608,
        609,  610,  612,  613,  614,  616,  618,  619,  620,  676,  678,
        680,  681,  683,  687,  688,  695,  702,  706,  707,  708,  711,
        719,  723,  725,  729,  802,  804,  805,  806,  807,  808,  809,
        811,  812,  813,  817,  818,  820,  821,  822,  823,  824,  825,
        839,  841,  844,  846,  847,  848,  849,  853,  854,  856,  858,
        859,  860,  964,  966,  968,  969,  971,  975,  976,  990,  994,
        995,  996,  999, 1007, 1011, 1013, 1017]),)"
185,waterx.nl,968.2052847706104,963.9148519128746,0.12711375812068582,0.2466520774178207,0.2255669618025422,0.021085115615278482,2,2,0,2,1,True
186,windfac.nl,0.7499999911057013,0.11826203285836179,0.032305141910910606,300.1976513550617,54.58189646387473,245.61575489118695,1517,3034,1517,2,1516,True
