name,primalbound,cvx_bonmin.obj,cvx_bonmin.load_time,cvx_bonmin.calc_time,cvx_bonmin.solver_time,cvx_bonmin.python_time,cvx_bonmin.iter_nr,cvx_sbmiqp.obj,cvx_sbmiqp.dual_obj,cvx_sbmiqp.load_time,cvx_sbmiqp.calc_time,cvx_sbmiqp.iter_nr,cvx_sbmiqp.NLP_runs,cvx_sbmiqp.FNLP_runs,cvx_sbmiqp.MIQP_runs,cvx_sbmiqp.MILP_runs,cvx_gurobi.obj,cvx_gurobi.dual_obj,cvx_gurobi.calc_time,cvx_scip.obj,cvx_scip.dual_obj,cvx_scip.calc_time,cvx_shot.obj,cvx_shot.dual_obj,cvx_shot.calc_time,cvx_shot.NLP_runs,cvx_shot.MIP_runs,cvx_shot.relaxed_MIP_runs
batch,285506.5082,285506.5082441529,0,0.28131867572665215,0.24392900000000167,0,0,285506.50498104404,285506.50498104404,1.0470394045114517e-06,0.08914212102536112,2,5,0,2,1,285506.50824409,285439.2334564008,0.06827,285506.5082439559,282735.915155506,0.388102,285506.91057224385,285506.46608572738,0.110934329,3,0000,390
batch0812,2687026.784,2687026.7842479367,0,1.3968832744285464,0.5581770000000116,0,0,2944490.714678177,2944490.714678177,0.1751520539401099,0.27845335903111845,3,5,1,3,2,2702301.4715899015,2678869.934685793,0.04828,2687026.7844078485,2660956.101105834,0.234793,2705842.8525372744,2687024.720533364,0.31709796199999996,8,0010,280
batchdes,167427.6571,167427.65711474538,0,0.07231346424669027,0.06137699999999996,0,0,167427.65337972456,167427.65337972456,0.025213591987267137,0.028569199959747493,2,3,0,2,1,167427.6571147706,167358.1632579224,0.012643999999999999,167427.6563284942,167427.6567828456,0.023957,167427.73779460439,167424.82743779561,0.047965545,2,0000,90
clay0203hfsg,41573.26252,41573.26252221283,0,5.881175769492984,1.509586999999963,0,0,41573.26250375058,41176.73908167605,0.09625871910247952,1.68746564805042,5,18,13,3,3,41573.262522401696,41459.57183353081,0.7100660000000001,41573.262522035075,41573.26252203507,1.054407,41573.072310041483,41573.072310041483,0.274896144,3,0010,30
clay0204hfsg,6545.0,6545.000000000707,0,20.93626103643328,6.393969999998204,0,0,6604.99996345,6544.944940000013,0.2663724890444428,3.7849788289749995,2,6,4,2,1,6545,6545,0.916478,6545,6545,3.668378,6544.9998820007277,6544.9998820007277,1.003186833,4,0010,30
clay0205hfsg,8092.5,8092.500000000955,0,302.9323520520702,98.05686099988861,0,0,8092.499956870159,8084.9858812575185,0.6352927010739222,91.48672629101202,4,12,3,3,1,8092.499998921639,8011.80237137899,12.887191,8092.5,8012.500000000001,21.546509,8092.499859901237,8092.499859901237,3.778141318,3,0010,30
clay0303hfsg,26669.10957,26669.109572486403,0,7.253073371946812,1.9490380000001508,0,0,26669.10955101354,26669.032861746942,0.12475532095413655,5.018356802989729,8,34,28,7,3,26669.109572740843,26458.10032464017,0.6625510000000001,26669.109572280402,26669.1095722804,2.6230990000000003,26669.092175553928,26669.092175553928,0.979395187,5,0010,120
clay0304hfsg,40262.38753,40262.38753060858,0,97.51774627715349,28.290127999980584,0,0,40262.38749393643,39888.73058071691,0.31304511602502316,17.772355577908456,10,41,33,7,5,40262.3875307319,39879.81304499139,8.678494,40262.38753020098,40262.38753020098,8.365646,40262.387440997947,40262.387440997947,4.831015237,10,0010,80
clay0305hfsg,8092.5,8320.0000000009,0,302.7536187181249,101.98047099996293,0,0,8092.499956698056,8092.436447471299,0.7456144930329174,122.35099858709145,5,15,6,4,2,8092.5,8012.688940202791,12.86982,8092.499966935132,8092.499966935132,27.649364,8092.4998599011451,8092.4998599011451,6.820155356,8,0010,140
cvxnonsep_normcon20,-21.74914736,-21.749147363703806,0,0.032731592655181885,0.038281,0,0,-21.7491473846331,-21.82222547389317,0.024528457899577916,0.020950644044205546,2,2,0,2,1,-21.731620894918212,-21.76306471678597,0.013292,-21.749147364359114,-21.74924416566666,0.038187,-21.719247990639417,-21.750459154164165,0.021526086,0,0000,00
cvxnonsep_normcon30,-34.24396574,-34.24396574092516,0,0.05248631536960602,0.09704499999999999,0,0,-34.2275120670215,-34.428749859066556,0.017220955924130976,0.02325890597421676,2,2,0,2,1,-34.23926411367677,-34.24642479015976,0.014382,-34.23043478999999,-34.26189063375,0.017483000000000002,-34.243965742743029,-34.243968726399672,0.028475537,1,0000,00
cvxnonsep_normcon40,-32.62966972,-32.629669716769314,0,0.07080560084432364,0.16576300000000005,0,0,-32.6296697474825,-32.88554272835089,0.02459351997822523,0.02858152100816369,2,2,0,2,1,-32.62966848824743,-32.63323863687672,0.015177,-32.629655769396265,-32.62966975433859,0.04937599999999996,-32.629669718429504,-32.629672354984017,0.033069458,1,0000,00
cvxnonsep_nsig20,80.94929546,80.94929545987223,0,0.04136878065764904,0.04750599999999999,0,0,80.9492946574176,80.81583433225808,0.013775872997939587,0.020580645999871194,2,2,0,2,1,81.5817021116515,80.76929550587813,0.036597000000000005,80.9651940805831,80.17169218132975,38.982749999999996,80.999857231192038,80.340555408788731,0.085984744,4,0010,30
cvxnonsep_nsig20r,80.94929546,80.9492954596234,0,0.04646598547697067,0.04117,0,0,81.49159484565594,80.81581789826072,0.01666798908263445,0.12810998503118753,5,11,0,5,0,81.27573104790591,80.68998022595089,0.028103,81.0814978336423,80.94899210294963,0.061873,80.989026230704965,80.711851496786849,0.174943293,4,0010,30
cvxnonsep_nsig30,130.6287126,130.62871264096864,0,0.05923274718225002,0.10607000000000001,0,0,130.65033700034454,130.47997176012416,0.017796376952901483,0.021401196951046586,2,2,0,2,0,130.73847192950646,129.4357201495071,0.037924,131.3243854397202,110.1217857903046,301.154833,130.960522840875,130.30354926105841,0.063447467,2,0000,30
cvxnonsep_nsig30r,156.4266874,156.42667285391616,0,0.07904196437448263,0.08656400000000017,0,0,157.24837347429536,156.2343211644331,0.023583212052471936,0.1634247440379113,5,7,1,5,0,156.78668563904648,155.3959024049933,0.04248,157.01569379227624,156.4216247519655,0.082015,156.89468005713294,155.99462477591624,0.129920212,3,0000,30
cvxnonsep_nsig40,133.9613305,133.96133047158767,0,0.07919127494096756,0.19080800000000006,0,0,133.96132894832803,133.74494901551313,0.025280397036112845,0.03006953001022339,2,2,0,2,1,134.44675364149853,133.1074405799876,0.053203,137.6722249201577,107.4435506803869,301.61655,134.32617080834663,134.32617080834663,0.073859026,2,0010,50
cvxnonsep_nsig40r,133.9613305,133.9613304719259,0,0.08142508938908577,0.09649899999999993,0,0,134.61160703345774,133.74488859965595,0.03337625693529844,0.26039756496902555,4,10,1,4,0,134.48133896286527,133.164401089979,0.046742,135.27978182853946,133.9610287691967,0.06272000000000003,134.42248012388035,133.49480175494057,0.123382733,2,0000,50
cvxnonsep_pcon20,-21.5123012,-21.500522852152997,0,0.038420652970671654,0.048122,0,0,-21.469437905707228,-21.629610239291956,0.015617312048561871,0.01953148900065571,2,2,0,2,0,-21.512301213072213,-21.72727260854014,115.762629,-21.492947436554825,-21.49294743655483,0.042355,-21.50052287035874,-21.710512997110659,0.040714526,1,0000,120
cvxnonsep_pcon20r,-21.5123012,-21.50052285200933,0,0.03578981477767229,0.041863,0,0,-21.46943786371748,-21.62961019921222,0.02254047291353345,0.02238825208041817,2,2,0,2,0,-21.430580425748875,-21.63845628268142,0.028019,-21.29713726111562,-21.49482207893577,0.015681999999999998,-21.433368728362172,-21.520699950873642,0.073014204,2,0000,140
enpro48pb,187277.2594,187277.25942219957,0,5.1830393970012665,2.541075000000003,0,0,187277.2557618698,187276.8879150533,0.2382050029700622,1.2651081118965521,5,9,0,5,2,187277.2594222011,185668.9682365131,0.24979099999999999,187277.25719341173,187092.1518504411,2.038722,187277.25616536423,186376.46609932542,0.164159481,2,0010,120
enpro56pb,263428.301,263428.30097276496,0,7.723541612736881,3.4058730000000703,0,0,263428.2966417468,263427.3812130464,0.18164537602569908,2.0237712950911373,8,12,2,6,2,263428.3009726979,260839.8465143262,0.33037099999999997,263428.2990215177,263428.2990215819,3.273621,263428.2956682251,263427.91588394274,0.398923545,7,0010,150
ex1223,4.579582402,4.579582402486655,0,0.05165221355855465,0.041718000000000005,0,0,4.579582373600571,4.579582373600571,0.019567803014069796,0.10075161699205637,6,11,0,3,4,4.579582402436707,4.53417292810631,0.011578999999999999,4.579582402433536,4.576289805208791,0.025511000000000002,4.5795824024367082,4.5795824024367082,0.014877412,0,0000,20
ex1223b,4.579582402,4.5795824024866585,0,0.04498013202100992,0.030333999999999972,0,0,4.57958237379399,4.57958237379399,0.010568210971541703,0.09698983107227832,6,12,0,2,5,4.579582402436707,4.53417292810631,0.011551,4.579582402433536,4.579579810008479,0.024678,4.579635269139426,4.5793982997816745,0.01396059,0,0000,20
fac1,160912612.4,160912612.35017818,0,0.02561672404408455,0.024391000000000003,0,0,160912612.2935292,160912612.2935292,0.013927900930866599,1.4621553919278085,2,3,1,2,1,160912612.350169,160910848.960797,0.014695,160912612.350169,160912612.350169,0.017181000000000002,160912612.350169,160905031.08390373,0.04148756000000001,1,0000,240
fac2,331837498.2,331837498.1767665,0,0.4962905431166291,0.27027100000000637,0,0,331837497.8380618,329739765.28796196,0.029473387054167688,0.04600215097889304,2,2,0,2,1,331837498.17677003,331290765.1918598,0.017477,FAILED,failure,0.053916,331837498.17677003,331837498.17676985,0.07942441900000001,1,0010,210
flay02h,37.94733192,37.9473319221309,0,0.07799425441771746,0.08127700000000002,0,0,37.94733186289341,37.94733188293823,0.02764336101245135,0.10147774498909712,3,5,0,2,1,37.94733190344412,37.83971073281111,0.047164000000000005,37.94733186806055,37.64147895712882,0.506153,37.947317409314628,37.947317409314628,0.06430427600000001,3,0010,60
flay02m,37.94733192,37.947331922051006,0,0.03858498949557543,0.021791999999999992,0,0,37.947331804570084,37.947327917031394,0.013280440005473793,0.03243388293776661,3,3,0,2,1,37.947331924020546,37.8964922012244,0.032518,37.94733186805689,37.83671291007249,0.280993,37.947304294012142,37.947304294012142,0.050234464,3,0010,60
flay03h,48.98979486,48.98979485582156,0,1.2379832984879613,0.322084999999993,0,0,48.98979487314283,48.82646265530678,0.09961045801173896,2.441167810931802,7,23,0,2,5,48.98979483809762,48.7053859289673,0.455823,48.98979472387356,48.51339414360476,2.193874,48.989662935929339,48.989662935929339,0.26374773,8,0020,130
flay03m,48.98979486,48.989794855791104,0,0.3108193213120103,0.09014100000000154,0,0,48.98979474823483,48.8264471789434,0.020153532037511468,0.421411301009357,7,25,0,2,5,48.98979485866356,48.52581959218385,0.24889499999999998,48.989794783719915,48.63476791430943,0.6587540000000001,48.989777079530882,48.989777079530882,0.232063929,8,0090,130
flay04h,54.40588204,54.4058820351743,0,45.07800706382841,14.075948999990715,0,0,54.40588204046717,54.095693883981525,0.34980386099778116,11.939897014992312,8,30,0,3,6,54.405882035051704,53.93274528404978,2.494452,54.405881889909224,53.87143757547221,12.182438999999999,54.405861658716383,54.405861658716383,1.33721703,15,0010,50
flay04m,54.40588203,54.4058820351097,0,7.298294892534614,1.3225830000003054,0,0,54.405881916095694,53.95851560665894,0.03393813909497112,2.7121748049976304,8,36,0,2,6,54.405882023837464,53.87849781571474,2.324201,54.40588192705844,53.8749488470497,5.711514,54.405858510937541,54.405858510937541,0.701405864,19,0020,120
flay05h,64.49806199,64.49806198673096,0,303.8319601668045,102.91121499992845,0,0,64.49806202696796,63.94041780512232,0.90144419495482,272.35618434194475,11,46,0,2,9,64.49805850948184,63.85617616590805,217.12092199999998,64.4980617528373,44.7767739515591,300.828719,64.49782653292003,64.49782653292003,93.375559827,88,0010,70
flay05m,64.49806199,64.49806198661507,0,307.0376608222723,67.1560829997847,0,0,64.4980618457532,63.94046827645549,0.05690517101902515,63.05715145904105,11,51,0,2,9,64.49803442768595,63.85351624082418,124.238079,64.49806185985608,63.86035487869933,239.784158,64.498061758129978,61.596102792281208,299.999909774,20,101050,160
flay06h,66.93280212,66.93280212296862,0,302.91506929229945,95.05070999987986,0,0,66.9328022146619,65.05391985888687,2.109565834980458,301.56443110795226,7,29,0,2,5,66.93279593088144,59.06640522596405,300.18429899999995,66.93280188285748,36.55119097668393,300.508115,66.932801042600545,64.144241404872048,299.999436409,7,1020,140
flay06m,66.93280212,66.93280212297259,0,306.1523004276678,62.66995899965592,0,0,66.93280198843215,65.1906043539449,0.09113234397955239,300.43141862901393,8,36,0,2,6,66.93279783218776,60.04330635227709,300.280851,66.93280196180706,42.26837832244092,301.336002,66.932801899240872,64.17923029254311,299.999872485,19,1060,140
fo7,20.72982507,34.778091737680015,0,303.593634323217,95.75846400007765,0,0,20.72982474132874,20.72981791072057,0.16545027901884168,97.74399292294402,5,21,18,3,3,20.729825348127854,20.52440407833447,81.22527,20.729824734477404,20.5655230926195,67.013565,20.729814312203661,20.729814312203661,19.505519859,4,0010,50
fo7_2,17.74934573,36.28433228889465,0,303.6747903348878,95.60063700002672,0,0,17.749345432133822,17.749084926637668,0.16299405507743359,106.45449617202394,6,23,15,2,5,17.749346058699693,17.57308684630969,27.344687,17.749345415106433,17.74934541510643,51.27496,17.749258882483975,17.749258882483975,11.568654076000001,5,0010,70
fo7_ar25_1,23.0935676,-inf,FAILED,"Objective value wrong, with error 1e+50
Lbx > x* for indices:
[[ 0  0]
 [ 1  0]
 [ 2  0]
 [ 3  0]
 [ 4  0]
 [ 5  0]
 [ 6  0]
 [ 7  0]
 [ 8  0]
 [ 9  0]
 [10  0]
 [11  0]
 [12  0]
 [13  0]]
Ubg < g(x*,p) - tol:
[       inf        inf        inf        inf        inf        inf
        inf        inf        inf        inf        inf        inf
        inf        inf 1.99999999 1.99999999 1.99999999 1.99999999
 1.99999999 1.99999999 1.99999999 1.99999999 1.99999999 1.99999999
 1.99999999 1.99999999 1.99999999 1.99999999]
for indices:
(array([ 0,  1,  2,  3,  4,  5,  6,  7,  8,  9, 10, 11, 12, 13, 59, 60, 61,
       62, 63, 64, 65, 66, 67, 68, 69, 70, 71, 72]),)",NAN,NAN,NAN,23.09356731010353,22.88697230834467,0.1987453589681536,127.93323074595537,5,21,10,5,3,23.093567597138676,22.86442284227683,8.984945,23.093567234745795,23.09356723474579,37.813415,23.09356719166291,22.863334839615423,22.850342783000002,7,0000,100
fo7_ar2_1,24.83984707,-inf,FAILED,"Error in Function::call for 'minlp' [BonminInterface] at .../casadi/core/function.cpp:1432:
Error in Function::call for 'minlp' [BonminInterface] at .../casadi/core/function.cpp:361:
.../casadi/interfaces/bonmin/bonmin_interface.cpp:477: Uncaught error in Bonmin",NAN,NAN,NAN,24.850423264155346,24.82643804538722,0.20378200407139957,89.03653070994187,3,11,0,3,2,24.839847082878478,24.60114606186892,12.123173,24.839846413795343,24.83984641379534,23.128239,24.839844332131552,24.839844332131552,40.0338943,5,0010,20
fo7_ar3_1,22.51747101,-inf,FAILED,"Objective value wrong, with error 1e+50
Lbx > x* for indices:
[[ 0  0]
 [ 1  0]
 [ 2  0]
 [ 3  0]
 [ 4  0]
 [ 5  0]
 [ 6  0]
 [ 7  0]
 [ 8  0]
 [ 9  0]
 [10  0]
 [11  0]
 [12  0]
 [13  0]]
Ubg < g(x*,p) - tol:
[       inf        inf        inf        inf        inf        inf
        inf        inf        inf        inf        inf        inf
        inf        inf 1.99999999 1.99999999 1.99999999 1.99999999
 1.99999999 1.99999999 1.99999999 1.99999999 1.99999999 1.99999999
 1.99999999 1.99999999 1.99999999 1.99999999]
for indices:
(array([ 0,  1,  2,  3,  4,  5,  6,  7,  8,  9, 10, 11, 12, 13, 59, 60, 61,
       62, 63, 64, 65, 66, 67, 68, 69, 70, 71, 72]),)",NAN,NAN,NAN,22.517470529413952,22.340041099314224,0.202259365003556,122.05916438892018,5,21,7,3,4,22.517471405305503,22.29449023722075,26.115816,22.51747045490165,22.51747045490165,48.505729,22.517454775285916,22.517454775285916,24.493246135000003,4,0010,100
fo7_ar4_1,20.72982507,-inf,FAILED,"Objective value wrong, with error 1e+50
Lbx > x* for indices:
[[ 0  0]
 [ 1  0]
 [ 2  0]
 [ 3  0]
 [ 4  0]
 [ 5  0]
 [ 6  0]
 [ 7  0]
 [ 8  0]
 [ 9  0]
 [10  0]
 [11  0]
 [12  0]
 [13  0]]
Ubg < g(x*,p) - tol:
[       inf        inf        inf        inf        inf        inf
        inf        inf        inf        inf        inf        inf
        inf        inf 1.99999999 1.99999999 1.99999999 1.99999999
 1.99999999 1.99999999 1.99999999 1.99999999 1.99999999 1.99999999
 1.99999999 1.99999999 1.99999999 1.99999999]
for indices:
(array([ 0,  1,  2,  3,  4,  5,  6,  7,  8,  9, 10, 11, 12, 13, 59, 60, 61,
       62, 63, 64, 65, 66, 67, 68, 69, 70, 71, 72]),)",NAN,NAN,NAN,20.729824793649666,20.59386804806453,0.20469619310460985,95.64960325101856,5,21,15,3,3,20.72982544832753,20.52275705468453,48.808657,20.7298246951989,20.54260223996788,31.826664,20.729821810873684,20.729821810873684,48.393667491,11,0010,40
fo7_ar5_1,17.74932941,-inf,FAILED,"Objective value wrong, with error 1e+50
Lbx > x* for indices:
[[ 0  0]
 [ 1  0]
 [ 2  0]
 [ 3  0]
 [ 4  0]
 [ 5  0]
 [ 6  0]
 [ 7  0]
 [ 8  0]
 [ 9  0]
 [10  0]
 [11  0]
 [12  0]
 [13  0]]
Ubg < g(x*,p) - tol:
[       inf        inf        inf        inf        inf        inf
        inf        inf        inf        inf        inf        inf
        inf        inf 1.99999999 1.99999999 1.99999999 1.99999999
 1.99999999 1.99999999 1.99999999 1.99999999 1.99999999 1.99999999
 1.99999999 1.99999999 1.99999999 1.99999999]
for indices:
(array([ 0,  1,  2,  3,  4,  5,  6,  7,  8,  9, 10, 11, 12, 13, 59, 60, 61,
       62, 63, 64, 65, 66, 67, 68, 69, 70, 71, 72]),)",NAN,NAN,NAN,17.749329045518934,17.749288849033533,0.20285520097240806,90.44127555494197,5,19,8,3,4,17.749329413741453,17.58050434732172,12.481355,17.74932900709966,17.74932900709966,29.059352999999998,17.749327769478516,17.749327769478516,19.119790433,4,0010,110
fo8,22.38189652,47.798855326571505,0,303.3999510779977,116.67025353599736,0,0,22.381896239967848,22.381892212566356,0.2617902980418876,139.2075182099361,4,15,11,3,3,23.91005347746684,20.68815454739367,300.036015,22.381896240902456,22.38189624090245,188.712449,22.381893669451163,22.381893669451163,116.39667083699999,9,0010,60
fo8_ar25_1,28.0451814,-inf,FAILED,"Objective value wrong, with error 1e+50
Lbx > x* for indices:
[[ 0  0]
 [ 1  0]
 [ 2  0]
 [ 3  0]
 [ 4  0]
 [ 5  0]
 [ 6  0]
 [ 7  0]
 [ 8  0]
 [ 9  0]
 [10  0]
 [11  0]
 [12  0]
 [13  0]
 [14  0]
 [15  0]]
Ubg < g(x*,p) - tol:
[       inf        inf        inf        inf        inf        inf
        inf        inf        inf        inf        inf        inf
        inf        inf        inf        inf 1.99999999 1.99999999
 1.99999999 1.99999999 1.99999999 1.99999999 1.99999999 1.99999999
 1.99999999 1.99999999 1.99999999 1.99999999 1.99999999 1.99999999
 1.99999999 1.99999999]
for indices:
(array([ 0,  1,  2,  3,  4,  5,  6,  7,  8,  9, 10, 11, 12, 13, 14, 15, 75,
       76, 77, 78, 79, 80, 81, 82, 83, 84, 85, 86, 87, 88, 89, 90]),)",NAN,NAN,NAN,28.04518123223058,27.80190162015084,0.32563819200731814,165.0466547840042,5,17,7,4,3,28.045181865108844,27.76503846878996,287.989728,28.04518110552743,28.02978717138635,143.693943,28.045180832528047,28.045180832528047,220.73555299999998,19,0010,100
fo8_ar2_1,30.34061042,-inf,FAILED,"Objective value wrong, with error 1e+50
Lbx > x* for indices:
[[ 0  0]
 [ 1  0]
 [ 2  0]
 [ 3  0]
 [ 4  0]
 [ 5  0]
 [ 6  0]
 [ 7  0]
 [ 8  0]
 [ 9  0]
 [10  0]
 [11  0]
 [12  0]
 [13  0]
 [14  0]
 [15  0]]
Ubg < g(x*,p) - tol:
[       inf        inf        inf        inf        inf        inf
        inf        inf        inf        inf        inf        inf
        inf        inf        inf        inf 1.99999999 1.99999999
 1.99999999 1.99999999 1.99999999 1.99999999 1.99999999 1.99999999
 1.99999999 1.99999999 1.99999999 1.99999999 1.99999999 1.99999999
 1.99999999 1.99999999]
for indices:
(array([ 0,  1,  2,  3,  4,  5,  6,  7,  8,  9, 10, 11, 12, 13, 14, 15, 75,
       76, 77, 78, 79, 80, 81, 82, 83, 84, 85, 86, 87, 88, 89, 90]),)",NAN,NAN,NAN,30.345435071440292,30.1287586377829,0.3353487349813804,201.37950699799694,4,14,6,3,3,30.345435375786057,30.33634577141584,258.181966,30.340609975482103,30.05512525998033,168.245,30.34060783078634,30.34060783078634,165.168253914,13,0010,20
fo8_ar3_1,23.91005347,-inf,FAILED,"Objective value wrong, with error 1e+50
Lbx > x* for indices:
[[ 0  0]
 [ 1  0]
 [ 2  0]
 [ 3  0]
 [ 4  0]
 [ 5  0]
 [ 6  0]
 [ 7  0]
 [ 8  0]
 [ 9  0]
 [10  0]
 [11  0]
 [12  0]
 [13  0]
 [14  0]
 [15  0]]
Ubg < g(x*,p) - tol:
[       inf        inf        inf        inf        inf        inf
        inf        inf        inf        inf        inf        inf
        inf        inf        inf        inf 1.99999999 1.99999999
 1.99999999 1.99999999 1.99999999 1.99999999 1.99999999 1.99999999
 1.99999999 1.99999999 1.99999999 1.99999999 1.99999999 1.99999999
 1.99999999 1.99999999]
for indices:
(array([ 0,  1,  2,  3,  4,  5,  6,  7,  8,  9, 10, 11, 12, 13, 14, 15, 75,
       76, 77, 78, 79, 80, 81, 82, 83, 84, 85, 86, 87, 88, 89, 90]),)",NAN,NAN,NAN,23.91005333849995,23.90899975926892,0.3305455259978771,83.55217669799458,4,16,12,4,1,23.910053938536343,23.67103876073118,134.67203,23.910053196568764,23.7452053548388,156.950881,23.910051578933796,23.910051578933796,88.063650117,17,0010,130
fo8_ar4_1,22.38189652,-inf,FAILED,"Objective value wrong, with error 1e+50
Lbx > x* for indices:
[[ 0  0]
 [ 1  0]
 [ 2  0]
 [ 3  0]
 [ 4  0]
 [ 5  0]
 [ 6  0]
 [ 7  0]
 [ 8  0]
 [ 9  0]
 [10  0]
 [11  0]
 [12  0]
 [13  0]
 [14  0]
 [15  0]]
Ubg < g(x*,p) - tol:
[       inf        inf        inf        inf        inf        inf
        inf        inf        inf        inf        inf        inf
        inf        inf        inf        inf 1.99999999 1.99999999
 1.99999999 1.99999999 1.99999999 1.99999999 1.99999999 1.99999999
 1.99999999 1.99999999 1.99999999 1.99999999 1.99999999 1.99999999
 1.99999999 1.99999999]
for indices:
(array([ 0,  1,  2,  3,  4,  5,  6,  7,  8,  9, 10, 11, 12, 13, 14, 15, 75,
       76, 77, 78, 79, 80, 81, 82, 83, 84, 85, 86, 87, 88, 89, 90]),)",NAN,NAN,NAN,22.38189642403303,22.38131441029091,0.33436140103731304,118.7675954690203,5,19,11,5,1,22.381896603734862,22.15902934628976,69.202403,22.38189628558836,20.16728346951869,300.05091500000003,22.381892638634394,22.381892638634394,106.18728433300001,4,0010,120
fo8_ar5_1,22.38189652,-inf,FAILED,"Objective value wrong, with error 1e+50
Lbx > x* for indices:
[[ 0  0]
 [ 1  0]
 [ 2  0]
 [ 3  0]
 [ 4  0]
 [ 5  0]
 [ 6  0]
 [ 7  0]
 [ 8  0]
 [ 9  0]
 [10  0]
 [11  0]
 [12  0]
 [13  0]
 [14  0]
 [15  0]]
Ubg < g(x*,p) - tol:
[       inf        inf        inf        inf        inf        inf
        inf        inf        inf        inf        inf        inf
        inf        inf        inf        inf 1.99999999 1.99999999
 1.99999999 1.99999999 1.99999999 1.99999999 1.99999999 1.99999999
 1.99999999 1.99999999 1.99999999 1.99999999 1.99999999 1.99999999
 1.99999999 1.99999999]
for indices:
(array([ 0,  1,  2,  3,  4,  5,  6,  7,  8,  9, 10, 11, 12, 13, 14, 15, 75,
       76, 77, 78, 79, 80, 81, 82, 83, 84, 85, 86, 87, 88, 89, 90]),)",NAN,NAN,NAN,22.381896415127837,22.371994046219147,0.3304214549716562,132.5236950829858,4,13,4,4,2,22.381896601723913,22.15820985540561,292.756317,22.381896279588734,18.30073276544188,300.10835699999996,22.38188946749219,22.38188946749219,93.5093715,10,0010,100
fo9,23.46428571,-inf,FAILED,"Objective value wrong, with error 1e+50
Lbx > x* for indices:
[[ 0  0]
 [ 1  0]
 [ 2  0]
 [ 3  0]
 [ 4  0]
 [ 5  0]
 [ 6  0]
 [ 7  0]
 [ 8  0]
 [ 9  0]
 [10  0]
 [11  0]
 [12  0]
 [13  0]
 [14  0]
 [15  0]
 [16  0]
 [17  0]
 [90  0]
 [91  0]]
Ubg < g(x*,p) - tol:
[inf inf inf inf inf inf inf inf inf inf inf inf inf inf inf inf inf inf]
for indices:
(array([ 0,  1,  2,  3,  4,  5,  6,  7,  8,  9, 10, 11, 12, 13, 14, 15, 16,
       17]),)",NAN,NAN,NAN,23.464285518770428,23.464285518770428,0.40785290696658194,269.5216102520935,5,20,9,4,3,26.80291427387099,21.15390269790158,300.07339099999996,23.464285436732517,18.45628063688462,300.24546300000003,23.464282788232858,23.464282788232858,172.703346458,18,0010,50
fo9_ar25_1,32.18643105,-inf,FAILED,"Objective value wrong, with error 1e+50
Lbx > x* for indices:
[[ 0  0]
 [ 1  0]
 [ 2  0]
 [ 3  0]
 [ 4  0]
 [ 5  0]
 [ 6  0]
 [ 7  0]
 [ 8  0]
 [ 9  0]
 [10  0]
 [11  0]
 [12  0]
 [13  0]
 [14  0]
 [15  0]
 [16  0]
 [17  0]]
Ubg < g(x*,p) - tol:
[       inf        inf        inf        inf        inf        inf
        inf        inf        inf        inf        inf        inf
        inf        inf        inf        inf        inf        inf
 1.99999999 1.99999999 1.99999999 1.99999999 1.99999999 1.99999999
 1.99999999 1.99999999 1.99999999 1.99999999 1.99999999 1.99999999
 1.99999999 1.99999999 1.99999999 1.99999999 1.99999999 1.99999999]
for indices:
(array([  0,   1,   2,   3,   4,   5,   6,   7,   8,   9,  10,  11,  12,
        13,  14,  15,  16,  17,  93,  94,  95,  96,  97,  98,  99, 100,
       101, 102, 103, 104, 105, 106, 107, 108, 109, 110]),)",NAN,NAN,NAN,33.599999947073734,31.44070433187473,0.5110245959367603,301.55282851099037,4,16,10,4,2,32.186431047090394,26.91496159331231,300.04616,32.24999971701089,26.07101011966651,300.48595,32.186413558665642,26.267325689728789,300.035333476,12,1000,100
fo9_ar2_1,32.625,-inf,FAILED,"Objective value wrong, with error 1e+50
Lbx > x* for indices:
[[ 0  0]
 [ 1  0]
 [ 2  0]
 [ 3  0]
 [ 4  0]
 [ 5  0]
 [ 6  0]
 [ 7  0]
 [ 8  0]
 [ 9  0]
 [10  0]
 [11  0]
 [12  0]
 [13  0]
 [14  0]
 [15  0]
 [16  0]
 [17  0]]
Ubg < g(x*,p) - tol:
[       inf        inf        inf        inf        inf        inf
        inf        inf        inf        inf        inf        inf
        inf        inf        inf        inf        inf        inf
 1.99999999 1.99999999 1.99999999 1.99999999 1.99999999 1.99999999
 1.99999999 1.99999999 1.99999999 1.99999999 1.99999999 1.99999999
 1.99999999 1.99999999 1.99999999 1.99999999 1.99999999 1.99999999]
for indices:
(array([  0,   1,   2,   3,   4,   5,   6,   7,   8,   9,  10,  11,  12,
        13,  14,  15,  16,  17,  93,  94,  95,  96,  97,  98,  99, 100,
       101, 102, 103, 104, 105, 106, 107, 108, 109, 110]),)",NAN,NAN,NAN,32.62499994226375,32.62498302421497,0.5205103689804673,242.88230457203463,3,11,3,3,2,32.814102566102505,27.49148439549692,300.038257,32.62499959892142,26.0679191908171,300.086884,32.624991558231578,29.615253303918681,300.000080965,12,1000,20
fo9_ar3_1,24.81547619,-inf,FAILED,"Objective value wrong, with error 1e+50
Lbx > x* for indices:
[[ 0  0]
 [ 1  0]
 [ 2  0]
 [ 3  0]
 [ 4  0]
 [ 5  0]
 [ 6  0]
 [ 7  0]
 [ 8  0]
 [ 9  0]
 [10  0]
 [11  0]
 [12  0]
 [13  0]
 [14  0]
 [15  0]
 [16  0]
 [17  0]]
Ubg < g(x*,p) - tol:
[       inf        inf        inf        inf        inf        inf
        inf        inf        inf        inf        inf        inf
        inf        inf        inf        inf        inf        inf
 1.99999999 1.99999999 1.99999999 1.99999999 1.99999999 1.99999999
 1.99999999 1.99999999 1.99999999 1.99999999 1.99999999 1.99999999
 1.99999999 1.99999999 1.99999999 1.99999999 1.99999999 1.99999999]
for indices:
(array([  0,   1,   2,   3,   4,   5,   6,   7,   8,   9,  10,  11,  12,
        13,  14,  15,  16,  17,  93,  94,  95,  96,  97,  98,  99, 100,
       101, 102, 103, 104, 105, 106, 107, 108, 109, 110]),)",NAN,NAN,NAN,24.81547611019813,24.81007371262333,0.5053590559400618,177.47652013099287,4,16,9,3,3,27.14880952380947,23.39538008368362,300.03036199999997,24.8154759638469,24.80855697109947,113.304394,24.8154758792945,24.8154758792945,160.358999351,17,0010,130
fo9_ar4_1,23.46428571,-inf,FAILED,"Objective value wrong, with error 1e+50
Lbx > x* for indices:
[[ 0  0]
 [ 1  0]
 [ 2  0]
 [ 3  0]
 [ 4  0]
 [ 5  0]
 [ 6  0]
 [ 7  0]
 [ 8  0]
 [ 9  0]
 [10  0]
 [11  0]
 [12  0]
 [13  0]
 [14  0]
 [15  0]
 [16  0]
 [17  0]]
Ubg < g(x*,p) - tol:
[       inf        inf        inf        inf        inf        inf
        inf        inf        inf        inf        inf        inf
        inf        inf        inf        inf        inf        inf
 1.99999999 1.99999999 1.99999999 1.99999999 1.99999999 1.99999999
 1.99999999 1.99999999 1.99999999 1.99999999 1.99999999 1.99999999
 1.99999999 1.99999999 1.99999999 1.99999999 1.99999999 1.99999999]
for indices:
(array([  0,   1,   2,   3,   4,   5,   6,   7,   8,   9,  10,  11,  12,
        13,  14,  15,  16,  17,  93,  94,  95,  96,  97,  98,  99, 100,
       101, 102, 103, 104, 105, 106, 107, 108, 109, 110]),)",NAN,NAN,NAN,23.46428560025007,23.46308954008754,0.5041791639523581,219.81214188109152,3,11,1,3,2,30.378364349749084,22.25675369635629,300.04510899999997,24.37797593884849,20.59679579326223,300.151654,23.464282715140826,23.464282715140826,196.24256137400002,6,0010,120
fo9_ar5_1,23.46428571,-inf,FAILED,"Objective value wrong, with error 1e+50
Lbx > x* for indices:
[[ 0  0]
 [ 1  0]
 [ 2  0]
 [ 3  0]
 [ 4  0]
 [ 5  0]
 [ 6  0]
 [ 7  0]
 [ 8  0]
 [ 9  0]
 [10  0]
 [11  0]
 [12  0]
 [13  0]
 [14  0]
 [15  0]
 [16  0]
 [17  0]]
Ubg < g(x*,p) - tol:
[       inf        inf        inf        inf        inf        inf
        inf        inf        inf        inf        inf        inf
        inf        inf        inf        inf        inf        inf
 1.99999999 1.99999999 1.99999999 1.99999999 1.99999999 1.99999999
 1.99999999 1.99999999 1.99999999 1.99999999 1.99999999 1.99999999
 1.99999999 1.99999999 1.99999999 1.99999999 1.99999999 1.99999999]
for indices:
(array([  0,   1,   2,   3,   4,   5,   6,   7,   8,   9,  10,  11,  12,
        13,  14,  15,  16,  17,  93,  94,  95,  96,  97,  98,  99, 100,
       101, 102, 103, 104, 105, 106, 107, 108, 109, 110]),)",NAN,NAN,NAN,23.464285641006025,23.39939379033858,0.5069822759833187,179.02837309497409,3,11,5,3,1,27.46167945750286,19.66356479391138,300.04481100000004,28.946666411713785,18.04851542697194,300.336002,25.749999641971577,20.544949871323617,300.00981908399996,11,1000,40
gear2,2.700857149e-12,0.004768456098804485,0,0.13960538059473038,0.07811600000000041,0,0,2.727279702363975e-05,5.21215564152541e-15,0.025630956050008535,0.04305126809049398,2,6,0,2,1,9.939875595328162e-11,-6.944660027596861e-09,1.080842,1.827380235298078e-08,1.827380233243581e-08,0.09103599999999999,2.3576406580194936e-09,0,0.33641543199999996,42,00420,00
gear3,2.700857149e-12,3.634526501566065e-06,0,0.15610994771122932,0.040403999999999995,0,0,2.72645059771712e-08,2.72645059771712e-08,0.010520995943807065,0.024851088994182646,2,4,0,2,1,9.939875595328162e-11,-6.944660027596861e-09,1.061782,7.802232867743687e-08,7.802232867767933e-08,0.027735,0.00013622222271739669,0,0.099226704,14,00460,00
jit1,173983.33,173983.32999863994,0,0.11537984479218721,0.060540999999999984,0,0,173982.61006293277,173345.3768308797,0.016409927047789097,0.0250881320098415,2,3,0,2,0,173983.32998164545,173883.2833148557,0.024595000000000002,173983.32998164673,172638.8325005566,0.081773,173983.32998164679,173345.7983938875,0.038128624,1,0000,130
m3,37.8,37.80000000073363,0,0.3367856917902827,0.11425200000000077,0,0,37.79999956991859,37.79999956991859,0.02155203593429178,0.1031002210220322,2,4,0,2,1,37.8,37.79999999999996,0.039367,37.8,37.8,0.184188,37.799645813514132,37.799645813514132,0.025441502,0,0010,40
m6,82.25687691,106.25687691424332,0,304.42741882707924,84.32831299992229,0,0,82.25687581000712,82.2568758100071,0.10512237995862961,4.558583145961165,3,7,1,2,2,82.25687691965433,81.58590398993466,0.20535399999999998,82.25687689818001,82.25687689818001,0.707246,82.25687687037609,82.256876870376075,0.194927536,1,0010,40
m7,106.7568769,130.75687691465532,0,304.02768700942397,99.67685745800213,0,0,106.75687555085169,106.75687507553873,0.16645968204829842,61.52723288605921,3,8,0,2,2,106.75687691365565,106.7568769136556,0.355825,106.75687689818001,106.75687689818,2.391142,106.75687690839531,106.75687690839531,0.989286457,4,0010,30
m7_ar25_1,143.585,143.58500000099596,0,231.95012564677745,85.2537779998455,0,0,143.5849968326451,143.58489567999985,0.20335201895795763,10.4387931979727,2,6,0,2,1,143.58500056857434,142.2788011611792,0.33694199999999996,143.58499799889867,143.5849979988987,2.1884099999999997,143.58499683479664,143.58499683479664,0.388070956,2,0010,10
m7_ar2_1,190.235,-inf,FAILED,"Objective value wrong, with error 1e+50
Lbx > x* for indices:
[[ 0  0]
 [ 1  0]
 [ 2  0]
 [ 3  0]
 [ 4  0]
 [ 5  0]
 [ 6  0]
 [ 7  0]
 [ 8  0]
 [ 9  0]
 [10  0]
 [11  0]
 [12  0]
 [13  0]]
Ubg < g(x*,p) - tol:
[       inf        inf        inf        inf        inf        inf
        inf        inf        inf        inf        inf        inf
        inf        inf 1.99999999 1.99999999 1.99999999 1.99999999
 1.99999999 1.99999999 1.99999999 1.99999999 1.99999999 1.99999999
 1.99999999 1.99999999 1.99999999 1.99999999]
for indices:
(array([ 0,  1,  2,  3,  4,  5,  6,  7,  8,  9, 10, 11, 12, 13, 59, 60, 61,
       62, 63, 64, 65, 66, 67, 68, 69, 70, 71, 72]),)",NAN,NAN,NAN,190.23499648570214,190.23499314163868,0.20600277394987643,8.63351416704245,3,8,1,2,2,190.2350000476907,188.7008295686503,1.642085,190.23499715720192,189.3184778162104,6.672726,190.23497722319399,190.23497722319397,1.190148023,1,0010,10
m7_ar3_1,143.585,-inf,FAILED,"Objective value wrong, with error 1e+50
Lbx > x* for indices:
[[ 0  0]
 [ 1  0]
 [ 2  0]
 [ 3  0]
 [ 4  0]
 [ 5  0]
 [ 6  0]
 [ 7  0]
 [ 8  0]
 [ 9  0]
 [10  0]
 [11  0]
 [12  0]
 [13  0]]
Ubg < g(x*,p) - tol:
[       inf        inf        inf        inf        inf        inf
        inf        inf        inf        inf        inf        inf
        inf        inf 1.99999999 1.99999999 1.99999999 1.99999999
 1.99999999 1.99999999 1.99999999 1.99999999 1.99999999 1.99999999
 1.99999999 1.99999999 1.99999999 1.99999999]
for indices:
(array([ 0,  1,  2,  3,  4,  5,  6,  7,  8,  9, 10, 11, 12, 13, 59, 60, 61,
       62, 63, 64, 65, 66, 67, 68, 69, 70, 71, 72]),)",NAN,NAN,NAN,143.5849968234994,133.54468186263222,0.2105032579274848,305.69766711699776,47,155,99,2,46,143.58499982495283,142.1507254985151,2.110459,143.58499787708996,143.58499787709,7.434659000000001,143.58499690795955,143.58499690795955,2.0185968130000003,3,0010,10
m7_ar4_1,106.7568769,-inf,FAILED,"Objective value wrong, with error 1e+50
Lbx > x* for indices:
[[ 0  0]
 [ 1  0]
 [ 2  0]
 [ 3  0]
 [ 4  0]
 [ 5  0]
 [ 6  0]
 [ 7  0]
 [ 8  0]
 [ 9  0]
 [10  0]
 [11  0]
 [12  0]
 [13  0]]
Ubg < g(x*,p) - tol:
[       inf        inf        inf        inf        inf        inf
        inf        inf        inf        inf        inf        inf
        inf        inf 1.99999999 1.99999999 1.99999999 1.99999999
 1.99999999 1.99999999 1.99999999 1.99999999 1.99999999 1.99999999
 1.99999999 1.99999999 1.99999999 1.99999999]
for indices:
(array([ 0,  1,  2,  3,  4,  5,  6,  7,  8,  9, 10, 11, 12, 13, 59, 60, 61,
       62, 63, 64, 65, 66, 67, 68, 69, 70, 71, 72]),)",NAN,NAN,NAN,106.75687596509893,106.75638996535996,0.22812708001583815,60.79145392100327,2,6,0,2,1,106.75687691365586,105.8590065581322,0.9058649999999999,106.75687691365584,106.7568769136559,1.735663,106.75687586181051,106.75687484736139,1.098063983,4,0010,20
m7_ar5_1,106.4600058,-inf,FAILED,"Objective value wrong, with error 1e+50
Lbx > x* for indices:
[[ 0  0]
 [ 1  0]
 [ 2  0]
 [ 3  0]
 [ 4  0]
 [ 5  0]
 [ 6  0]
 [ 7  0]
 [ 8  0]
 [ 9  0]
 [10  0]
 [11  0]
 [12  0]
 [13  0]]
Ubg < g(x*,p) - tol:
[       inf        inf        inf        inf        inf        inf
        inf        inf        inf        inf        inf        inf
        inf        inf 1.99999999 1.99999999 1.99999999 1.99999999
 1.99999999 1.99999999 1.99999999 1.99999999 1.99999999 1.99999999
 1.99999999 1.99999999 1.99999999 1.99999999]
for indices:
(array([ 0,  1,  2,  3,  4,  5,  6,  7,  8,  9, 10, 11, 12, 13, 59, 60, 61,
       62, 63, 64, 65, 66, 67, 68, 69, 70, 71, 72]),)",NAN,NAN,NAN,106.46000474087647,106.45998759629082,0.2107292419532314,62.83263716904912,3,8,1,2,2,106.46000575999975,105.4616130053582,2.357497,106.46000535522582,106.0536149996023,6.24518,106.46000576000233,106.46000576000233,4.420549154,4,0010,20
no7_ar25_1,107.8153083,-inf,FAILED,"Objective value wrong, with error 1e+50
Lbx > x* for indices:
[[ 0  0]
 [ 1  0]
 [ 2  0]
 [ 3  0]
 [ 4  0]
 [ 5  0]
 [ 6  0]
 [ 7  0]
 [ 8  0]
 [ 9  0]
 [10  0]
 [11  0]
 [12  0]
 [13  0]]
Ubg < g(x*,p) - tol:
[       inf        inf        inf        inf        inf        inf
        inf        inf        inf        inf        inf        inf
        inf        inf 1.99999999 1.99999999 1.99999999 1.99999999
 1.99999999 1.99999999 1.99999999 1.99999999 1.99999999 1.99999999
 1.99999999 1.99999999 1.99999999 1.99999999]
for indices:
(array([ 0,  1,  2,  3,  4,  5,  6,  7,  8,  9, 10, 11, 12, 13, 59, 60, 61,
       62, 63, 64, 65, 66, 67, 68, 69, 70, 71, 72]),)",NAN,NAN,NAN,107.81530521596736,107.81275674702118,0.21378255391027778,52.712093334062956,3,11,5,3,1,107.81530821497435,106.7607550862443,26.175431,107.81530543557817,107.3910182161723,71.457912,107.8151906043379,107.8151906043379,38.185501535,12,0010,10
no7_ar2_1,107.8153083,-inf,FAILED,"Objective value wrong, with error 1e+50
Lbx > x* for indices:
[[ 0  0]
 [ 1  0]
 [ 2  0]
 [ 3  0]
 [ 4  0]
 [ 5  0]
 [ 6  0]
 [ 7  0]
 [ 8  0]
 [ 9  0]
 [10  0]
 [11  0]
 [12  0]
 [13  0]]
Ubg < g(x*,p) - tol:
[       inf        inf        inf        inf        inf        inf
        inf        inf        inf        inf        inf        inf
        inf        inf 1.99999999 1.99999999 1.99999999 1.99999999
 1.99999999 1.99999999 1.99999999 1.99999999 1.99999999 1.99999999
 1.99999999 1.99999999 1.99999999 1.99999999]
for indices:
(array([ 0,  1,  2,  3,  4,  5,  6,  7,  8,  9, 10, 11, 12, 13, 59, 60, 61,
       62, 63, 64, 65, 66, 67, 68, 69, 70, 71, 72]),)",NAN,NAN,NAN,107.86632249422674,107.79986616337273,0.21067167993169278,19.735500475973822,2,6,1,2,1,107.8153082182933,106.7389150125725,13.574859,107.8153054210021,107.8153054210021,188.027085,107.81528346842475,107.81528346842475,10.456661175,6,0010,10
no7_ar3_1,107.8153083,-inf,FAILED,"Objective value wrong, with error 1e+50
Lbx > x* for indices:
[[ 0  0]
 [ 1  0]
 [ 2  0]
 [ 3  0]
 [ 4  0]
 [ 5  0]
 [ 6  0]
 [ 7  0]
 [ 8  0]
 [ 9  0]
 [10  0]
 [11  0]
 [12  0]
 [13  0]]
Ubg < g(x*,p) - tol:
[       inf        inf        inf        inf        inf        inf
        inf        inf        inf        inf        inf        inf
        inf        inf 1.99999999 1.99999999 1.99999999 1.99999999
 1.99999999 1.99999999 1.99999999 1.99999999 1.99999999 1.99999999
 1.99999999 1.99999999 1.99999999 1.99999999]
for indices:
(array([ 0,  1,  2,  3,  4,  5,  6,  7,  8,  9, 10, 11, 12, 13, 59, 60, 61,
       62, 63, 64, 65, 66, 67, 68, 69, 70, 71, 72]),)",NAN,NAN,NAN,107.86262392792209,107.80319828468436,0.2107214879943058,227.6424285239773,6,21,11,5,3,107.81530834588575,106.7472778409796,93.138939,107.81530542115337,87.8426261572606,300.102937,107.81494086243572,106.74800670495554,67.203454922,10,0000,10
no7_ar4_1,98.51840218,-inf,FAILED,"Objective value wrong, with error 1e+50
Lbx > x* for indices:
[[ 0  0]
 [ 1  0]
 [ 2  0]
 [ 3  0]
 [ 4  0]
 [ 5  0]
 [ 6  0]
 [ 7  0]
 [ 8  0]
 [ 9  0]
 [10  0]
 [11  0]
 [12  0]
 [13  0]]
Ubg < g(x*,p) - tol:
[       inf        inf        inf        inf        inf        inf
        inf        inf        inf        inf        inf        inf
        inf        inf 1.99999999 1.99999999 1.99999999 1.99999999
 1.99999999 1.99999999 1.99999999 1.99999999 1.99999999 1.99999999
 1.99999999 1.99999999 1.99999999 1.99999999]
for indices:
(array([ 0,  1,  2,  3,  4,  5,  6,  7,  8,  9, 10, 11, 12, 13, 59, 60, 61,
       62, 63, 64, 65, 66, 67, 68, 69, 70, 71, 72]),)",NAN,NAN,NAN,98.74420120842899,98.23873140093393,0.20914083102252334,218.9356601239415,7,29,23,3,6,98.51840262761344,97.54760608902593,80.696207,98.51840121842518,98.51840121842517,156.295327,98.518372691737142,98.518372691737142,69.079391495,12,0010,30
no7_ar5_1,90.62267488,-inf,FAILED,"Error in Function::call for 'minlp' [BonminInterface] at .../casadi/core/function.cpp:1432:
Error in Function::call for 'minlp' [BonminInterface] at .../casadi/core/function.cpp:361:
.../casadi/interfaces/bonmin/bonmin_interface.cpp:477: Uncaught error in Bonmin",NAN,NAN,NAN,90.62267376304709,89.73014244435552,0.2095123800681904,276.08626657305285,7,29,18,5,5,90.62267532292313,89.7187205366968,89.893862,90.62267376433063,90.28294850914227,108.476083,90.622648836935397,90.622648836935397,62.689357158,8,0010,80
nvs20,230.9221652,230.9221652082297,0,0.08847186621278524,0.08533900000000022,0,0,230.92216293970984,229.7077380220426,0.021647896035574377,0.07191784400492907,4,9,0,2,3,230.92216520082602,230.8565450140305,0.12611499999999998,230.9221631441017,229.3881872098729,0.5891059999999999,230.92216350458514,46,1.307702326,13,00130,00
o7,131.6531381,157.37966574617295,0,304.13571877777576,105.64731264900097,0,0,-inf,FAILED,"Objective value wrong, with error 124.64838794693398
Ubg < g(x*,p) - tol:
[1.60315339e-01 5.44392105e-02 1.48319584e-02 3.62612725e-02
 4.35886445e-03 7.98528232e-03 4.47053115e-01 2.13486749e-01
 1.99551925e-01 4.00870145e-01 7.69625762e-11 2.01799532e-06]
for indices:
(array([ 2,  3,  4,  5,  8,  9, 10, 11, 12, 13, 22, 61]),)",NAN,NAN,NAN,NAN,NAN,NAN,134.6782212259077,95.9815270314253,300.054574,131.6603262739896,91.73281335318055,300.59136900000004,131.65301327259772,130.3374479903523,289.869893613,22,0000,50
o7_2,116.9459316,196.86496301639266,0,303.9153976114467,102.08531019200058,0,0,116.94593022681978,116.94593023755796,0.17753436707425863,301.2403021819191,6,26,20,5,3,116.9459313490928,96.46341223060764,300.06477,116.94593048420897,84.10250988900611,300.459758,116.94590713844377,116.94590713844377,134.293909346,8,0010,70
o7_ar25_1,140.4119583,-inf,FAILED,"Objective value wrong, with error 1e+50
Lbx > x* for indices:
[[ 0  0]
 [ 1  0]
 [ 2  0]
 [ 3  0]
 [ 4  0]
 [ 5  0]
 [ 6  0]
 [ 7  0]
 [ 8  0]
 [ 9  0]
 [10  0]
 [11  0]
 [12  0]
 [13  0]]
Ubg < g(x*,p) - tol:
[       inf        inf        inf        inf        inf        inf
        inf        inf        inf        inf        inf        inf
        inf        inf 1.99999999 1.99999999 1.99999999 1.99999999
 1.99999999 1.99999999 1.99999999 1.99999999 1.99999999 1.99999999
 1.99999999 1.99999999 1.99999999 1.99999999]
for indices:
(array([ 0,  1,  2,  3,  4,  5,  6,  7,  8,  9, 10, 11, 12, 13, 59, 60, 61,
       62, 63, 64, 65, 66, 67, 68, 69, 70, 71, 72]),)",NAN,NAN,NAN,140.4119573045764,140.41192741730904,0.20707816304638982,300.61863052495755,4,16,3,4,3,140.4119588055322,139.0143910148837,238.864587,140.4119572356029,139.4599315371578,284.414691,140.41190577149021,140.41190577149021,257.506076209,12,0010,80
o7_ar2_1,140.4119583,-inf,FAILED,"Objective value wrong, with error 1e+50
Lbx > x* for indices:
[[ 0  0]
 [ 1  0]
 [ 2  0]
 [ 3  0]
 [ 4  0]
 [ 5  0]
 [ 6  0]
 [ 7  0]
 [ 8  0]
 [ 9  0]
 [10  0]
 [11  0]
 [12  0]
 [13  0]]
Ubg < g(x*,p) - tol:
[       inf        inf        inf        inf        inf        inf
        inf        inf        inf        inf        inf        inf
        inf        inf 1.99999999 1.99999999 1.99999999 1.99999999
 1.99999999 1.99999999 1.99999999 1.99999999 1.99999999 1.99999999
 1.99999999 1.99999999 1.99999999 1.99999999]
for indices:
(array([ 0,  1,  2,  3,  4,  5,  6,  7,  8,  9, 10, 11, 12, 13, 59, 60, 61,
       62, 63, 64, 65, 66, 67, 68, 69, 70, 71, 72]),)",NAN,NAN,NAN,140.41195730602442,140.41195784688767,0.21427999902516603,97.14074246294331,3,10,4,2,2,140.41195876391984,139.012024250178,64.432226,140.4119572617613,139.7528775673852,90.661257,140.41195448060077,140.41195448060074,63.468023439,10,0010,10
o7_ar3_1,137.931839,-inf,FAILED,"Objective value wrong, with error 1e+50
Lbx > x* for indices:
[[ 0  0]
 [ 1  0]
 [ 2  0]
 [ 3  0]
 [ 4  0]
 [ 5  0]
 [ 6  0]
 [ 7  0]
 [ 8  0]
 [ 9  0]
 [10  0]
 [11  0]
 [12  0]
 [13  0]]
Ubg < g(x*,p) - tol:
[       inf        inf        inf        inf        inf        inf
        inf        inf        inf        inf        inf        inf
        inf        inf 1.99999999 1.99999999 1.99999999 1.99999999
 1.99999999 1.99999999 1.99999999 1.99999999 1.99999999 1.99999999
 1.99999999 1.99999999 1.99999999 1.99999999]
for indices:
(array([ 0,  1,  2,  3,  4,  5,  6,  7,  8,  9, 10, 11, 12, 13, 59, 60, 61,
       62, 63, 64, 65, 66, 67, 68, 69, 70, 71, 72]),)",NAN,NAN,NAN,138.8648912472401,137.63105248800971,0.20892626710701734,300.7770792680094,5,16,10,5,2,137.93183891691254,116.7165323488555,300.04407599999996,138.197747527317,103.0479882245685,300.589356,137.93183187749335,120.95012313781925,300.035899569,15,1000,20
o7_ar4_1,131.6531381,-inf,FAILED,"Objective value wrong, with error 1e+50
Lbx > x* for indices:
[[ 0  0]
 [ 1  0]
 [ 2  0]
 [ 3  0]
 [ 4  0]
 [ 5  0]
 [ 6  0]
 [ 7  0]
 [ 8  0]
 [ 9  0]
 [10  0]
 [11  0]
 [12  0]
 [13  0]]
Ubg < g(x*,p) - tol:
[       inf        inf        inf        inf        inf        inf
        inf        inf        inf        inf        inf        inf
        inf        inf 1.99999999 1.99999999 1.99999999 1.99999999
 1.99999999 1.99999999 1.99999999 1.99999999 1.99999999 1.99999999
 1.99999999 1.99999999 1.99999999 1.99999999]
for indices:
(array([ 0,  1,  2,  3,  4,  5,  6,  7,  8,  9, 10, 11, 12, 13, 59, 60, 61,
       62, 63, 64, 65, 66, 67, 68, 69, 70, 71, 72]),)",NAN,NAN,NAN,135.12452441461534,128.75123585383358,0.21464362100232393,300.9349206049228,6,26,22,3,4,135.11973631410604,108.6341812745603,300.04744800000003,134.67821971244572,95.42156742076739,300.544617,131.65312589337105,112.10522871122011,300.033190247,21,1000,20
o7_ar5_1,116.9458471,-inf,FAILED,"Objective value wrong, with error 1e+50
Lbx > x* for indices:
[[ 0  0]
 [ 1  0]
 [ 2  0]
 [ 3  0]
 [ 4  0]
 [ 5  0]
 [ 6  0]
 [ 7  0]
 [ 8  0]
 [ 9  0]
 [10  0]
 [11  0]
 [12  0]
 [13  0]]
Ubg < g(x*,p) - tol:
[       inf        inf        inf        inf        inf        inf
        inf        inf        inf        inf        inf        inf
        inf        inf 1.99999999 1.99999999 1.99999999 1.99999999
 1.99999999 1.99999999 1.99999999 1.99999999 1.99999999 1.99999999
 1.99999999 1.99999999 1.99999999 1.99999999]
for indices:
(array([ 0,  1,  2,  3,  4,  5,  6,  7,  8,  9, 10, 11, 12, 13, 59, 60, 61,
       62, 63, 64, 65, 66, 67, 68, 69, 70, 71, 72]),)",NAN,NAN,NAN,118.2361991791059,115.49397893221914,0.21540125901810825,300.9553499290487,6,22,15,4,3,118.76653588355101,98.92915863810079,300.04636800000003,116.94584570438113,90.5932615033738,300.277762,116.94584373736997,116.94584373736997,296.530534862,6,0010,30
o8_ar4_1,243.0707486,-inf,FAILED,"Objective value wrong, with error 1e+50
Lbx > x* for indices:
[[ 0  0]
 [ 1  0]
 [ 2  0]
 [ 3  0]
 [ 4  0]
 [ 5  0]
 [ 6  0]
 [ 7  0]
 [ 8  0]
 [ 9  0]
 [10  0]
 [11  0]
 [12  0]
 [13  0]
 [14  0]
 [15  0]]
Ubg < g(x*,p) - tol:
[       inf        inf        inf        inf        inf        inf
        inf        inf        inf        inf        inf        inf
        inf        inf        inf        inf 1.99999999 1.99999999
 1.99999999 1.99999999 1.99999999 1.99999999 1.99999999 1.99999999
 1.99999999 1.99999999 1.99999999 1.99999999 1.99999999 1.99999999
 1.99999999 1.99999999]
for indices:
(array([ 0,  1,  2,  3,  4,  5,  6,  7,  8,  9, 10, 11, 12, 13, 14, 15, 75,
       76, 77, 78, 79, 80, 81, 82, 83, 84, 85, 86, 87, 88, 89, 90]),)",NAN,NAN,NAN,243.07074551698796,243.07074452664813,0.33939515601377934,246.59238406200893,4,16,10,4,1,259.8996786125252,171.8186162364867,300.067489,243.07074571604699,161.677467407298,300.529132,246.86843512698462,174.75886182322981,300.00090739399997,24,1000,10
o9_ar4_1,236.1384562,-inf,FAILED,"Objective value wrong, with error 1e+50
Lbx > x* for indices:
[[ 0  0]
 [ 1  0]
 [ 2  0]
 [ 3  0]
 [ 4  0]
 [ 5  0]
 [ 6  0]
 [ 7  0]
 [ 8  0]
 [ 9  0]
 [10  0]
 [11  0]
 [12  0]
 [13  0]
 [14  0]
 [15  0]
 [16  0]
 [17  0]]
Ubg < g(x*,p) - tol:
[       inf        inf        inf        inf        inf        inf
        inf        inf        inf        inf        inf        inf
        inf        inf        inf        inf        inf        inf
 1.99999999 1.99999999 1.99999999 1.99999999 1.99999999 1.99999999
 1.99999999 1.99999999 1.99999999 1.99999999 1.99999999 1.99999999
 1.99999999 1.99999999 1.99999999 1.99999999 1.99999999 1.99999999]
for indices:
(array([  0,   1,   2,   3,   4,   5,   6,   7,   8,   9,  10,  11,  12,
        13,  14,  15,  16,  17,  93,  94,  95,  96,  97,  98,  99, 100,
       101, 102, 103, 104, 105, 106, 107, 108, 109, 110]),)",NAN,NAN,NAN,-inf,FAILED,"Objective value wrong, with error 242.81930369971994
Ubg < g(x*,p) - tol:
[1.04691464e-02 3.64157178e-02 1.11114833e-01 3.57150077e-02
 2.02299513e-02 6.58602802e-03 3.45675407e-03 1.17321277e-02
 1.75949429e-03 6.13008586e-03 9.60912498e-04 3.65392092e-04
 3.45674615e-03 1.17321008e-02 7.50000750e-06 7.50000750e-06]
for indices:
(array([  0,   1,   2,   3,   4,   5,  10,  11,  12,  13,  14,  15,  16,
        17, 125, 322]),)",NAN,NAN,NAN,NAN,NAN,NAN,270.91368956742537,165.7636666781874,300.078268,326.7782467126939,142.7764769632876,300.529255,275.4121761522772,156.51734994294077,300.000261317,28,1000,40
p_ball_10b_5p_2d_h,18.71857799,18.71857798796891,0,43.877042880281806,17.295459000004417,0,0,18.718577687693454,18.718572598795028,0.321892287931405,68.76399806689005,20,78,26,5,18,18.718578180713536,18.5344884199591,10.807729,18.71857794877038,18.71857794877039,13.482783,18.718576319602438,0,33.841715952,32,00300,00
p_ball_10b_5p_3d_h,44.00421681,44.00421680539977,0,44.647503049112856,33.032871000009145,0,0,44.004216500578885,43.945856887162535,0.5681238870602101,299.2361528290203,27,105,38,6,26,44.004216834856194,43.56423002688099,43.430688,44.0042167291768,44.0042167291768,40.406518,44.004213613890443,0,182.87172848,69,00660,00
p_ball_10b_5p_4d_h,71.37194798,71.37194798261878,0,99.48988541588187,60.82136499998114,0,0,73.26937196468441,45.625627854587954,0.8757209560135379,309.74226218892727,26,109,49,4,25,85.05558474411617,85.05558474411617,3.772208,71.37194791585186,71.01701288368278,86.979239,73.072415509688767,0,306.76046521999996,81,210770,00
p_ball_10b_7p_3d_h,109.8032151,-inf,FAILED,"Error in Function::call for 'minlp' [BonminInterface] at .../casadi/core/function.cpp:1432:
Error in Function::call for 'minlp' [BonminInterface] at .../casadi/core/function.cpp:361:
.../casadi/interfaces/bonmin/bonmin_interface.cpp:477: Uncaught error in Bonmin",NAN,NAN,NAN,109.86062965518416,101.18150382854489,1.2607952420366928,323.54835970001295,18,80,67,9,11,109.80321497888431,107.0327535635457,300.023327,109.8606306102086,65.9012995991837,300.36424700000003,135.84789643218554,0,311.627797585,46,210420,00
p_ball_15b_5p_2d_h,6.599867696,6.599867694976376,0,124.89110230002552,60.00160400000447,0,0,6.599865806398947,6.599790089199925,0.6604201400186867,257.5641664250288,28,99,16,3,27,6.599867901939383,6.53409185977614,65.19251299999999,6.599866863505827,6.599866863505826,53.704964000000004,6.5998393095566854,0,195.342054492,63,00620,00
p_ball_20b_5p_2d_h,2.437175093,2.437175093345309,0,302.7826840309426,160.43555820500268,0,0,10.503569708574053,0.0,1.0898464359343052,318.1991299780784,26,84,45,6,24,2.437175373247801,2.413746883557575,84.592825,2.4371750608897145,2.437175060889714,121.82099699999999,16.539253782736601,0,300.63190594499997,42,210420,00
p_ball_20b_5p_3d_h,19.73646908,20.450031333106395,0,302.3840883076191,176.65995755899968,0,0,30.68159471534508,0.0,1.9336257869144902,328.80606865196023,23,61,23,3,22,19.73646908452387,19.13656957917896,300.02444,19.78030878424262,11.05016701451804,300.18368799999996,74.333414243075566,0,304.91592427999996,38,210380,00
p_ball_30b_5p_2d_h,0.2916294099,1.9238453413652803,0,303.0605272036046,119.86757276899934,0,0,21.102469168379454,0.0,2.4381909579969943,330.69570259493776,22,75,39,5,19,0.2916294130489854,0.2887599615008103,203.226386,0.29162920318486907,0,300.10026700000003,1.7976931348623157e+308,0,304.223116977,30,10300,00
portfol_buyin,0.02942379989,0.030458864440110835,0,0.02352223079651594,0.026642,0,0,0.02942379478242373,0.02829024469235643,0.08226946601644158,0.045005057007074356,2,3,0,2,1,0.02942379909635085,0.02942379909635085,0.067983,0.02942379388828878,0.02941772735687954,0.307975,0.029423788743197763,0,0.24834576,13,00130,00
portfol_card,0.03221766181,0.033670834171531994,0,0.028042001649737358,0.034583,0,0,0.032217664503262265,0.03093828811845734,0.023663320927880704,0.04149447998497635,2,3,0,2,1,0.03221775688933997,0.03221775688933997,0.14350300000000002,0.03221766181280044,0.03221766181280044,0.15306599999999998,0.032217649855338121,0,0.27967957299999996,12,00120,00
portfol_roundlot,0.02829063486,-inf,FAILED,"Objective value wrong, with error 1.7976931348623157e+308
Lbg > g(x*,p) + tol:
[0.04999999 0.99999999]
for indices:
(array([0, 2]),)",NAN,NAN,NAN,0.12755232083718918,0.11999972144133766,0.017956568975932896,0.3409621580503881,11,25,11,3,8,0.02831937557487735,0.02803612949326505,35.17958,0.02829040103243022,0.0282898038576193,0.083342,0.028282207269188921,0,11.530351004,104,001120,00
prob10,3.445503794,3.4455037943363673,0,0.02547959703952074,0.009125000000000001,0,0,3.4455037882283115,3.4455037882283115,0.00943223002832383,0.024197955965064466,2,3,0,2,1,3.4455037943264295,3.44550379432647,0.017735,3.4455037942913154,3.445503791753168,0.035774999999999994,10.312118485241777,-412.40000000000003,0.07409424499999999,2,0020,00
ravempb,269590.2193,269590.21931546263,0,1.3917142562568188,1.9993889999999959,0,0,269590.2148658474,269590.2148658474,0.14572813804261386,1.1425509169930592,6,9,1,5,2,269590.21931538254,267406.0925349041,0.154747,269590.21742271655,267888.2800906077,1.6854810000000002,269590.2142466018,268995.55925922666,0.41763161099999996,4,0050,120
sssd08-04,182022.5703,183200.43553427517,0,1.1299143517389894,0.29023399999998384,0,0,182927.91594325236,181458.60962781656,0.038158117909915745,0.47149978997185826,4,12,0,3,2,182022.56980973756,180907.5365518331,0.22205799999999998,182022.57009207745,181121.5486019324,8.286369,182431.95640752866,180918.2379271721,0.165781112,3,0000,20
sssd12-05,281408.6352,282077.3343156276,0,1.850829854607582,0.5324149999999429,0,0,291251.54884887073,291251.39303151274,0.06500128307379782,2.511204267037101,7,23,0,5,5,282097.19595700764,279770.7176255228,0.35166400000000003,281455.6625698873,257936.9826000329,301.049843,281861.9569395642,281861.9569395642,0.188207805,2,0010,100
sssd15-04,205054.4585,205054.45853183,0,1.1722976872697473,0.3535249999999991,0,0,205160.9670841025,204936.1509122392,0.059449549997225404,1.0106838119681925,5,17,0,3,4,205325.6927548305,203411.1996127701,0.28061400000000003,205160.9886055506,178925.1546323394,300.954863,205160.96706617996,205160.96706617996,0.1846546,4,0010,70
sssd15-06,539635.4697,543719.4067432329,0,14.000553541816771,4.222245000000506,0,0,549893.9152777545,549893.7925844612,0.1207375570666045,3.232419334934093,6,19,0,6,4,544201.0776493888,538914.4628263917,0.486627,541956.0337304904,431065.6253676683,300.831991,544144.66059281945,538881.44741270388,0.552841727,7,0000,200
sssd15-08,562617.8818,567102.9704180829,0,89.67100370209664,30.023867000026044,0,0,565297.3538120498,565297.3538120498,0.2382294440176338,15.752206631936133,9,32,0,9,3,567119.9938340462,561933.6710355653,0.514423,563351.5199724408,464422.0836986352,300.58568299999996,563716.58160456864,563716.58160456864,0.56029425,5,0010,160
sssd16-07,417188.8105,419425.7166526616,0,20.146985115483403,6.32558899999915,0,0,421307.4178166725,421307.4178166725,0.19646980497054756,7.501914712018333,7,28,0,3,6,420017.6637400005,416149.8445333338,0.47983200000000004,419114.18601613736,348358.6217439463,300.755897,420109.22809275595,416198.84914265422,0.5264771079999999,8,0000,220
sssd18-06,397992.2951,400946.25602764287,0,3.6738745234906673,1.174680999999942,0,0,401795.5366658918,401795.40409396664,0.16908213205169886,1.5894856669474393,6,16,0,4,3,400468.05253221036,396871.3410549448,0.290636,398253.64877205394,334302.5482378583,300.82584499999996,400563.99724158098,397336.66696400079,0.5633362949999999,7,0000,100
sssd18-08,832795.5852,839375.5035227027,0,81.51252607163042,28.60468699999484,0,0,859401.2038806942,859401.2038806942,0.36475285806227475,6.069748917943798,8,30,0,5,5,835906.3260222874,832021.2646190661,0.499673,838082.585883481,621957.0445476493,300.668638,836744.04551375203,828998.82479460584,1.0745009189999999,11,0000,200
sssd20-04,347691.4105,349950.2585020412,0,1.6032228888943791,0.5081449999999619,0,0,349519.76120641135,346759.0145708437,0.09208431001752615,1.230050222016871,6,19,0,4,4,348197.72235463385,345800.6056445187,0.142995,347764.4568928224,288251.0560165598,300.814363,347859.91725300031,345251.8717522549,0.270554975,6,0000,200
sssd20-08,469619.8376,473489.52904233616,0,31.547398178838193,11.393232999999412,0,0,472020.7894360286,472020.7894360286,0.47290336596779525,6.224897627020255,8,25,0,8,3,471864.8708821045,468315.4089422042,0.39322,471977.4412435475,394055.8332810526,300.61521799999997,495914.36613638408,491032.50435680401,0.96472377,11,0000,320
sssd22-08,508713.7312,512070.72121459263,0,27.656262604519725,10.280124000004173,0,0,512773.6379080153,512773.3211675106,0.6131543710362166,9.969066967023537,8,34,0,3,7,510986.6851588524,506348.7335211474,0.366981,509076.46992002695,423728.825572877,300.632035,510379.42049447575,506673.01830515452,0.788911662,8,0000,80
sssd25-04,300176.5637,301302.24121342815,0,2.355125422589481,0.7723989999999388,0,0,301783.3687197678,299257.4435490778,0.1312463900540024,1.1882679240079597,5,18,0,3,4,300851.5047951455,298117.9641001734,0.32753599999999994,300186.79999719386,237737.4197313735,300.67377300000004,300436.50475513871,298111.56045880372,0.197750499,3,0000,50
sssd25-08,472093.078,475883.9959524083,0,20.067483165301383,7.403479000000786,0,0,475010.882172851,474555.2983816469,0.8643189689610153,11.768211786984466,9,35,0,5,7,475731.9939019264,471401.2731478016,0.44401799999999997,473677.93910100195,406891.0220941922,300.675203,474794.22261281754,474794.22261281754,0.923976183,6,0010,70
st_e14,4.579582402,4.579582402486655,0,0.0538052087649703,0.043196,0,0,4.579582373600571,4.579582373600571,0.026032048044726253,0.11310664494521916,6,11,0,3,4,4.579582402436707,4.53417292810631,0.011966999999999998,4.579582402433536,4.576289805208791,0.026792,4.5795824024367082,4.5795824024367082,0.014844567,0,0000,20
stockcycle,119948.6883,119948.68833329527,0,19.067432006821036,10.115750999999495,0,0,137187.74184751388,120905.18859453686,8.994229763979092,301.43942445598077,33,151,0,3,32,120308.78833333332,119915.8011346171,0.094388,119948.68833333334,118783.8979067506,2.021203,119948.68833333334,119942.93271126749,0.247166999,3,0000,210
synthes1,6.00975909,6.009758908948444,0,0.04627215676009655,0.032068999999999986,0,0,6.009758726704932,6.009758726704932,0.02818037709221244,0.03315785597078502,3,4,0,2,1,6.009758909098336,6.007766318163435,0.011451000000000001,6.009758838804952,6.009758829814956,0.085769,6.0097514789467592,6.0097514789467592,0.040000961,2,0000,50
synthes2,73.03531253,73.03531252510001,0,0.07099804282188416,0.061613000000000036,0,0,73.03531205058363,73.03531205058363,0.01424812397453934,0.11980928701814264,5,10,0,2,4,73.03613922167362,72.49318991229586,0.01239,73.0411821494638,73.02899111513965,0.019895,73.035292274450399,73.035289713737924,0.043332636,2,0010,70
synthes3,68.00974052,68.00974052143513,0,0.10000580828636885,0.08456800000000035,0,0,68.00974074385655,67.37121411197847,0.01857821107842028,0.09236383391544223,3,7,0,2,2,68.06262769178738,67.7043017708817,0.011853999999999998,68.07687883647847,67.87314216634815,0.048523,68.009428025650521,67.553419492595992,0.035086334000000004,1,0000,70
tls2,5.3,5.299999999999882,0,8.919843752868474,6.120461999999947,0,0,5.299999919921546,5.299999919921546,0.027770532062277198,0.6933134510181844,7,21,17,6,2,5.3,5.300000000000001,0.043347000000000004,5.3,5.300000000000001,0.32911900000000005,5.2999999999999998,5.2999999999999998,0.062127718000000005,1,0010,100
tls4,8.3,-inf,FAILED,"Objective value wrong, with error 1e+50
Lbx > x* for indices:
[[ 0  0]
 [ 1  0]
 [ 2  0]
 [ 3  0]
 [ 4  0]
 [ 5  0]
 [ 6  0]
 [ 7  0]
 [ 8  0]
 [ 9  0]
 [10  0]
 [11  0]
 [12  0]
 [13  0]
 [14  0]
 [15  0]
 [16  0]
 [17  0]
 [18  0]
 [19  0]]
Lbg > g(x*,p) + tol:
[0.99999999 0.99999999 0.99999999 0.99999999 0.99999999 0.99999999
 0.99999999 0.99999999 0.99999999 0.99999999 0.99999999 0.99999999
 0.99999999 0.99999999 0.99999999 0.99999999 0.99999999 0.99999999
 0.99999999 0.99999999]
for indices:
(array([24, 25, 26, 27, 32, 33, 34, 35, 36, 37, 38, 39, 40, 41, 42, 43, 44,
       45, 46, 47]),)
Ubg < g(x*,p) - tol:
[  11.99999999   10.99999999   15.99999999   14.99999999 1699.99999999
 1699.99999999 1699.99999999 1699.99999999]
for indices:
(array([ 0,  1,  2,  3,  8,  9, 10, 11]),)",NAN,NAN,NAN,8.399999941202292,7.899999423928572,0.111956343986094,302.67984215996694,69,315,292,13,56,8.3,8.3,6.354499000000001,8.3,8.3,23.536635,8.3000000000000007,8.2999999999999989,13.862855191000001,13,0010,110
tls5,10.3,-inf,FAILED,"Objective value wrong, with error 1e+50
Lbx > x* for indices:
[[ 0  0]
 [ 1  0]
 [ 2  0]
 [ 3  0]
 [ 4  0]
 [ 5  0]
 [ 6  0]
 [ 7  0]
 [ 8  0]
 [ 9  0]
 [10  0]
 [11  0]
 [12  0]
 [13  0]
 [14  0]
 [15  0]
 [16  0]
 [17  0]
 [18  0]
 [19  0]
 [20  0]
 [21  0]
 [22  0]
 [23  0]
 [24  0]
 [25  0]
 [26  0]
 [27  0]
 [28  0]
 [29  0]]
Lbg > g(x*,p) + tol:
[0.99999999 0.99999999 0.99999999 0.99999999 0.99999999 0.99999999
 0.99999999 0.99999999 0.99999999 0.99999999 0.99999999 0.99999999
 0.99999999 0.99999999 0.99999999 0.99999999 0.99999999 0.99999999
 0.99999999 0.99999999 0.99999999 0.99999999 0.99999999 0.99999999
 0.99999999 0.99999999 0.99999999 0.99999999 0.99999999 0.99999999]
for indices:
(array([30, 31, 32, 33, 34, 40, 41, 42, 43, 44, 45, 46, 47, 48, 49, 50, 51,
       52, 53, 54, 55, 56, 57, 58, 59, 60, 61, 62, 63, 64]),)
Ubg < g(x*,p) - tol:
[  16.99999999   10.99999999   19.99999999   10.99999999   13.99999999
 1799.99999999 1799.99999999 1799.99999999 1799.99999999 1799.99999999]
for indices:
(array([ 0,  1,  2,  3,  4, 10, 11, 12, 13, 14]),)",NAN,NAN,NAN,-inf,FAILED,"Objective value wrong, with error 6.421130662141814
Lbg > g(x*,p) + tol:
[1.02795643e-15 1.02795643e-15 1.39778012e-16 2.87557098e-17
 1.39778012e-16 1.39778012e-16 1.02795643e-15 1.02795643e-15]
for indices:
(array([40, 41, 42, 47, 55, 57, 62, 64]),)
Ubg < g(x*,p) - tol:
[5.99999723e+00 2.99999825e+00 3.99999617e+00 1.39778012e-16]
for indices:
(array([ 1,  2,  4, 61]),)",NAN,NAN,NAN,NAN,NAN,NAN,10.3,5.100000000000001,300.026436,10.7,6.355721812919227,300.68494499999997,10.300000000000001,4.2999999999999998,300.02597721,22,1000,120
tls6,15.3,-inf,FAILED,"Objective value wrong, with error 1e+50
Lbx > x* for indices:
[[ 0  0]
 [ 1  0]
 [ 2  0]
 [ 3  0]
 [ 4  0]
 [ 5  0]
 [ 6  0]
 [ 7  0]
 [ 8  0]
 [ 9  0]
 [10  0]
 [11  0]
 [12  0]
 [13  0]
 [14  0]
 [15  0]
 [16  0]
 [17  0]
 [18  0]
 [19  0]
 [20  0]
 [21  0]
 [22  0]
 [23  0]
 [24  0]
 [25  0]
 [26  0]
 [27  0]
 [28  0]
 [29  0]
 [30  0]
 [31  0]
 [32  0]
 [33  0]
 [34  0]
 [35  0]
 [36  0]
 [37  0]
 [38  0]
 [39  0]
 [40  0]
 [41  0]]
Lbg > g(x*,p) + tol:
[0.99999999 0.99999999 0.99999999 0.99999999 0.99999999 0.99999999
 0.99999999 0.99999999 0.99999999 0.99999999 0.99999999 0.99999999
 0.99999999 0.99999999 0.99999999 0.99999999 0.99999999 0.99999999
 0.99999999 0.99999999 0.99999999 0.99999999 0.99999999 0.99999999
 0.99999999 0.99999999 0.99999999 0.99999999 0.99999999 0.99999999
 0.99999999 0.99999999 0.99999999 0.99999999 0.99999999 0.99999999
 0.99999999 0.99999999 0.99999999 0.99999999 0.99999999 0.99999999]
for indices:
(array([36, 37, 38, 39, 40, 41, 48, 49, 50, 51, 52, 53, 54, 55, 56, 57, 58,
       59, 60, 61, 62, 63, 64, 65, 66, 67, 68, 69, 70, 71, 72, 73, 74, 75,
       76, 77, 78, 79, 80, 81, 82, 83]),)
Ubg < g(x*,p) - tol:
[  13.99999999   21.99999999   17.99999999   12.99999999   19.99999999
   21.99999999 2099.99999999 2099.99999999 2099.99999999 2099.99999999
 2099.99999999 2099.99999999]
for indices:
(array([ 0,  1,  2,  3,  4,  5, 12, 13, 14, 15, 16, 17]),)",NAN,NAN,NAN,-inf,FAILED,"Integer infeasible: [] (array([], dtype=int64),)",NAN,NAN,NAN,NAN,NAN,NAN,15.3,5.300000000000001,300.03294,17.1,8.230576534351183,300.35920400000003,15.300000000000001,6.3000000000000007,300.036074772,23,1000,170
