name,primalbound,dualbound,objsense,cvx_new.obj,cvx_new.dual_obj,cvx_new.load_time,cvx_new.calc_time,cvx_new.solver_time,cvx_new.python_time,cvx_new.iter_nr,cvx_new.NLP_runs,cvx_new.FNLP_runs,cvx_new.MIQP_runs,cvx_new.MILP_runs,cvx_old.obj,cvx_old.dual_obj,cvx_old.load_time,cvx_old.calc_time,cvx_old.iter_nr,cvx_old.NLP_runs,cvx_old.FNLP_runs,cvx_old.MIQP_runs,cvx_old.MILP_runs
batch,285506.5082,285506.5082,min,300804.8921397765,300804.8921397765,1.4295801520347595e-06,0.1142531866207718,0.0700568100437522,0.0441963765770196,4.0,4.0,0.0,4.0,2.0,285506.50498104404,285506.50498104404,7.366761565208435e-07,0.1332791717723012,4.0,6.0,0.0,4.0,2.0
batch0812,2687026.784,2687026.784,min,3109204.807645933,3109204.8076459332,0.13235919270664454,0.2954442864283919,0.1690919073298573,0.1263523790985345,2.0,3.0,1.0,2.0,1.0,2961407.4273775765,2961407.4273775765,0.12413030304014683,0.300871292129159,3.0,5.0,1.0,3.0,2.0
batchdes,167427.6571,167427.6571,min,167427.65337972456,167427.65337972456,0.02671113982796669,0.0272781457751989,0.0133071513846516,0.0139709943905472,2.0,2.0,0.0,2.0,1.0,167427.65337972456,167427.65337972456,0.026136440224945545,0.0220108060166239,2.0,2.0,0.0,2.0,1.0
batchs101006m,769440.4204,769440.42,min,769440.4053867864,766094.8206183895,1.2026015594601631,6.308887865394354,4.90405538212508,1.4048324832692742,6.0,19.0,3.0,2.0,5.0,769440.4053867864,763569.4965823793,1.1316216746345162,5.818948395550251,6.0,16.0,2.0,4.0,4.0
batchs121208m,1241125.514,1241125.513,min,1245833.9222658663,1237898.3823897266,2.8742121625691652,11.814390099607408,7.868763125501573,3.945626974105835,4.0,14.0,1.0,3.0,2.0,1243940.7750682335,1236947.208024591,2.6214720038697124,4.626152442768216,4.0,7.0,3.0,3.0,2.0
batchs151208m,1543472.398,1543472.398,min,1549099.6858157674,1541452.3563751183,3.4694109987467527,13.52512903790921,8.736264548264444,4.788864489644766,3.0,9.0,0.0,3.0,2.0,1544418.9802138011,1534618.1690266228,3.1588063845410943,24.44062544219196,7.0,11.0,2.0,6.0,2.0
batchs201210m,2295348.849,2295348.849,min,2302946.5654196115,2288361.9841444464,5.985284635797143,18.67566037643701,11.95167675241828,6.723983624018729,3.0,9.0,0.0,3.0,1.0,2304875.125525628,2292577.302790185,5.430755080655217,28.40596091840416,9.0,13.0,4.0,8.0,1.0
clay0203hfsg,41573.26252,41573.26248,min,41709.76921898047,41355.07807397629,0.2119248602539301,3.3071926003322005,2.2696753861382604,1.0375172141939402,7.0,29.0,14.0,6.0,4.0,41573.26250379671,41377.0103340825,0.19970031548291445,2.237655680626631,7.0,18.0,11.0,7.0,2.0
clay0204hfsg,6545.0,6545.0,min,6544.999962872769,6544.964919359913,0.27671683207154274,2.3651207676157355,2.163564489223063,0.2015562783926725,3.0,11.0,3.0,2.0,1.0,6604.9999634501255,6544.972429964001,0.27223280165344477,7.714753654785454,3.0,9.0,6.0,3.0,1.0
clay0205hfsg,8092.5,8092.5,min,8092.49995669804,8084.956082717378,0.5128026260063052,7.471723326481879,6.621618899516761,0.8501044269651175,2.0,6.0,0.0,2.0,1.0,8092.499956870298,8084.9704251689,0.4965681741014123,82.30588478501886,2.0,6.0,0.0,2.0,1.0
clay0303hfsg,26669.10957,26669.10957,min,26669.10955098333,26669.09512332754,0.21950811240822077,4.21000262349844,3.166124338284135,1.043878285214305,7.0,28.0,16.0,5.0,4.0,26669.109551320384,26669.097345246315,0.2122179390862584,5.26668543368578,9.0,32.0,23.0,7.0,5.0
clay0304hfsg,40262.38753,40262.38753,min,40262.38749393643,40262.20457440197,0.3736004438251257,15.264293614774942,12.230316780507565,3.033976834267378,11.0,49.0,32.0,7.0,5.0,40262.38749393643,40232.5772831439,0.3585954373702407,16.127226713113487,12.0,44.0,34.0,10.0,4.0
clay0305hfsg,8092.5,8092.5,min,8092.49995669805,8084.903092878134,0.6427905447781086,13.333760764449837,12.288874729536474,1.044886034913361,2.0,6.0,0.0,2.0,1.0,8092.499956698056,8092.480513790727,0.6330816075205803,146.6779975751415,5.0,15.0,3.0,3.0,3.0
cvxnonsep_normcon20,-21.74914736,-21.74914739,min,-21.7491473846331,-21.82222547389317,0.05508924834430218,0.0275816079229116,0.0119039928540587,0.0156776150688529,2.0,2.0,0.0,2.0,1.0,-21.7491473846331,-21.82222547389317,0.05653480160981417,0.0228318609297275,2.0,2.0,0.0,2.0,1.0
cvxnonsep_normcon30,-34.24396574,-34.24396578,min,-34.22751206702149,-34.428749859066556,0.040997471660375595,0.031729114241898,0.0137613536790013,0.0179677605628967,2.0,2.0,0.0,2.0,1.0,-34.22751206702149,-34.428749859066556,0.03681046701967716,0.0267077423632144,2.0,2.0,0.0,2.0,1.0
cvxnonsep_normcon40,-32.62966972,-32.62966975,min,-32.6296697474825,-32.88554272835089,0.0638530058786273,0.0377195114269852,0.0169376637786626,0.0207818476483225,2.0,2.0,0.0,2.0,1.0,-32.6296697474825,-32.88554272835089,0.058925068005919456,0.0331469634547829,2.0,2.0,0.0,2.0,1.0
cvxnonsep_nsig20,80.94929546,80.94929538,min,80.94929465741761,80.81583433225809,0.03570092003792524,0.0276839239522814,0.0120985237881541,0.0155854001641273,2.0,2.0,0.0,2.0,1.0,80.94929465741761,80.81583433225809,0.032830736599862576,0.0233742650598287,2.0,2.0,0.0,2.0,1.0
cvxnonsep_nsig20r,80.94929546,80.94929529,min,80.94927862502492,80.81581789826072,0.024419130757451057,0.0350053943693637,0.0120907612144947,0.022914633154869,2.0,2.0,0.0,2.0,1.0,81.45961342596009,80.81581789826072,0.022015531547367573,0.27613406162709,6.0,15.0,3.0,3.0,4.0
cvxnonsep_nsig30,130.6287126,130.6287125,min,130.65033700034454,130.47997176012422,0.05697248876094818,0.034577795304358,0.0165572483092546,0.0180205469951033,2.0,2.0,0.0,2.0,1.0,130.65033700034454,130.47997176012422,0.05852560605853796,0.0265133408829569,2.0,2.0,0.0,2.0,0.0
cvxnonsep_nsig30r,156.4266874,156.4266723,min,156.4266167111624,156.2343211644331,0.03688066080212593,0.0389230763539671,0.0125841051340103,0.0263389712199568,2.0,2.0,0.0,2.0,1.0,157.24837347429536,156.2343211644331,0.03393017128109932,0.2070402130484581,5.0,8.0,1.0,5.0,0.0
cvxnonsep_nsig40,133.9613305,133.9613303,min,133.96132894832803,133.74494901551313,0.09023159649223089,0.0417932057753205,0.0197375193238258,0.0220556864514946,2.0,2.0,0.0,2.0,1.0,133.96132894832803,133.74494901551313,0.09059813152998686,0.0377169316634535,2.0,2.0,0.0,2.0,1.0
cvxnonsep_nsig40r,133.9613305,133.9613303,min,133.96126813632867,133.74488859965595,0.053750510327517986,0.2142990585416555,0.0300902696326375,0.184208788909018,2.0,2.0,0.0,2.0,1.0,134.61810987789153,133.74488859965595,0.0562025411054492,0.2429568041115999,4.0,9.0,1.0,4.0,0.0
cvxnonsep_pcon20,-21.5123012,-21.5123012,min,-21.469437905707228,-21.629610239291953,0.0371028296649456,0.030464275740087,0.0146116437390446,0.0158526320010423,2.0,2.0,0.0,2.0,1.0,-21.469437905707228,-21.629610239291953,0.03721288125962019,0.0213856995105743,2.0,2.0,0.0,2.0,0.0
cvxnonsep_pcon20r,-21.5123012,-21.5123012,min,-21.46943786371748,-21.62961019921222,0.027633361518383026,0.0261092195287346,0.0101538142189383,0.0159554053097963,2.0,2.0,0.0,2.0,0.0,-21.46943786371748,-21.62961019921222,0.02519119158387184,0.0229503056034445,2.0,2.0,0.0,2.0,0.0
cvxnonsep_pcon30,-35.9868423,-35.9868423,min,-35.947546900386875,-36.15628296632238,0.04647832363843918,0.0377734536305069,0.0178883895277977,0.0198850641027092,2.0,2.0,0.0,2.0,1.0,-35.947546900386875,-36.15628296632238,0.04404775332659483,0.0270108068361878,2.0,2.0,0.0,2.0,0.0
cvxnonsep_pcon30r,-35.9868423,-35.98684234,min,-35.94754683755864,-36.15628290478362,0.04176084604114294,0.031592427752912,0.011511031538248,0.0200813962146639,2.0,2.0,0.0,2.0,0.0,-35.94754683755864,-36.15628290478362,0.03810039348900318,0.0279076313599944,2.0,2.0,0.0,2.0,0.0
cvxnonsep_pcon40,-46.59916882,-46.59916883,min,-46.57800468535515,-46.78238836479686,0.0750265596434474,0.0443960921838879,0.0224449569359421,0.0219511352479457,2.0,2.0,0.0,2.0,1.0,-46.57800468535515,-46.78238836479686,0.06983189471065998,0.0383296003565192,2.0,2.0,0.0,2.0,1.0
cvxnonsep_pcon40r,-46.59916883,-46.59916887,min,-46.57800460368898,-46.78238828198824,0.05905756074935198,0.1462424090132117,0.0246358187869191,0.1216065902262926,2.0,2.0,0.0,2.0,1.0,-46.57800460368898,-46.78238828198824,0.06189190782606602,0.0653287395834922,2.0,2.0,0.0,2.0,1.0
cvxnonsep_psig20,93.81138788,93.81138757,min,93.81138766483134,93.73708927503992,0.0279430216178298,0.0254425220191478,0.0110398745164275,0.0144026475027203,2.0,2.0,0.0,2.0,1.0,93.81138766483134,93.73708927503992,0.03507922403514385,0.0224661771208047,2.0,2.0,0.0,2.0,1.0
cvxnonsep_psig20r,95.89738736,95.89738726,min,95.89739532923832,95.80647949893087,0.023653718642890453,0.0356274656951427,0.0127165121957659,0.0229109534993767,2.0,2.0,0.0,2.0,1.0,95.92731216811916,95.80647949893087,0.023684094659984112,0.0341900624334812,2.0,3.0,0.0,2.0,0.0
cvxnonsep_psig30,78.99885434,78.99885426,min,79.00237822815792,78.74479813452173,0.031282453797757626,0.0311307432129979,0.0149594526737928,0.016171290539205,2.0,2.0,0.0,2.0,1.0,79.00237822815792,78.74479813452173,0.030997042544186115,0.0281804222613573,2.0,2.0,0.0,2.0,1.0
cvxnonsep_psig30r,78.99885434,78.99885426,min,79.00240266582215,78.74482563402228,0.034226072020828724,0.0423788605257868,0.0149932773783802,0.0273855831474065,2.0,2.0,0.0,2.0,1.0,79.00240266582215,78.74482563402228,0.03195749782025814,0.0293411733582615,2.0,2.0,0.0,2.0,0.0
cvxnonsep_psig40,85.49576764,85.49576755,min,85.49914724357482,85.20136272924489,0.04998259525746107,0.0370814064517617,0.0172135336324572,0.0198678728193044,2.0,2.0,0.0,2.0,1.0,85.49914724357482,85.20136272924489,0.04688664339482784,0.0331850461661815,2.0,2.0,0.0,2.0,1.0
cvxnonsep_psig40r,86.5451047,86.54509269,min,86.54515088523402,86.29696855652205,0.04799393564462662,0.1402793116867542,0.0198368392884731,0.1204424723982811,2.0,2.0,0.0,2.0,1.0,86.54624393006816,86.29696855652205,0.04474112298339605,0.0976249985396862,2.0,4.0,0.0,2.0,1.0
enpro48pb,187277.2594,187277.2594,min,187277.2557601836,187276.24181563666,0.3090286822989583,1.0203862264752388,0.6531493803486228,0.367236846126616,4.0,9.0,0.0,4.0,2.0,187277.2557601824,186432.27927920857,0.28378999792039394,0.9139878517016768,4.0,9.0,0.0,3.0,1.0
enpro56pb,263428.301,263428.3009,min,263428.2966425004,263427.3391162258,0.22776786144822836,0.6642632763832808,0.5302025713026524,0.1340607050806284,2.0,4.0,1.0,2.0,1.0,263428.29664187576,263427.11011246074,0.21727193146944046,3.1691249953582883,6.0,10.0,2.0,6.0,2.0
ex1223,4.579582402,4.5795824,min,4.579582373600571,4.579582373600571,0.025078983046114445,0.0814037751406431,0.0324252350255847,0.0489785401150584,5.0,8.0,0.0,2.0,4.0,4.579582373600571,4.579582373600571,0.030419806949794292,0.0802864860743284,5.0,11.0,0.0,2.0,4.0
ex1223b,4.579582402,4.5795824,min,4.57958237379399,4.57958237379399,0.013443420641124249,0.0906763179227709,0.0346219409257173,0.0560543769970536,6.0,9.0,0.0,2.0,5.0,4.57958237379399,4.57958237379399,0.011765822768211365,0.0898646200075745,6.0,12.0,0.0,2.0,5.0
fac1,160912612.4,160912612.4,min,160912612.2935292,160912612.2935292,0.02039599046111107,1.9064781377092004,1.8893499914556744,0.0171281462535262,2.0,4.0,1.0,2.0,1.0,160912612.2935292,160912612.2935292,0.023656750097870827,1.6295021641999483,2.0,3.0,1.0,2.0,1.0
fac2,331837498.2,331837498.2,min,331837497.8380618,329739765.28796196,0.04647967126220465,0.0566555894911289,0.0376653252169489,0.0189902642741799,2.0,2.0,0.0,2.0,1.0,331837497.8380618,329739765.28796196,0.051224859431385994,0.0611899178475141,2.0,2.0,0.0,2.0,1.0
flay02h,37.94733192,37.94733192,min,37.94733186289341,37.94733188293823,0.030154976062476635,0.0667466409504413,0.0437899446114897,0.0229566963389515,3.0,5.0,0.0,2.0,1.0,37.94733186289341,37.94733188293823,0.03444122429937124,0.0507841939106583,3.0,4.0,0.0,2.0,1.0
flay02m,37.94733192,37.94733192,min,37.94733180457008,37.94732588889903,0.01565573737025261,0.0377835361286997,0.0185285247862339,0.0192550113424658,3.0,4.0,0.0,2.0,1.0,37.94733180457008,37.94727338032068,0.013868693262338638,0.035919296555221,3.0,3.0,0.0,2.0,1.0
flay03h,48.98979486,48.98979322,min,48.9897948731286,48.826462438550756,0.07966988813132048,1.063434879295528,0.8081238297745585,0.2553110495209694,7.0,25.0,0.0,2.0,5.0,48.98979487314674,48.82645746553998,0.0747687267139554,0.9493679674342276,7.0,23.0,0.0,2.0,5.0
flay03m,48.98979486,48.98979359,min,48.98979473356545,48.82648224207939,0.025434082373976707,0.3810893017798662,0.2607198469340801,0.1203694548457861,7.0,25.0,0.0,2.0,5.0,48.989794748235,48.82648687261517,0.030245937407016754,0.3335639759898186,7.0,23.0,0.0,2.0,5.0
flay04h,54.40588204,54.40588,min,54.40588204053931,53.91703457327334,0.21206438448280096,8.878917501308024,7.730501228012145,1.1484162732958794,8.0,35.0,0.0,3.0,6.0,54.40588204025194,53.877996513219244,0.2067607007920742,8.98618590272963,7.0,25.0,0.0,3.0,5.0
flay04m,54.40588203,54.40587856,min,54.40588191722429,53.958472858625264,0.049397711642086506,2.0964989755302668,1.878149390220642,0.2183495853096246,8.0,34.0,0.0,2.0,6.0,54.40588191722444,53.9584871159625,0.045519943349063396,2.3090676590800285,8.0,31.0,0.0,2.0,6.0
flay05h,64.49806199,64.49805571,min,64.49806202781127,63.94049419405353,0.4659747825935483,300.1237560547888,296.85786416288465,3.2658918919041757,11.0,51.0,0.0,2.0,9.0,64.49806202581198,63.94052876926773,0.45623503625392914,300.0679416731,11.0,39.0,0.0,2.0,9.0
flay05m,64.49806199,64.49805581,min,64.49806185362016,63.9405333283485,0.06435243505984545,75.14381649717689,74.59174706600606,0.5520694311708212,11.0,51.0,0.0,2.0,9.0,64.49806185654751,63.94047917662651,0.06671558041125536,77.17156727798283,11.0,43.0,0.0,2.0,9.0
flay06h,66.93280212,64.89222341,min,66.93280218499756,64.7995615389337,0.9252446228638291,300.09140022750944,294.6307451222092,5.460655105300248,6.0,26.0,0.0,2.0,4.0,66.93280220626337,64.79960446589715,0.8991867564618587,300.0595573671162,6.0,21.0,0.0,2.0,4.0
flay06m,66.93280212,66.93240231,min,66.93280197239346,65.64437105093714,0.1099664494395256,300.14499383512884,299.5429927101359,0.6020011249929667,9.0,41.0,0.0,2.0,7.0,66.93280198843244,65.19062543635656,0.10577288921922445,300.1314773513004,8.0,29.0,0.0,2.0,6.0
fo7,20.72982507,20.729825,min,20.729824722692754,20.72953969686851,0.2088800109922886,149.4397082934156,148.93545862007886,0.5042496733367443,7.0,31.0,14.0,2.0,5.0,20.72982474657522,20.727813909862665,0.20148829650133848,123.2050052639097,6.0,25.0,16.0,4.0,3.0
fo7_2,17.74934573,17.74934536,min,17.749345432133822,17.749120110062886,0.2195275416597724,67.58966884668916,66.97885197680444,0.6108168698847294,7.0,27.0,16.0,2.0,6.0,17.749345444443804,17.748925281410784,0.207882322371006,137.4644729597494,7.0,24.0,15.0,2.0,6.0
fo7_ar25_1,23.0935676,23.0935676,min,23.09356731010353,23.093455579182788,0.2616607639938593,61.5922729652375,60.72808974981308,0.8641832154244184,5.0,21.0,6.0,5.0,3.0,23.09356731010353,22.88689420404268,0.24797269143164158,130.71565364673734,5.0,19.0,9.0,5.0,3.0
fo7_ar2_1,24.83984707,24.83984703,min,24.83984643585143,24.839845668862523,0.2531607626006007,62.55724107287824,61.78357913903892,0.7736619338393211,6.0,25.0,10.0,5.0,3.0,24.83984643585143,24.702849532692362,0.24984439555555582,106.1762162791565,5.0,21.0,14.0,5.0,2.0
fo7_ar3_1,22.51747101,22.51747099,min,22.51747053092173,22.493231183555192,0.2603504220023751,57.31822232995182,56.8777577271685,0.4404646027833223,5.0,21.0,4.0,2.0,4.0,22.51747052469096,22.34033167108739,0.25214914605021477,176.12362245470285,5.0,19.0,6.0,5.0,4.0
fo7_ar4_1,20.72982507,20.72982504,min,20.72982479378065,20.728880697838374,0.25707544665783644,76.19361199066043,75.9160751933232,0.277536797337234,5.0,21.0,12.0,2.0,4.0,20.729824690260493,20.729636959878835,0.24998105503618717,134.12341666035354,6.0,21.0,11.0,6.0,4.0
fo7_ar5_1,17.74932941,17.7493294,min,17.749329045518934,17.7491336965329,0.26070248521864414,55.71110575273633,55.31248093768954,0.3986248150467872,5.0,18.0,5.0,2.0,4.0,17.74932903205996,17.749249452930943,0.2594054201617837,91.21066646743566,4.0,14.0,3.0,3.0,3.0
fo8,22.38189652,22.38189649,min,22.38189634973574,22.381848247174048,0.3319483017548919,300.2398544363677,299.02426692284644,1.2155875135213137,7.0,31.0,17.0,6.0,4.0,22.38189635218056,22.38178833242096,0.3131205616518855,239.92048391420397,6.0,25.0,14.0,3.0,5.0
fo8_ar25_1,28.0451814,28.04518138,min,28.04518122790423,28.007410566921205,0.3940248601138592,291.2179148895666,290.6055524582044,0.6123624313622713,4.0,16.0,7.0,4.0,2.0,28.045181232438942,28.007170728989305,0.37341057416051626,284.5155837591737,5.0,20.0,14.0,4.0,2.0
fo8_ar2_1,30.34061042,30.34060987,min,30.345435081132745,30.14274140660447,0.38354508951306343,272.6008101562038,272.05758963897824,0.5432205172255635,4.0,16.0,0.0,3.0,3.0,30.34543507785457,30.078156421989807,0.378908459097147,261.8178906729445,4.0,15.0,9.0,4.0,2.0
fo8_ar3_1,23.91005347,23.91005345,min,23.910053362462875,23.909377882086027,0.372087019495666,216.20848118700087,215.667831575498,0.5406496115028858,4.0,16.0,8.0,4.0,2.0,23.910053367366736,23.91002488840828,0.37458049412816763,71.68854148127139,2.0,6.0,0.0,2.0,1.0
fo8_ar4_1,22.38189652,22.38189649,min,22.38189642325345,22.381869121222763,0.38272120896726847,111.457296310924,110.9709610072896,0.4863353036344051,3.0,11.0,1.0,3.0,2.0,22.38189642379817,22.381869036119586,0.37747363466769457,183.10094159003347,4.0,14.0,4.0,3.0,3.0
fo8_ar5_1,22.38189652,22.38189646,min,22.381896419046107,22.381774741630405,0.3762019220739603,143.72185370139778,143.27618428505957,0.4456694163382053,4.0,16.0,4.0,2.0,3.0,22.381896423603852,22.381864807418953,0.3788780150935054,175.41837171185762,4.0,15.0,3.0,4.0,2.0
fo9,23.46428571,23.46428544,min,23.464285521633823,23.464174630577308,0.4601471871137619,161.59464356582612,161.06953812297434,0.5251054428517818,4.0,16.0,7.0,3.0,3.0,23.46428551084789,23.464245791014413,0.4660494737327099,190.7309306245297,5.0,20.0,13.0,4.0,2.0
fo9_ar25_1,32.18643105,32.18642335,min,32.2499999429588,31.711880633129237,0.5561827635392547,300.0555898230523,299.2376867150888,0.8179031079635024,4.0,16.0,7.0,4.0,2.0,32.24999994886442,32.090082137662264,0.5252420706674457,300.05040119122714,4.0,14.0,5.0,3.0,3.0
fo9_ar2_1,32.625,32.62498658,min,32.62499994338561,32.624942433783175,0.5655279541388154,267.2121982257813,266.5568949999288,0.6553032258525491,4.0,16.0,6.0,3.0,3.0,33.75576917606651,32.68061118451885,0.5327503001317382,300.0488323122263,4.0,15.0,7.0,3.0,3.0
fo9_ar3_1,24.81547619,24.81547617,min,24.81547612173019,24.813731529688432,0.5585521087050438,72.17566826194525,71.90161137934774,0.274056882597506,2.0,6.0,1.0,2.0,1.0,24.815476128801947,24.80761296098349,0.5319670373573899,216.1366421673447,5.0,20.0,10.0,5.0,1.0
fo9_ar4_1,23.46428571,23.46428571,min,23.46428560244757,23.462913671019543,0.5666999192908406,74.65830158162862,74.14457536581904,0.5137262158095837,3.0,11.0,2.0,3.0,1.0,23.464285644021995,23.463207473913105,0.5368057787418365,197.8173849033192,3.0,10.0,6.0,3.0,2.0
fo9_ar5_1,23.46428571,23.46428535,min,24.377976107635643,24.328261820805565,0.5708824656903744,235.6837739888579,235.2518094955012,0.4319644933566451,3.0,11.0,2.0,3.0,2.0,23.464285646558796,23.46428562941077,0.5308055765926838,300.30857876781374,5.0,20.0,11.0,5.0,2.0
gams01,21380.20059,2355.887174,min,21896.709970551117,17468.392619479375,6.937212833203375,300.0701054297388,299.3399536702782,0.7301517594605684,6.0,23.0,1.0,3.0,3.0,21895.54501093042,16453.391403087047,7.2260119235143065,300.06245972029865,5.0,17.0,1.0,3.0,2.0
ibs2,4.452848417,4.452846808,min,inf,inf,,,,,,,,,,inf,inf,,,,,,,
jit1,173983.33,173983.3298,min,173982.61006293277,173345.3768308797,0.21724099107086658,0.0273831943050026,0.0139307659119367,0.0134524283930659,2.0,2.0,0.0,2.0,1.0,173982.61006293277,173345.3768308797,0.20084599126130342,0.0267939325422048,2.0,3.0,0.0,2.0,0.0
m3,37.8,37.8,min,37.79999956991859,37.799963887074206,0.03169339615851641,0.112012536264956,0.085659023374319,0.0263535128906369,2.0,4.0,0.0,2.0,1.0,37.79999956991859,37.799964,0.02849263045936823,0.0888422047719359,2.0,4.0,0.0,2.0,1.0
m6,82.25687691,82.25687691,min,82.25687581013635,82.25677347062704,0.13233337085694075,0.8979631392285228,0.7193024102598429,0.1786607289686799,3.0,8.0,0.0,2.0,2.0,82.25687581013635,82.25675859365595,0.12928617000579834,3.728552927263081,3.0,8.0,0.0,2.0,2.0
m7,106.7568769,106.7568769,min,106.75687555086648,106.75666620415846,0.214280528947711,1.6472121635451913,1.4280247744172812,0.2191873891279101,3.0,7.0,2.0,2.0,2.0,106.75687555086648,106.75675438288017,0.2007325878366828,60.96741892863065,3.0,9.0,0.0,2.0,2.0
m7_ar25_1,143.585,143.585,min,143.58499691440977,143.58472937615966,0.25344410818070173,0.7881794311106205,0.6183807710185647,0.1697986600920558,2.0,6.0,0.0,2.0,1.0,143.58499682759705,143.5847088067657,0.24187366012483835,7.403546429239213,2.0,6.0,0.0,2.0,1.0
m7_ar2_1,190.235,190.235,min,190.2349965243224,190.23499645568432,0.2556515885517001,3.2397812800481915,3.0386308319866657,0.2011504480615258,3.0,9.0,1.0,2.0,2.0,190.2349965243224,190.2346823137662,0.24825055990368128,19.399309667758644,3.0,9.0,1.0,2.0,2.0
m7_ar3_1,143.585,143.585,min,143.58499687824644,142.6305524815547,0.2567894561216235,302.28659090120345,126.81595220509917,175.4706386961043,144.0,471.0,264.0,3.0,143.0,inf,inf,,,,,,,
m7_ar4_1,106.7568769,106.7568769,min,106.75687596472984,106.75675245310634,0.27528372034430504,1.6604419257491827,1.396621037274599,0.2638208884745836,2.0,6.0,0.0,2.0,1.0,106.75687596509891,106.75678469760564,23.547290420159698,62.98132999893278,2.0,6.0,0.0,2.0,1.0
m7_ar5_1,106.4600058,106.4600058,min,106.46000474068518,106.45989996581825,0.2614479186013341,6.043407364748418,5.797767770476639,0.245639594271779,3.0,11.0,4.0,2.0,2.0,106.46000474087649,106.45990479527862,0.25205837935209274,63.562870159745216,3.0,10.0,3.0,2.0,2.0
no7_ar25_1,107.8153083,107.8153052,min,107.86262385901688,107.80548363752793,0.2617562683299184,109.4084955258295,109.21464845817536,0.1938470676541328,3.0,10.0,3.0,2.0,2.0,107.81530522002195,107.81498129656688,0.24663059134036303,116.96286807302386,3.0,11.0,0.0,3.0,2.0
no7_ar2_1,107.8153083,107.8153071,min,107.8626238475258,107.80550044862036,0.255445409566164,67.8000699263066,67.64053086284548,0.1595390634611249,2.0,6.0,0.0,2.0,1.0,107.81530513262844,107.81530513262845,0.24767550081014633,126.87569006439298,3.0,11.0,0.0,3.0,2.0
no7_ar3_1,107.8153083,107.8153081,min,107.8663224942223,107.42917898255038,0.26704004872590303,161.10276392754167,160.84594377875328,0.2568201487883925,3.0,11.0,7.0,2.0,2.0,107.86262385898075,107.80531521118316,0.24785470683127642,221.14799461886287,5.0,19.0,10.0,4.0,3.0
no7_ar4_1,98.51840218,98.518402,min,98.51840119192414,98.51839467865926,0.268633795902133,300.3599570458755,299.20435893535614,1.1555981105193496,7.0,31.0,21.0,7.0,2.0,98.51840119028668,98.09816816469579,0.2482470916584134,246.73851332906636,6.0,22.0,14.0,3.0,5.0
no7_ar5_1,90.62267488,90.62267469,min,90.79626334925996,90.3778253408128,0.269003645516932,300.1107718264684,299.39229734428227,0.7184744821861386,7.0,31.0,21.0,3.0,6.0,90.62267367498792,90.62267377115724,0.262956359423697,300.27319436799735,7.0,24.0,17.0,5.0,4.0
o7,131.6531381,131.6531378,min,inf,inf,,,,,,,,,,inf,inf,,,,,,,
o7_2,116.9459316,116.9459315,min,116.94593023755796,114.8920684974713,0.22107769176363945,300.1064973445609,299.46696897782385,0.6395283667370677,6.0,26.0,21.0,5.0,2.0,119.07026416400606,119.07026408922053,0.2217587511986494,300.0908976914361,6.0,26.0,21.0,6.0,1.0
o7_ar25_1,140.4119583,140.4119581,min,140.4119572943799,139.89687597602756,0.2630512835457921,237.8791528334841,237.5111808869988,0.3679719464853406,4.0,15.0,11.0,3.0,2.0,140.41195729715795,139.97648529301765,0.2640806082636118,181.49106122460216,3.0,11.0,8.0,3.0,1.0
o7_ar2_1,140.4119583,140.4119583,min,140.41195731265466,140.41181242374753,0.2645432408899069,158.8707420481369,158.6206503259018,0.2500917222350836,3.0,11.0,5.0,2.0,2.0,140.41195729746718,140.4109547468839,0.26970387250185013,167.89882402215153,3.0,10.0,4.0,2.0,2.0
o7_ar3_1,137.931839,137.931833,min,137.93183763472666,137.2512803637855,0.25571817718446255,300.0757622262463,299.24716823454946,0.8285939916968346,5.0,21.0,13.0,5.0,2.0,138.1977474481836,136.40837423168313,0.26615546084940434,300.0463564964012,5.0,19.0,15.0,3.0,3.0
o7_ar4_1,131.6531381,131.653135,min,144.79151732257898,136.30417515576445,0.26538348849862814,300.04150563851,299.67199826892465,0.3695073695853352,6.0,26.0,22.0,2.0,4.0,inf,inf,,,,,,,
o7_ar5_1,116.9458471,116.945847,min,124.03103426748036,114.15265426211522,0.2559099830687046,300.0520910033956,299.61724080052227,0.4348502028733492,5.0,21.0,17.0,3.0,2.0,inf,inf,,,,,,,
o8_ar4_1,243.0707486,243.0706612,min,259.4019556873321,259.4017611381135,0.38498074654489756,300.0517386859283,299.2203946299851,0.831344055943191,5.0,21.0,17.0,5.0,1.0,276.3213882966932,246.90745869245367,0.399335372261703,300.04379784688354,5.0,21.0,19.0,5.0,1.0
o9_ar4_1,236.1384562,236.1238687,min,279.1548505745937,265.75572261029646,0.5584415560588241,300.0617128573358,299.30054048262537,0.7611723747104406,5.0,21.0,15.0,3.0,3.0,inf,inf,,,,,,,
p_ball_10b_5p_2d_h,18.71857799,18.71857797,min,18.71857768769345,18.71856985627022,0.37045565340667963,47.54300305712968,33.34204634837806,14.20095670875162,20.0,88.0,26.0,6.0,17.0,18.71857768591968,18.718575147499337,0.36674482375383377,49.56423832755536,24.0,89.0,35.0,8.0,22.0
p_ball_10b_5p_3d_h,44.00421681,44.00421676,min,44.004216500578885,44.00397224699199,0.5363260973244905,114.79854533821344,77.67170997709036,37.126835361123085,28.0,128.0,33.0,8.0,26.0,44.004216501016806,44.00420761233609,0.5406100442633033,99.25477030780166,27.0,98.0,31.0,8.0,24.0
p_ball_10b_5p_4d_h,71.37194798,71.37194791,min,71.37194773608397,68.47167271978657,0.7166033769026399,305.2101913485676,197.3094417117536,107.900749636814,42.0,193.0,59.0,4.0,41.0,71.51757062924753,65.89060142513154,0.7140174694359303,306.41527643986046,39.0,156.0,69.0,13.0,33.0
p_ball_10b_7p_3d_h,109.8032151,109.8032073,min,113.72510981750344,90.90387881355103,0.9587895097211003,301.08262312598526,274.9298062575981,26.152816868387163,22.0,105.0,58.0,10.0,15.0,112.54757291437004,57.64045646406493,1.0950578032061458,300.57053478993475,17.0,68.0,60.0,13.0,6.0
p_ball_15b_5p_2d_h,6.599867696,6.599867674,min,6.599865801730674,6.599467098000751,0.7046642154455185,120.643711168319,59.84150220640004,60.80220896191895,34.0,123.0,33.0,3.0,33.0,6.599865573879321,6.599601370099508,0.7697259848937392,125.96696833334865,29.0,103.0,24.0,5.0,26.0
p_ball_20b_5p_2d_h,2.437175093,2.43717508,min,8.079191446896546,8.079191518625109,1.0671200724318624,319.08247753605247,126.91741041932256,192.16506711672992,45.0,168.0,67.0,8.0,43.0,2.4371748019882213,0.0,1.1760253496468067,300.5641359370202,35.0,110.0,61.0,11.0,28.0
p_ball_20b_5p_3d_h,19.73646908,19.73646443,min,21.131548930734184,21.131548930734184,1.4436769811436534,309.541616583243,187.7206962108612,121.8209203723818,42.0,163.0,79.0,15.0,36.0,19.932390990513746,19.932390990513742,1.4664736175909638,306.83386696502566,42.0,130.0,48.0,4.0,41.0
p_ball_30b_10p_2d_h,41.93395425,0.0,min,inf,inf,,,,,,,,,,158.68682257396756,41.0042278722975,9.402908007614315,301.8546171542257,6.0,24.0,20.0,6.0,1.0
p_ball_30b_5p_2d_h,0.2916294099,0.2916261509,min,1.541238480949803,0.0,2.176595334894955,303.79104160144925,120.03373062238096,183.75731097906828,52.0,134.0,39.0,9.0,51.0,1.173356418981413,1.173356418981413,2.1747538605704904,309.18618515413254,46.0,117.0,36.0,8.0,42.0
p_ball_30b_5p_3d_h,8.218290367,8.218268689,min,16.009981019451313,0.0,2.888308352790773,304.27290397230536,198.0418731654063,106.23103080689908,39.0,124.0,53.0,5.0,37.0,16.08019840519746,16.08019840519746,3.1010992135852575,310.5448899185285,33.0,95.0,46.0,3.0,32.0
p_ball_30b_7p_2d_h,13.93377571,13.93376082,min,22.4454796212546,10.549420805752408,4.199275380000472,305.7976649161428,256.0974749531597,49.70018996298313,15.0,59.0,41.0,9.0,8.0,23.069740296517896,23.069740296517885,7.009495306760073,304.67266491800547,20.0,67.0,45.0,6.0,16.0
p_ball_40b_5p_3d_h,9.777176542,9.777161452,min,13.859461953112486,13.859461953112486,4.910202228464186,307.7912506517023,150.7331749033183,157.058075748384,44.0,111.0,47.0,2.0,43.0,37.76164879750439,37.761648797504385,5.187178814783692,305.9043768681586,22.0,66.0,31.0,4.0,21.0
p_ball_40b_5p_4d_h,30.13272108,30.13269101,min,53.99040466236969,53.990404662369684,6.57782079372555,305.61972914263606,218.4812187962234,87.13851034641266,28.0,79.0,42.0,5.0,26.0,61.90923572023311,0.0,11.095589654520154,302.26409636065364,25.0,75.0,43.0,3.0,23.0
portfol_buyin,0.02942379989,0.02942379979,min,0.0304588565493106,0.028290244692356428,0.3968984577804804,0.0872639929875731,0.067117222584784,0.0201467704027891,2.0,2.0,0.0,2.0,1.0,0.0294237947824237,0.028290244692356428,0.4232039386406541,0.1223844457417726,2.0,3.0,0.0,2.0,1.0
portfol_card,0.03221766181,0.03221766165,min,0.0322176645032622,0.03093828811845734,0.19327032379806042,0.1266429126262664,0.1005499651655554,0.026092947460711,2.0,5.0,0.0,2.0,1.0,0.0322176645032622,0.03093828811845734,0.20850066654384136,0.0681883627548813,2.0,2.0,0.0,2.0,1.0
portfol_roundlot,0.02829063486,0.02829022029,min,0.1172045467060644,0.11099179994341847,0.18891763035207987,9.603979118168354,8.287200005725026,1.316779112443328,63.0,113.0,99.0,6.0,57.0,0.1430077328151166,0.14096467711493468,0.1950771026313305,1.4727964531630278,14.0,31.0,14.0,5.0,11.0
procurement2mot,212.0707488,212.070749,max,-212.0707503436441,-212.07638379537457,1.5558413779363036,20.14938200358301,2.091559249907732,18.05782275367528,5.0,12.0,0.0,4.0,2.0,-212.07075032182863,-212.076531772257,1.4528831420466304,24.87937090266496,4.0,9.0,0.0,3.0,2.0
ravempb,269590.2193,269590.2193,min,269590.2148658474,268012.57279236417,0.19815149251371622,1.2196163423359394,0.9312871526926756,0.2883291896432638,5.0,14.0,7.0,2.0,4.0,269590.2148658474,268126.51629419264,0.22566008567810059,1.1663382854312658,5.0,11.0,2.0,3.0,3.0
risk2bpb,-55.8761394,-55.8761394,min,-55.73616916066832,-55.73616916066832,0.9592512520030141,4.004782884381712,0.5070651667192578,3.4977177176624537,2.0,2.0,0.0,2.0,1.0,-55.73616916066832,-55.736169160668325,1.0412387307733297,8.309709114953876,2.0,5.0,0.0,2.0,1.0
rsyn0805hfsg,1296.120603,1296.120604,max,-1296.1206058218386,-1296.1206058218386,0.5103840474039316,2.265140843577683,0.3699896819889545,1.8951511615887284,2.0,6.0,0.0,2.0,1.0,-1296.1206058218386,-1296.1206058218386,0.8788113640621305,5.052475068718195,3.0,6.0,0.0,3.0,2.0
rsyn0805m,1296.120603,1296.120603,max,-1296.1206095735904,-1296.1206095735904,0.30405320320278406,1.05023995321244,0.6809940654784441,0.3692458877339959,3.0,11.0,0.0,3.0,2.0,-1296.1206095735904,-1296.1206095735904,0.5239175772294402,7.329197217710316,3.0,10.0,0.0,3.0,2.0
rsyn0805m02hfsg,2238.395446,2238.395446,max,-2238.395455975181,-2238.395455975181,2.253420528024435,8.245710618793964,1.5960664367303252,6.649644182063639,4.0,10.0,0.0,2.0,3.0,-2238.395455975181,-2238.395455975181,3.7620939603075385,13.431915582157671,4.0,9.0,0.0,2.0,3.0
rsyn0805m02m,2238.395446,2238.395448,max,-2224.188746734645,-2239.1480034176284,1.3483853852376342,6.6508656572550535,3.614174786023796,3.036690871231258,4.0,16.0,0.0,2.0,3.0,-2226.318033512803,-2246.545288504221,2.1673795953392982,68.04618084523827,4.0,13.0,0.0,2.0,3.0
rsyn0805m03hfsg,3068.931415,3068.931433,max,-3068.931427647126,-3091.8484390071612,5.124225817620754,12.242589113302529,1.5374080557376146,10.705181057564914,3.0,8.0,0.0,2.0,2.0,-3055.252995362063,-3055.252995362063,5.896827862598002,37.2468778975308,5.0,10.0,0.0,3.0,4.0
rsyn0805m03m,3068.931415,3068.931919,max,-3055.931441244039,-3069.042252987365,3.057033736258745,10.061361471191049,4.435635132715106,5.625726338475943,4.0,16.0,0.0,2.0,3.0,-3063.8833203299905,-3069.020943147183,4.074102281592786,39.13780248910189,5.0,17.0,0.0,5.0,3.0
rsyn0805m04hfsg,7174.219035,7174.219103,max,-7174.219052047633,-7207.589792514837,10.565801052376628,20.443677244707946,1.893270164728165,18.550407079979777,2.0,6.0,0.0,2.0,1.0,-7163.108707372181,-7207.589792514837,11.615474984049797,30.287938937544823,2.0,5.0,0.0,2.0,1.0
rsyn0805m04m,7174.219035,7174.219454,max,-7133.10872839225,-7175.899080954805,6.878699946217239,10.76974378619343,3.266942537389696,7.502801248803735,3.0,9.0,0.0,2.0,2.0,-7163.108728392369,-7163.108728392369,6.772319342009723,52.67426458466798,4.0,12.0,0.0,3.0,3.0
rsyn0810hfsg,1721.447711,1721.447711,max,-1721.4477076206383,-1721.4477076206383,0.5264377240091562,2.743487508036196,0.3626700844615698,2.3808174235746264,2.0,6.0,0.0,2.0,1.0,-1718.4477075600746,-1718.4477075600746,0.6824661418795586,6.651619071140885,3.0,4.0,0.0,3.0,1.0
rsyn0810m,1721.447711,1721.447711,max,-1721.4477140708666,-1721.4477140708666,0.29218730702996254,1.7911598850041628,1.3892162535339594,0.4019436314702034,3.0,10.0,0.0,3.0,2.0,-1708.4477202612416,-1721.455208136498,0.38064820412546396,4.980907055549324,2.0,6.0,0.0,2.0,1.0
rsyn0810m02hfsg,1741.386855,1741.386902,max,-1732.97675352656,-1739.0377666105808,2.6932966681197286,10.944181624799969,1.8284889915958047,9.115692633204162,4.0,12.0,0.0,2.0,3.0,-1741.3868738279327,-1741.3868738279327,2.991481796838343,24.192592460662127,5.0,13.0,0.0,3.0,4.0
rsyn0810m02m,1741.386855,1741.3869,max,-1738.9307745636495,-1741.4244541775238,1.5361328599974513,9.97639825847,5.142107868567109,4.83429038990289,5.0,17.0,0.0,3.0,3.0,-1741.386887174608,-1744.2635091381508,1.6854887399822474,24.412701504305005,5.0,15.0,0.0,4.0,2.0
rsyn0810m03hfsg,2722.448006,2722.448482,max,-2722.4480314770944,-2722.4480314770944,6.961723656393588,18.39600727707148,3.226273280568421,15.169733996503057,4.0,12.0,0.0,2.0,3.0,-2716.686738734549,-2716.686738734549,7.732661903835833,40.61176912393421,5.0,9.0,0.0,3.0,3.0
rsyn0810m03m,2722.448006,2722.448653,max,-2722.4480525822296,-2722.448053506857,4.302790340967476,83.99726147763431,71.30246921163052,12.694792266003788,6.0,22.0,0.0,4.0,4.0,-2698.4926748181697,-2721.2082359043466,6.648517444729805,80.20466326642781,5.0,14.0,0.0,3.0,3.0
rsyn0810m04hfsg,6581.934408,6581.934423,max,-6574.477263162914,-6574.477263162914,14.865071700885892,36.43063676916063,3.501654771156609,32.92898199800402,4.0,7.0,0.0,3.0,2.0,-6581.934435751765,-6643.793570267511,14.507637416012585,92.4979752022773,4.0,10.0,0.0,4.0,1.0
rsyn0810m04m,6581.934408,6581.93555,max,-6580.9026874468655,-6592.683981782717,9.97281933017075,21.84574293717742,7.198034751228988,14.647708185948431,4.0,15.0,0.0,3.0,2.0,-6574.47728989106,-6588.871822944026,8.823365462012589,68.78678923007101,4.0,14.0,0.0,3.0,2.0
rsyn0815hfsg,1269.925649,1269.925651,max,-1269.9256453844473,-1269.9256453844473,0.6761787962168455,2.8523337924852967,0.426638382486999,2.4256954099982977,2.0,6.0,0.0,2.0,1.0,-1269.9256453844473,-1269.9256453844473,1.119790080934763,4.5725754871964455,2.0,3.0,0.0,2.0,1.0
rsyn0815m,1269.925649,1269.925652,max,-1269.9256525102546,-1269.9256525102546,0.37127858866006136,2.005102900788188,1.4991972725838425,0.5059056282043457,3.0,11.0,0.0,3.0,2.0,-1269.9256525102546,-1271.1147783345127,0.4581081783398986,9.715343839488924,3.0,10.0,0.0,3.0,1.0
rsyn0815m02hfsg,1774.397335,1774.397335,max,-1774.3973508430147,-1774.397350843015,3.553504985757172,10.643241563811898,2.365312172099948,8.27792939171195,4.0,11.0,0.0,2.0,3.0,-1774.3973508430147,-1774.3973508430147,5.460566680878401,16.040744702331722,5.0,12.0,0.0,2.0,3.0
rsyn0815m02m,1774.397335,1774.397355,max,-1761.3973710168275,-1774.6355133627155,2.0588180450722575,7.023471053689718,3.6553214360028505,3.368149617686868,4.0,16.0,0.0,2.0,3.0,-1774.3973641519558,-1780.9508577629351,1.94393952190876,60.83833067025989,5.0,18.0,0.0,3.0,3.0
rsyn0815m03hfsg,2827.92589,2827.926402,max,-2827.9259083045768,-2853.332365330776,9.453921767883003,17.3526483559981,3.773931956849992,13.578716399148108,4.0,12.0,0.0,2.0,3.0,-2827.6093646373497,-2827.6093646373497,13.51052599772811,27.179130042903125,6.0,17.0,0.0,2.0,4.0
rsyn0815m03m,2827.92589,2827.9259,max,-2827.09310819171,-2827.4835810146674,5.90641385037452,17.490606173872948,8.9073506006971,8.583255573175848,6.0,26.0,0.0,3.0,4.0,-2827.609384738638,-2833.0574819963504,5.788986671715975,90.07295198366046,7.0,23.0,0.0,4.0,4.0
rsyn0815m04hfsg,3410.854344,3410.855163,max,-3410.854358764767,-3425.0495930703637,20.622722604312003,24.93973636534065,6.147932772524655,18.791803592815995,3.0,9.0,0.0,2.0,2.0,-3390.196974651322,-3422.236790908349,20.26064931321889,70.88132080063224,6.0,16.0,0.0,3.0,3.0
rsyn0815m04m,3410.854344,3410.854344,max,-3410.854385560347,-3419.9638487401726,14.092528992332518,41.0031949384138,27.39012997969985,13.613064958713949,5.0,21.0,0.0,3.0,3.0,-3410.854385560347,-3426.704404185861,17.25750072207302,92.08943442907184,5.0,14.0,0.0,3.0,3.0
rsyn0820hfsg,1150.300528,1150.300533,max,-1150.300549101607,-1157.330328641221,0.7987217754125595,3.1378328669816256,0.4741120738908648,2.6637207930907607,2.0,6.0,0.0,2.0,1.0,-1138.4059674805076,-1143.521009195004,0.8482807911932468,15.662120875902474,4.0,7.0,0.0,2.0,3.0
rsyn0820m,1150.300529,1150.300659,max,-1150.3005656748303,-1150.8129792375726,0.4170168284326792,1.6665593991056085,1.0591297214850783,0.6074296776205301,4.0,11.0,0.0,3.0,2.0,-1150.3005656748303,-1150.3005656748303,0.47102274280041456,8.362386612221599,4.0,13.0,0.0,3.0,3.0
rsyn0820m02hfsg,1092.091101,1092.091286,max,-1092.0911170098595,-1092.0911170098598,4.495396664366126,11.810893595218658,2.588845177553594,9.222048417665064,4.0,12.0,0.0,2.0,3.0,-1080.89132742999,-1086.320803350158,4.988355030305684,40.33108246326447,6.0,15.0,0.0,3.0,3.0
rsyn0820m02m,1092.091101,1092.091312,max,-1092.0911299021805,-1092.0911299021805,2.578117825090885,49.71067639719695,43.74259594921023,5.968080447986722,5.0,21.0,0.0,3.0,4.0,-1092.0911299021805,-1092.1151104765554,4.031423561275005,35.22591650299728,5.0,18.0,0.0,4.0,3.0
rsyn0820m03hfsg,2028.811941,2028.812385,max,-2011.2746554945647,-2019.8039384023245,12.074541055597365,21.204806902445853,5.365668827667832,15.83913807477802,4.0,14.0,0.0,2.0,3.0,-2027.3275860311453,-2027.3275860311455,12.098605249077082,113.99408730491996,5.0,13.0,1.0,3.0,3.0
rsyn0820m03m,2028.811941,2028.811945,max,-2028.103607481425,-2028.7213256692369,7.818388204090297,90.51492649503052,76.79978355579078,13.71514293923974,7.0,28.0,0.0,4.0,4.0,-2023.3371625354,-2029.5347095713614,7.344391226768494,99.43103659059852,6.0,18.0,0.0,4.0,3.0
rsyn0820m04hfsg,2450.772201,2450.779273,max,-2435.427741971356,-2443.030063502777,27.298568612895906,28.94698130711913,7.450216322205961,21.49676498491317,4.0,12.0,0.0,2.0,3.0,-2431.6682947680542,-2445.0300722032493,26.709596450440586,69.34870055038482,5.0,14.0,0.0,3.0,3.0
rsyn0820m04m,2450.772201,2450.772414,max,-2450.77226083201,-2450.8866378102853,19.140393887646496,91.92330859228969,76.77321348711848,15.150095105171204,5.0,21.0,0.0,3.0,4.0,-2431.675245418164,-2452.7927383751185,21.405948440544307,107.89568934775887,5.0,14.0,0.0,3.0,3.0
rsyn0830hfsg,510.0720225,510.0720275,max,-509.4855632219596,-513.3521087893043,1.0939563233405352,4.669789023697376,0.9194056382402778,3.7503833854570985,4.0,11.0,0.0,2.0,3.0,-509.4855632219596,-513.3517535093216,2.1067618811503053,9.39343597460538,4.0,9.0,0.0,2.0,3.0
rsyn0830m,510.0720225,510.0720814,max,-509.9370448413973,-510.18414070829806,0.5372609775513411,6.511180332861841,4.554460336454213,1.956719996407628,6.0,18.0,0.0,4.0,4.0,-510.0720285360756,-511.1528999426911,0.9838612070307136,24.091253307648003,5.0,14.0,0.0,4.0,3.0
rsyn0830m02hfsg,730.5072012,730.5074485,max,-728.2386579477484,-731.4458020881443,6.772386907599866,20.46909373253584,2.816609397530556,17.652484335005283,4.0,10.0,0.0,3.0,3.0,-728.2386579477484,-731.0650081548196,7.186037378385663,36.0535011831671,4.0,11.0,0.0,3.0,3.0
rsyn0830m02m,730.5072012,730.5080265,max,-728.7783996749458,-735.3055279062872,4.037243764847517,104.70574220921844,92.0723179904744,12.63342421874404,7.0,21.0,0.0,5.0,3.0,-730.058905034134,-735.3107613087656,4.019560505636036,83.0844164500013,4.0,10.0,0.0,3.0,2.0
rsyn0830m03hfsg,1543.059322,1543.060771,max,-1541.3027006106345,-1541.7049485524303,19.5068364944309,35.4825333179906,7.011046219617128,28.471487098373476,4.0,11.0,0.0,3.0,3.0,-1543.0593824848067,-1543.0593824848067,27.144097548909485,27.91874268930405,5.0,12.0,0.0,3.0,3.0
rsyn0830m03m,1543.059322,1543.059322,max,-1543.0593990072537,-1548.4436343876087,13.266243699006736,45.67553333938122,28.43031285237521,17.24522048700601,5.0,15.0,0.0,4.0,2.0,-1531.4687614812724,-1543.3474177876521,12.379790747538209,111.35183363128452,6.0,14.0,0.0,4.0,3.0
rsyn0830m04hfsg,2529.073411,2529.154834,max,-2521.2528715492417,-2521.2528715492417,46.13470904994756,68.77542383223772,13.524237689562142,55.25118614267558,5.0,15.0,0.0,4.0,3.0,-2524.316807428297,-2546.726671403988,44.52499462943524,78.27867124322802,5.0,15.0,0.0,3.0,3.0
rsyn0830m04m,2529.073411,2529.073418,max,-2522.073506683442,-2529.9916303550362,34.30514154955745,42.12849686294794,16.539005869999528,25.589490992948413,6.0,17.0,0.0,4.0,3.0,-2528.070782102121,-2528.0707821021215,30.43680791836232,132.48180526774377,6.0,19.0,0.0,4.0,3.0
rsyn0840hfsg,325.554507,325.554588,max,-325.55451462433155,-325.5545146243316,1.4471649648621678,5.237017210572958,1.0633348785340786,4.173682332038879,3.0,7.0,0.0,2.0,2.0,-325.55451462433155,-325.55451462433155,2.64286186452955,10.848266738466918,3.0,7.0,0.0,2.0,2.0
rsyn0840m,325.554507,325.554629,max,-325.5545192068541,-326.7892865110652,0.6756651382893324,2.226835122331977,0.8945795819163322,1.3322555404156446,3.0,10.0,0.0,2.0,2.0,-325.5545192068541,-326.73628885563073,0.8157645165920258,15.623892326839268,3.0,9.0,0.0,2.0,2.0
rsyn0840m02hfsg,734.9834974,734.9846345,max,-734.6556425456395,-734.6556425456404,9.939752930775285,31.522236397489905,3.950950085185468,27.57128631230444,4.0,12.0,0.0,4.0,3.0,-731.6764145759118,-732.4895281297671,14.877288985066116,79.69173066783696,6.0,13.0,2.0,4.0,2.0
rsyn0840m02m,734.9834974,734.9840738,max,-733.983564835663,-739.2470497121333,6.11290124244988,19.27701050415635,10.008979815989733,9.268030688166618,4.0,11.0,0.0,3.0,2.0,-734.6556606539958,-735.4511157951857,9.395344872027636,99.22784454654902,6.0,15.0,0.0,4.0,3.0
rsyn0840m03hfsg,2742.645652,2742.647154,max,-2734.2228119394317,-2734.2228119394313,30.012072266079485,29.77427524700761,6.866374502889812,22.9079007441178,3.0,9.0,0.0,2.0,2.0,-2728.9871509943773,-2746.2496760942763,43.80677472334355,71.15044077020139,4.0,6.0,1.0,3.0,1.0
rsyn0840m03m,2742.645652,2742.646358,max,-2723.476308097272,-2746.1869133093473,21.38071027211845,47.89620014373213,37.31686915177852,10.579330991953611,3.0,11.0,0.0,2.0,2.0,-2728.987173960581,-2755.9092164370827,30.997169736772776,124.9355743881315,4.0,13.0,0.0,4.0,1.0
rsyn0840m04hfsg,2564.499483,2564.501451,max,-2561.614005587922,-2561.614005587922,73.33977209590375,63.413265565410256,14.591484959237278,48.82178060617298,4.0,13.0,0.0,3.0,3.0,-2563.500934262692,-2563.5009342626918,67.03400598093867,142.8806585483253,6.0,14.0,1.0,4.0,3.0
rsyn0840m04m,2564.499483,2564.4995,max,-2547.5012627684264,-2564.457107490002,57.27803328540176,113.76450371183456,98.94477239344268,14.81973131839186,3.0,8.0,0.0,2.0,2.0,-2563.5009787335107,-2563.834267877684,72.16422907821834,116.30919285677372,5.0,14.0,0.0,3.0,3.0
sssd08-04,182022.5703,182022.5702,min,182429.4007104114,181463.63748599464,0.18116245791316032,0.4226337512955069,0.3399569885805249,0.082676762714982,4.0,12.0,0.0,2.0,3.0,185595.6238812031,184110.25782965592,0.3564448906108737,0.8063708990812302,4.0,14.0,0.0,2.0,3.0
sssd12-05,281408.6352,281408.6352,min,281864.2324385087,281537.4355471505,0.1109740948304534,0.8499711202457547,0.6637695208191872,0.1862015994265675,4.0,13.0,0.0,2.0,3.0,281864.2324385087,281041.143500828,0.21192212402820587,1.102823520079255,4.0,13.0,0.0,2.0,3.0
sssd15-04,205054.4585,205054.4583,min,205598.6247904889,204410.86427184695,0.10286900866776705,0.7871703840792179,0.6053843265399337,0.1817860575392842,4.0,15.0,0.0,2.0,3.0,205160.9670841025,205160.9670841025,0.19538972713053226,2.364762833341956,6.0,21.0,0.0,4.0,5.0
sssd15-06,539635.4697,539635.2817,min,542000.6610537046,542000.5851591836,0.20683280751109123,7.271319454535842,6.198086040094495,1.0732334144413471,6.0,26.0,1.0,3.0,5.0,547059.0033128052,547059.0033128052,0.22466890141367912,4.512137564830482,6.0,24.0,0.0,3.0,5.0
sssd15-08,562617.8818,562617.8812,min,562717.6668699761,562714.7836166593,0.3993915794417262,4.752872101031244,4.198814088478684,0.5540580125525594,4.0,16.0,2.0,2.0,3.0,576201.4040228351,576201.4040228351,0.4013992166146636,13.730324069969356,6.0,22.0,0.0,4.0,4.0
sssd16-07,417188.8105,417188.7938,min,419645.1297409613,419645.12974096125,0.3281555771827698,4.655661201104522,3.373542464338243,1.2821187367662787,5.0,19.0,0.0,2.0,4.0,420819.3550558988,420819.3550558988,0.3238294031471014,6.92988748010248,6.0,23.0,1.0,3.0,5.0
sssd18-06,397992.2951,397992.2942,min,398640.2285420094,398640.22854200925,0.2880467129871249,2.1782052498310804,1.0819959323853254,1.096209317445755,4.0,15.0,0.0,2.0,3.0,399370.13942539,399370.0998488279,0.2805500505492091,10.38651979342103,6.0,21.0,0.0,4.0,5.0
sssd18-08,832795.5852,832795.292,min,835433.892178138,830074.4549014043,0.6049744496122003,5.004969699308276,3.0473422380164266,1.9576274612918496,5.0,21.0,0.0,2.0,4.0,838844.3124998489,838844.3124998489,0.9749753465875983,16.615452465601265,6.0,24.0,0.0,4.0,4.0
sssd20-04,347691.4105,347691.4101,min,348195.12191514525,346114.65103211283,0.15560306049883366,0.8215857055038214,0.5983366314321756,0.2232490740716457,4.0,16.0,0.0,2.0,3.0,348149.65218380204,347457.2786239143,0.18257550615817308,1.6509700501337647,4.0,15.0,0.0,3.0,3.0
sssd20-08,469619.8376,469619.5679,min,469685.279349116,466394.5173438207,0.7862807121127844,2.860135020688176,2.441740671172738,0.4183943495154381,3.0,11.0,0.0,2.0,2.0,474553.15988824615,474553.15988824615,1.155734091065824,14.83021717518568,6.0,25.0,0.0,3.0,5.0
sssd22-08,508713.7312,508713.3618,min,508773.5758435773,508001.54309837474,0.9992077620700002,7.758393364958465,7.135852579027414,0.6225407859310508,4.0,16.0,0.0,2.0,3.0,513677.41649189417,513042.8874818816,0.9661969691514969,69.87827684357762,7.0,27.0,1.0,2.0,6.0
sssd25-04,300176.5637,300176.5633,min,300368.52769479493,298980.3831004468,0.21889542881399393,0.5749036408960819,0.4435893036425113,0.1313143372535705,2.0,5.0,0.0,2.0,1.0,300747.3854359593,300060.3944576699,0.22413853090256453,1.5338726369664073,5.0,17.0,0.0,4.0,4.0
sssd25-08,472093.078,472093.0775,min,472710.0538850415,469307.2842015014,1.4161139847710729,5.130612556822598,4.263518676161766,0.8670938806608319,4.0,16.0,0.0,2.0,3.0,476677.26348287385,474950.9119888673,1.2824997827410698,14.40238273050636,8.0,32.0,0.0,3.0,7.0
st_e14,4.579582402,4.5795824,min,4.579582373600571,4.579582373600571,0.03745718393474817,0.0984705192968249,0.0407285438850522,0.0577419754117727,5.0,8.0,0.0,2.0,4.0,4.579582373600571,4.579582373600571,0.05207176599651575,0.1216898690909147,5.0,11.0,0.0,2.0,4.0
stockcycle,119948.6883,119949.0,min,130241.5047652714,117916.20281276494,14.758739559911191,301.6844888422638,267.7783149695024,33.90617387276143,34.0,164.0,0.0,7.0,32.0,127382.33276159664,117916.20281276494,11.374880361370742,302.736812797375,35.0,157.0,0.0,4.0,33.0
syn05hfsg,837.7324009,837.7324009,max,-837.4448692389773,-838.0107393990462,0.06516782101243734,0.0614936593919992,0.0467817774042487,0.0147118819877505,2.0,5.0,0.0,2.0,0.0,-837.4448692389773,-838.0107393990462,0.1272827573120594,0.060471324250102,2.0,2.0,0.0,2.0,0.0
syn05m,837.7324009,837.7324009,max,-837.732400041932,-837.732400041932,0.02904373500496149,0.0554515337571501,0.0329042077064514,0.0225473260506987,3.0,5.0,0.0,2.0,1.0,-837.732400041932,-837.732400041932,0.056767174042761326,0.0798768121749162,2.0,3.0,0.0,2.0,1.0
syn05m02hfsg,3032.735386,3032.735455,max,-3032.7353977849407,-3032.7353977849407,0.10581894218921661,0.1493502864614129,0.0846638390794396,0.0646864473819732,2.0,4.0,0.0,2.0,1.0,-3032.7353977849407,-3033.3467486339546,0.20897641591727734,0.2324634036049246,2.0,2.0,0.0,2.0,0.0
syn05m02m,3032.735386,3032.7354,max,-3032.735404473127,-3032.735404473127,0.08201427385210991,0.1226340290158987,0.0811323896050453,0.0415016394108533,3.0,6.0,0.0,3.0,1.0,-3032.735404473127,-3032.735404473127,0.14267568197101355,0.1526598175987601,2.0,3.0,0.0,2.0,1.0
syn05m03hfsg,4027.371755,4027.372147,max,-4027.371769599101,-4027.3717695991013,0.20440072380006313,0.2755790343508124,0.1140178674831986,0.1615611668676138,2.0,4.0,0.0,2.0,1.0,-4027.371769599101,-4027.983129065039,0.3849808042868972,0.5326339611783624,2.0,3.0,0.0,2.0,0.0
syn05m03m,4027.371755,4027.371785,max,-4027.371779866801,-4027.3717798668013,0.13301849830895662,0.2172439200803637,0.0936523005366325,0.1235916195437312,2.0,3.0,0.0,2.0,1.0,-4027.371779866801,-4027.3717798668013,0.23657682910561562,0.3833170216530561,2.0,2.0,0.0,2.0,1.0
syn05m04hfsg,5510.387345,5510.387499,max,-5510.387364929048,-5510.387364929048,0.3302795607596636,0.4005481228232384,0.1358452094718814,0.264702913351357,2.0,4.0,0.0,2.0,1.0,-5510.387364929048,-5510.998733862197,0.3834038134664297,0.6701294621452689,2.0,3.0,0.0,2.0,0.0
syn05m04m,5510.387345,5510.387352,max,-5510.387378054991,-5510.387378054993,0.1863657906651497,0.3865771852433681,0.1732458602637052,0.2133313249796629,3.0,6.0,0.0,3.0,1.0,-5510.387378054991,-5510.387378054993,0.2350481916218996,0.4710459224879741,2.0,4.0,0.0,2.0,1.0
syn10hfsg,1267.35355,1267.35355,max,-1267.3535466108872,-1267.3535466108872,0.08263836894184351,0.1914958478882908,0.0962687013670802,0.0952271465212106,2.0,4.0,0.0,2.0,1.0,-1267.3535466108872,-1267.7093045496931,0.10052760504186153,0.2738091927021742,2.0,2.0,0.0,2.0,0.0
syn10m,1267.35355,1267.35355,max,-1267.3535524455351,-1267.3535524455353,0.05820991564542055,0.1873677615076303,0.0961693171411752,0.091198444366455,4.0,10.0,0.0,4.0,2.0,-1267.3535524455351,-1267.3535524455353,0.07670670095831156,0.0885257981717586,2.0,4.0,0.0,2.0,1.0
syn10m02hfsg,2310.300691,2310.300718,max,-2310.300708300504,-2310.300708300504,0.2633258569985628,0.380746996961534,0.1450354689732194,0.2357115279883146,2.0,5.0,0.0,2.0,1.0,-2310.300708300504,-2310.300708300504,0.31794438138604164,0.6631005238741636,2.0,3.0,0.0,2.0,1.0
syn10m02m,2310.300691,2310.3007,max,-2306.372116414016,-2306.372116414016,0.14696201030164957,0.2433358365669846,0.0971074858680367,0.1462283506989479,2.0,3.0,0.0,2.0,1.0,-2306.372116414016,-2306.372116414016,0.19472086522728205,0.4896178068593144,2.0,4.0,0.0,2.0,1.0
syn10m03hfsg,3354.682795,3354.682823,max,-3354.682820053194,-3354.682820053194,0.5307498052716255,1.277520289644599,0.2361419517546892,1.0413783378899095,2.0,4.0,0.0,2.0,1.0,-3354.682820053194,-3354.682820053194,0.6298769162967801,2.561583586968481,2.0,3.0,0.0,2.0,1.0
syn10m03m,3354.682795,3354.6828,max,-3354.682834703802,-3354.682834703802,0.28058872651308775,0.3520910497754812,0.1717743566259741,0.180316693149507,2.0,3.0,0.0,2.0,1.0,-3354.682834703802,-3354.682834703802,0.3327300539240241,0.7674970468506217,2.0,5.0,0.0,2.0,1.0
syn10m04hfsg,4557.062338,4557.062353,max,-4557.062370607142,-4557.062370607142,0.8931116200983524,2.5727010099217296,0.3975096959620714,2.175191313959658,2.0,5.0,0.0,2.0,1.0,-4557.062370607142,-4558.90697122097,1.0367868533357978,3.4205750292167068,2.0,4.0,0.0,2.0,0.0
syn10m04m,4557.062338,4557.062343,max,-4557.062388609455,-4557.06238860946,0.517752037383616,0.563718200661242,0.184206155128777,0.379512045532465,2.0,3.0,0.0,2.0,1.0,-4557.062388609455,-4557.06238860946,0.5884182685986161,1.127570322714746,2.0,6.0,0.0,2.0,1.0
syn15hfsg,853.2847292,853.2847293,max,-853.2847246578109,-853.2847246578109,0.1451868349686265,0.2281026942655444,0.1008082265034318,0.1272944677621126,2.0,5.0,0.0,2.0,1.0,-853.2847246578109,-854.3228240110074,0.16672566533088684,0.2954589277505874,2.0,2.0,0.0,2.0,0.0
syn15m,853.2847292,853.28473,max,-853.2847307168915,-853.2847307168917,0.0726128276437521,0.1536815967410802,0.1038764622062444,0.0498051345348358,3.0,8.0,0.0,3.0,1.0,-853.2847307168915,-853.2847307168917,0.08475233986973763,0.0990165984258055,2.0,4.0,0.0,2.0,1.0
syn15m02hfsg,2832.748895,2832.748902,max,-2816.411377050096,-2835.619971480927,0.5225656647235155,1.8971049841493368,0.5655141705647111,1.3315908135846255,2.0,5.0,0.0,2.0,1.0,-2832.7488966197807,-2832.7488966197807,0.6029833368957043,2.0047615757212043,2.0,3.0,0.0,2.0,1.0
syn15m02m,2832.748895,2832.7489,max,-2832.748909015821,-2832.7489090158215,0.2667519673705101,0.3432727474719286,0.1144567234441638,0.2288160240277648,2.0,3.0,0.0,2.0,1.0,-2815.7489192558623,-2815.7489192558623,0.31370238307863474,0.6914766328409314,2.0,5.0,0.0,2.0,1.0
syn15m03hfsg,3850.181775,3850.181779,max,-3850.181773703993,-3850.181773703993,1.1250064298510551,3.696386106312275,0.3428706265985966,3.3535154797136784,2.0,5.0,0.0,2.0,1.0,-3850.181773703993,-3850.181773703993,1.202046548947692,3.359540023840964,2.0,3.0,0.0,2.0,1.0
syn15m03m,3850.181775,3850.18181,max,-3850.1817916283408,-3850.181791628342,0.5895203612744808,1.5216422658413649,0.2718849806115031,1.2497572852298615,3.0,6.0,0.0,3.0,1.0,-3828.181812064839,-3828.181812064839,0.6765146711841226,2.1519308146089315,2.0,6.0,0.0,2.0,1.0
syn15m04hfsg,4937.47771,4937.477753,max,-4937.477700664252,-4937.477700664252,2.001972076483071,5.095293225720525,0.4404317941516638,4.654861431568861,2.0,4.0,0.0,2.0,1.0,-4937.477700664252,-4937.477700664252,2.060522696003318,3.753409872762859,2.0,3.0,0.0,2.0,1.0
syn15m04m,4937.47771,4937.47779,max,-4916.478371958343,-4916.478371958343,1.057057460770011,3.3593595968559384,0.4625069200992584,2.89685267675668,3.0,7.0,0.0,3.0,1.0,-4898.478380306412,-4898.478380306412,1.3989361384883523,7.408798777498305,2.0,6.0,0.0,2.0,1.0
syn20hfsg,924.2633105,924.2633114,max,-924.2633334072094,-924.2633334072094,0.1936063151806593,0.2564862100407481,0.1008620094507932,0.1556242005899548,2.0,4.0,0.0,2.0,1.0,-924.2633334072094,-924.2633334072094,0.4131748117506504,0.688333491794765,2.0,4.0,0.0,2.0,1.0
syn20m,924.2633105,924.2633118,max,-924.2633480199114,-924.2633480199114,0.08602005895227194,0.2143514724448323,0.1291997767984867,0.0851516956463456,4.0,7.0,0.0,3.0,3.0,-924.2633480199114,-924.2633480199114,0.17959488555788994,0.5724559044465423,4.0,9.0,0.0,3.0,3.0
syn20m02hfsg,1752.133203,1752.133347,max,-1750.6417995390425,-1757.4453724045427,0.7802782449871302,2.640435356646776,0.2788910921663046,2.361544264480472,2.0,4.0,0.0,2.0,1.0,-1752.1332097989605,-1757.4453724045427,1.6227768957614899,5.403069631196559,2.0,3.0,0.0,2.0,1.0
syn20m02m,1752.133203,1752.133241,max,-1752.133221092609,-1752.1332210926087,0.40967177599668503,0.8519317004829645,0.2792232725769281,0.5727084279060364,4.0,7.0,0.0,3.0,2.0,-1752.133221092609,-1752.1332210926116,0.8065872332081199,3.979337183758616,3.0,7.0,0.0,2.0,1.0
syn20m03hfsg,2646.950917,2646.95092,max,-2631.6064386401536,-2653.9870208194316,1.7891234131529927,5.01291171554476,0.3785524135455489,4.634359301999211,2.0,4.0,0.0,2.0,1.0,-2646.950927959647,-2646.950927959647,3.3312268955633044,8.755001658573747,2.0,3.0,0.0,2.0,1.0
syn20m03m,2646.950917,2646.951296,max,-2646.95094543271,-2646.95094543271,0.8268022229894996,3.183835911564529,0.4014240624383092,2.78241184912622,3.0,6.0,0.0,3.0,2.0,-2646.95094543271,-2647.042173599235,1.0829333560541272,13.370213529095054,3.0,9.0,0.0,3.0,1.0
syn20m04hfsg,3532.743934,3532.744514,max,-3517.399456073016,-3539.7800689958485,2.9724152088165283,4.14648115541786,0.5689603602513671,3.5775207951664925,2.0,5.0,0.0,2.0,1.0,-3532.743947852966,-3532.743947852966,5.994235613383353,14.002194289118052,2.0,4.0,0.0,2.0,1.0
syn20m04m,3532.743934,3532.744464,max,-3532.743971304157,-3532.7439713041576,1.608820153400302,5.155355145223439,0.6810978166759014,4.474257328547537,3.0,6.0,0.0,3.0,2.0,-3532.743971304157,-3532.7439713041576,3.0268440283834934,63.41244033444673,3.0,8.0,0.0,3.0,2.0
syn30hfsg,138.1596024,138.1596025,max,-138.15961184395934,-138.15961184395934,0.3069720221683383,0.7899648090824485,0.2763409977778792,0.5136238113045692,4.0,9.0,0.0,2.0,3.0,-138.15961184395934,-138.15961184395934,0.45826675929129124,1.683901596814394,4.0,8.0,0.0,2.0,3.0
syn30m,138.1596025,138.1596082,max,-138.15961542792107,-138.15961542792107,0.10742157604545355,0.701280533336103,0.3235556092113256,0.3777249241247773,5.0,12.0,0.0,4.0,4.0,-138.15961542792107,-138.15961542792107,0.2533852159976959,1.3015566663816571,5.0,13.0,0.0,4.0,3.0
syn30m02hfsg,399.6831436,399.6833384,max,-399.6831660445115,-399.6831660445115,1.4981436282396317,9.918170629069207,1.136227617971599,8.78194301109761,5.0,14.0,0.0,4.0,3.0,-399.6831660445115,-399.6831660445115,2.8822484454140067,13.691448161378505,4.0,9.0,0.0,3.0,2.0
syn30m02m,399.6831436,399.6840217,max,-399.6831757357607,-399.6831757357607,0.7728769974783063,3.0332302330061798,0.5516853714361787,2.4815448615700006,5.0,9.0,0.0,3.0,3.0,-399.6831757357607,-399.6831757357607,0.9788676239550114,8.792452459223568,5.0,12.0,0.0,3.0,3.0
syn30m03hfsg,654.1541816,654.1541946,max,-654.154217824522,-654.154217824522,3.5752239786088467,11.268240688368678,2.6619506627321243,8.606290025636554,4.0,11.0,0.0,2.0,3.0,-654.154217824522,-654.154217824522,6.7830938110128045,23.34040288813412,4.0,9.0,0.0,3.0,2.0
syn30m03m,654.1541816,654.1542184,max,-654.1542332485425,-654.1542332485425,1.9526422889903188,5.78317797742784,0.8391180243343115,4.944059953093529,5.0,9.0,0.0,3.0,3.0,-654.1542332485425,-654.1542332485425,1.9812515769153833,22.719248895533383,6.0,14.0,0.0,4.0,3.0
syn30m04hfsg,865.7220011,865.7246668,max,-865.7220727836182,-865.7220727836182,7.0590008813887835,15.90345416776836,4.521019513718784,11.382434654049575,4.0,10.0,0.0,2.0,3.0,-861.1530423131896,-863.050505096397,7.155850294046104,12.37039939686656,3.0,7.0,0.0,2.0,2.0
syn30m04m,865.7220011,865.7235329,max,-865.7220922806802,-866.0190089989075,4.168072967790067,14.704573861323295,3.5012202532961965,11.2033536080271,6.0,12.0,0.0,4.0,3.0,-861.0530800523433,-864.0533794213356,4.095749891363084,33.72180856857449,4.0,10.0,0.0,2.0,3.0
syn40hfsg,67.71325586,67.71330285,max,-67.71325713352957,-67.71325713352957,0.5295722642913461,1.8783936072140928,0.5532791391015053,1.325114468112588,5.0,12.0,0.0,2.0,4.0,-67.71325713352957,-67.71325713352957,0.8476640051230788,3.7154764337465167,5.0,11.0,0.0,2.0,4.0
syn40m,67.71325586,67.71326996,max,-67.71326094694408,-67.53782997279833,0.17350552044808865,0.7482073241844773,0.3427606308832764,0.4054466933012008,6.0,14.0,0.0,3.0,4.0,-67.71326094694408,-67.81047249592982,0.2896511070430279,2.0906274262815714,6.0,16.0,0.0,4.0,5.0
syn40m02hfsg,388.7723566,388.7728521,max,-388.48751812925536,-388.97116495850725,2.6890128031373024,11.355405196547508,1.3013646211475134,10.054040575399997,4.0,9.0,0.0,3.0,3.0,-388.7723781229506,-389.70628939382436,4.601972606033087,19.76128384657204,4.0,7.0,0.0,3.0,3.0
syn40m02m,388.7723566,388.77256,max,-387.0423808654231,-387.4740547357584,1.4035906502977014,6.398179275915027,1.0634966799989345,5.334682595916092,4.0,12.0,0.0,4.0,3.0,-388.7723959415132,-388.7723959415132,2.2779029896482825,12.692459609359505,5.0,12.0,0.0,4.0,3.0
syn40m03hfsg,395.1480469,395.1558864,max,-390.3473739532237,-394.04063832624485,6.796576933935285,19.86161126475781,4.09537614043802,15.766235124319792,4.0,14.0,0.0,3.0,2.0,-393.4786595212597,-395.755938293805,11.427688592113554,27.51056579127908,4.0,12.0,0.0,3.0,2.0
syn40m03m,395.1480469,395.14819,max,-393.47867749926337,-393.47867749926337,3.942899110727012,15.542186511680484,6.624691533856094,8.91749497782439,6.0,19.0,0.0,3.0,5.0,-395.14810427391,-397.9746311020497,3.5986852245405316,73.01316915359348,5.0,15.0,0.0,3.0,4.0
syn40m04hfsg,901.7511212,901.7686857,max,-901.751178162418,-901.751178162418,14.257892457768321,19.27698282711208,2.771424511447549,16.50555831566453,3.0,8.0,1.0,2.0,2.0,-900.5797354335369,-900.5797354335369,23.917603893205523,23.95365746319294,4.0,9.0,0.0,2.0,3.0
syn40m04m,901.7511212,901.7529471,max,-901.751219795766,-901.751219795766,8.902989805676043,19.00249157007784,3.593764756806195,15.408726813271642,4.0,10.0,0.0,4.0,2.0,inf,inf,,,,,,,
synthes1,6.00975909,6.00975909,min,6.009758726704932,6.009758726704932,0.0692353518679738,0.0364573365077376,0.0201260121539235,0.0163313243538141,3.0,4.0,0.0,2.0,1.0,6.009758726704932,6.009758726704932,57.701335571706295,0.0397901926189661,3.0,4.0,0.0,2.0,1.0
synthes2,73.03531253,73.03531252,min,73.03531205058363,73.03531205058363,0.019230492413043976,0.0870869699865579,0.0485603967681527,0.0385265732184052,4.0,8.0,0.0,2.0,3.0,73.03531205058363,73.03531205058363,0.021411534398794174,0.1106712520122528,4.0,8.0,0.0,2.0,3.0
synthes3,68.00974052,68.00974052,min,68.00974074385655,67.37109176469531,0.027901874855160713,0.1028335569426417,0.0656428961083293,0.0371906608343124,3.0,7.0,0.0,2.0,2.0,68.00974074385655,67.37109097378976,0.054347128607332706,0.1331444568932056,3.0,7.0,0.0,2.0,2.0
tls12,96.8,20.38700439,min,inf,inf,,,,,,,,,,inf,inf,,,,,,,
tls2,5.3,5.3,min,5.299999919921546,5.299999917954797,0.14702587760984898,0.4455136237666011,0.3482238119468093,0.0972898118197918,6.0,15.0,11.0,6.0,1.0,5.299999917954797,5.299999917954796,0.19003178644925356,0.4713917421177029,6.0,14.0,12.0,6.0,1.0
tls4,8.3,8.3,min,8.299999916280493,7.59999902035896,0.19558029621839523,300.4621697785333,285.0609356695786,15.401234108954668,58.0,274.0,261.0,25.0,33.0,inf,inf,,,,,,,
tls5,10.3,8.9,min,inf,inf,,,,,,,,,,inf,inf,,,,,,,
tls6,15.3,11.2,min,inf,inf,,,,,,,,,,inf,inf,,,,,,,
tls7,15.0,7.071124794,min,inf,inf,,,,,,,,,,inf,inf,,,,,,,
