name,primalbound,dualbound,objsense,noncvx_old.obj,noncvx_old.dual_obj,noncvx_old.load_time,noncvx_old.calc_time,noncvx_old.iter_nr,noncvx_old.NLP_runs,noncvx_old.FNLP_runs,noncvx_old.MIQP_runs,noncvx_old.MILP_runs,noncvx_new.obj,noncvx_new.dual_obj,noncvx_new.load_time,noncvx_new.calc_time,noncvx_new.solver_time,noncvx_new.python_time,noncvx_new.iter_nr,noncvx_new.NLP_runs,noncvx_new.FNLP_runs,noncvx_new.MIQP_runs,noncvx_new.MILP_runs
4stufen,116329.6706,112657.2579,min,inf,inf,,,,,,,,inf,inf,,,,,,,,,
autocorr_bern20-05,-416.0,-416.0,min,-384.0000000074941,-384.0000050873999,0.18092649430036545,0.0531775569543242,2.0,2.0,0.0,2.0,0.0,-384.0000000074941,-384.0000000074941,0.10143049899488688,0.0399759905412793,0.0204785047098994,0.0194974858313798,2.0,2.0,0.0,2.0,1.0
autocorr_bern20-10,-2936.0,-2936.0,min,-2928.0000000074942,-2928.0000000074942,1.0320004280656576,0.5179149340838194,2.0,2.0,0.0,2.0,1.0,-2928.0000000074942,-2928.0000223598877,0.6028613317757845,0.2069929782301187,0.1894994918256998,0.0174934864044189,2.0,2.0,0.0,2.0,0.0
autocorr_bern20-15,-5960.0,-5960.0,min,-5820.000000007494,-5820.000000007494,2.124403405934572,0.9194559259340168,2.0,2.0,0.0,2.0,1.0,-5820.000000007494,-5820.000000007494,1.2770332377403975,0.4384409999474883,0.4094865219667554,0.0289544779807329,2.0,2.0,0.0,2.0,1.0
autocorr_bern25-06,-960.0,-960.0,min,-944.000000007494,-944.0000140323708,0.5739526180550456,0.1934992354363203,2.0,2.0,0.0,2.0,0.0,-944.000000007494,-944.0000000074941,0.33272772934287786,0.0779213849455118,0.0598320756107568,0.0180893093347549,2.0,2.0,0.0,2.0,1.0
autocorr_bern25-13,-8148.0,-8148.000008,min,-7992.000000007494,-7992.000040584548,2.5743404868990183,0.7162924101576209,2.0,2.0,0.0,2.0,0.0,-7992.000000007494,-7992.000000007494,1.5594788556918502,0.3647350277751684,0.3319171005859971,0.0328179271891713,2.0,2.0,0.0,2.0,1.0
autocorr_bern25-19,-14644.0,-14644.0,min,-14476.000000007494,-14476.000054584745,5.036990509368479,1.9632610976696012,2.0,2.0,0.0,2.0,0.0,-14476.000000007494,-14476.000054584745,3.10049507021904,0.8966504652053118,0.8608101159334183,0.0358403492718935,2.0,2.0,0.0,2.0,0.0
autocorr_bern25-25,-10664.0,-10664.0,min,-10544.000000007494,-10544.000000007494,7.009035944007337,2.0728175453841686,2.0,2.0,0.0,2.0,1.0,-10544.000000007494,-10544.000000007494,4.097250466234982,0.9820768497884274,0.9291378315538168,0.0529390182346105,2.0,2.0,0.0,2.0,1.0
autocorr_bern30-04,-324.0,-324.0,min,-320.0000000074941,-320.0000080923262,0.6832731133326888,0.074460744857788,2.0,2.0,0.0,2.0,0.0,-320.0000000074941,-320.0000080923262,0.4245786666870117,0.0515699172392487,0.0307015618309378,0.0208683554083108,2.0,2.0,0.0,2.0,0.0
autocorr_bern30-08,-2952.0,-2952.000003,min,-2904.0000000074942,-2904.0000236123174,1.1876121973618865,0.5220899935811758,2.0,2.0,0.0,2.0,0.0,-2904.0000000074942,-2904.0000000074942,0.7084670960903168,0.2038882244378328,0.1820765379816293,0.0218116864562034,2.0,2.0,0.0,2.0,1.0
autocorr_bern30-15,-15744.0,-17778.0,min,-15424.000000007494,-15424.000000007494,4.891997334547341,1.703078716993332,2.0,2.0,0.0,2.0,1.0,-15424.000000007494,-15424.000000007494,2.863559058867395,0.8207053244113922,0.7782332580536604,0.0424720663577318,2.0,2.0,0.0,2.0,1.0
autocorr_bern30-23,-30460.0,-46768.0,min,-30272.00000000749,-30272.000000007494,6.621435901150107,1.789431033656001,2.0,2.0,0.0,2.0,1.0,-30272.00000000749,-30272.000000007494,6.176481722854078,1.7344303596764803,1.6679869163781404,0.0664434432983398,2.0,2.0,0.0,2.0,1.0
autocorr_bern30-30,-22888.0,-37192.0,min,-22512.00000000749,-22512.000133532823,8.189383479766548,1.8255352349951863,2.0,2.0,0.0,2.0,0.0,-22512.00000000749,-22512.000133532823,8.187670582905412,1.7974214255809784,1.7328991200774908,0.0645223055034875,2.0,2.0,0.0,2.0,0.0
autocorr_bern35-04,-384.0,-384.0,min,-368.0000000074941,-368.0000082990913,0.6620261501520872,0.0392466112971305,2.0,2.0,0.0,2.0,0.0,-368.0000000074941,-368.0000000074941,0.6972052464261651,0.0481718545779585,0.031105026602745,0.0170668279752135,2.0,2.0,0.0,2.0,1.0
autocorr_bern35-09,-5108.0,-5108.000001,min,-5080.000000007494,-5080.000040562266,1.0712338462471962,0.3926045149564743,2.0,2.0,0.0,2.0,0.0,-5080.000000007494,-5080.000040562266,1.117881378158927,0.4356293119490146,0.413288683630526,0.0223406283184885,2.0,2.0,0.0,2.0,0.0
autocorr_bern35-18,-31168.0,-36464.0,min,-30936.00000000749,-30936.000000007494,9.232398207299411,5.230969856493175,2.0,2.0,0.0,2.0,1.0,-30936.00000000749,-30936.000116458334,5.625517563894391,2.416554145514965,2.362830705009401,0.0537234405055642,2.0,2.0,0.0,2.0,0.0
autocorr_bern35-26,-55288.0,-83272.25588,min,-55072.00000000749,-55072.000000007494,17.495168091729283,5.407592546194792,2.0,2.0,0.0,2.0,1.0,-55072.00000000749,-55072.000000007494,10.799177342094481,2.6641312912106514,2.565375987440348,0.0987553037703037,2.0,2.0,0.0,2.0,1.0
autocorr_bern35-35fix,-41068.0,-183683.0,min,-40512.00000000749,-40512.00023919946,23.690706884488463,7.555744220502675,2.0,2.0,0.0,2.0,0.0,-40512.00000000749,-40512.00023919946,14.654355689883232,3.713910831138492,3.612079189158976,0.1018316419795155,2.0,2.0,0.0,2.0,0.0
autocorr_bern40-05,-936.0,-936.0000019,min,-896.0000000074941,-896.0000153363643,1.953479909338057,0.1713549401611089,2.0,2.0,0.0,2.0,0.0,-896.0000000074941,-896.0000000074941,1.171814264729619,0.0644327029585838,0.0458888486027717,0.018543854355812,2.0,2.0,0.0,2.0,1.0
autocorr_bern40-10,-8248.0,-9348.448185,min,-8144.000000007494,-8144.000000007494,3.0861842427402735,0.6857664827257395,2.0,2.0,0.0,2.0,1.0,-8144.000000007494,-8144.000000007494,1.7213999694213271,0.2895342679694295,0.2589424923062324,0.030591775663197,2.0,2.0,0.0,2.0,1.0
autocorr_bern40-20,-50576.0,-69964.01329,min,-50240.00000000749,-50240.00018630719,14.492283521220088,3.0348300049081445,2.0,2.0,0.0,2.0,0.0,-50240.00000000749,-50240.00018630719,8.92702121566981,2.195962092839181,2.126113834790885,0.0698482580482959,2.0,2.0,0.0,2.0,0.0
autocorr_bern40-30,-94992.0,-223432.0603,min,-94520.0000000075,-94520.0000000075,18.09128633979708,4.025562125258148,2.0,2.0,0.0,2.0,1.0,-94520.0000000075,-94520.0000000075,17.999628273770213,4.115472454577684,3.968789553269744,0.1466829013079404,2.0,2.0,0.0,2.0,1.0
autocorr_bern40-40,-68064.0,-213475.0,min,-67392.0000000075,-67392.0000000075,29.66699447017163,9.542541567236183,2.0,2.0,0.0,2.0,1.0,-67392.0000000075,-67392.0000000075,24.561405380256474,4.664504935033619,4.492343679070473,0.1721612559631467,2.0,2.0,0.0,2.0,1.0
autocorr_bern45-05,-1068.0,-1068.0,min,-1024.000000007494,-1024.0000191722534,2.831343707628548,0.1840769574046135,2.0,2.0,0.0,2.0,0.0,-1024.000000007494,-1024.0000191722534,1.8517811773344874,0.078414836898446,0.0619400264695286,0.0164748104289174,2.0,2.0,0.0,2.0,0.0
autocorr_bern45-11,-12748.0,-17147.02857,min,-12520.000000007494,-12520.000000007494,4.407463626936078,1.3931845463812351,2.0,2.0,0.0,2.0,1.0,-12520.000000007494,-12520.000000007494,2.7093104645609856,0.6525099296122789,0.612924374639988,0.0395855549722909,2.0,2.0,0.0,2.0,1.0
autocorr_bern45-23,-85504.0,-185212.7554,min,-84712.0000000075,-84712.0000000075,23.312826133333147,7.257720845751464,2.0,2.0,0.0,2.0,1.0,-84712.0000000075,-84712.0000000075,14.632282766513526,3.788526386022568,3.665112894028425,0.1234134919941425,2.0,2.0,0.0,2.0,1.0
autocorr_bern45-34,-152784.0,-558042.9537,min,-152304.00000000748,-152304.00040051757,44.89882877934724,8.625882517546415,2.0,2.0,0.0,2.0,0.0,-152304.00000000748,-152304.00040051757,28.588610540144145,6.685342889279127,6.503676219843328,0.1816666694357991,2.0,2.0,0.0,2.0,0.0
autocorr_bern45-45,-112916.0,-499337.0,min,-112004.0000000075,-112004.00063365376,48.91794668696821,8.05167592316866,2.0,2.0,0.0,2.0,0.0,-112004.0000000075,-112004.00063365376,38.091717722825706,7.021726096048951,6.816169168800116,0.2055569272488355,2.0,2.0,0.0,2.0,0.0
autocorr_bern50-06,-2160.0,-2560.0,min,-2064.0000000074942,-2064.000024127285,3.29112402535975,0.1644288897514343,2.0,2.0,0.0,2.0,0.0,-2064.0000000074942,-2064.000024127285,2.88173446431756,0.1450787857174873,0.1257611233741045,0.0193176623433828,2.0,2.0,0.0,2.0,0.0
autocorr_bern50-13,-23792.0,-41017.50757,min,-23564.00000000749,-23564.000000007494,5.003048459067941,1.690869155339897,2.0,2.0,0.0,2.0,1.0,-23564.00000000749,-23564.000000007494,4.878076135180891,1.4347961600869894,1.378188081085682,0.0566080790013074,2.0,2.0,0.0,2.0,1.0
autocorr_bern50-25,-125104.0,-415269.219,min,-124268.0000000075,-124268.0000000075,21.792314029298723,4.796949188224971,2.0,2.0,0.0,2.0,1.0,-124268.0000000075,-124268.0000000075,21.13985612988472,4.280957506969571,4.11711398512125,0.1638435218483209,2.0,2.0,0.0,2.0,1.0
autocorr_bern50-38,-232976.0,-1215757.0,min,-232360.00000000748,-232360.00000000748,43.691531877964735,17.52350210957229,2.0,2.0,0.0,2.0,1.0,-232360.00000000748,-232360.00051332288,43.398214511573315,10.63698219601065,10.387644267641008,0.2493379283696413,2.0,2.0,0.0,2.0,0.0
autocorr_bern50-50,-168224.0,-930389.0,min,-166680.00000000748,-166680.00000000748,87.47221173811704,11.552102004177868,2.0,2.0,0.0,2.0,1.0,-166680.00000000748,-166680.00000000748,57.03793440852314,10.369604147039354,10.044394237920642,0.3252099091187119,2.0,2.0,0.0,2.0,1.0
autocorr_bern55-06,-2400.0,-3293.467491,min,-2304.0000000074942,-2304.0000000074942,4.093258143402636,0.2349768141284585,2.0,2.0,0.0,2.0,1.0,-2304.0000000074942,-2304.0000000074942,4.184981394559145,0.2607745733112097,0.2352703539654612,0.0255042193457484,2.0,2.0,0.0,2.0,1.0
autocorr_bern55-14,-33272.0,-64287.88098,min,-32792.000000007494,-32792.00016595195,6.6599991684779525,1.719185103662312,2.0,2.0,0.0,2.0,0.0,-32792.000000007494,-32792.00016595195,6.904203463345766,1.7529386589303613,1.6898570023477075,0.0630816565826535,2.0,2.0,0.0,2.0,0.0
autocorr_bern55-28,-191032.0,-700082.4083,min,-189396.00000000748,-189396.00000000748,32.356403548270464,8.938564763404429,2.0,2.0,0.0,2.0,1.0,-189396.00000000748,-189396.00000000748,31.546655296348035,8.218756242655218,7.982923905365169,0.2358323372900486,2.0,2.0,0.0,2.0,1.0
autocorr_bern55-41,-337388.0,-1930109.0,min,-337056.0000000075,-337056.0000000075,62.87761837337166,15.03037535212934,2.0,2.0,0.0,2.0,1.0,-337056.0000000075,-337056.0000000075,61.58600707631558,13.137627994641662,12.754290343262255,0.3833376513794064,2.0,2.0,0.0,2.0,1.0
autocorr_bern55-55,-241912.0,-1576169.0,min,-238476.00000000748,-238476.00000000748,109.79269518237561,24.85804261919111,2.0,2.0,0.0,2.0,1.0,-238476.00000000748,-238476.00000000748,81.29761157557368,16.312262994237244,15.865205083973706,0.4470579102635383,2.0,2.0,0.0,2.0,1.0
autocorr_bern60-08,-6792.0,-10451.04674,min,-6728.000000007494,-6728.000000007494,6.903354750014842,0.513192743062973,2.0,2.0,0.0,2.0,1.0,-6728.000000007494,-6728.000000007494,6.237920459359884,0.4547502361238003,0.4206521697342396,0.0340980663895607,2.0,2.0,0.0,2.0,1.0
autocorr_bern60-15,-45232.0,-111539.3141,min,-44448.00000000749,-44448.000000007494,9.233110995963216,2.5118861943483357,2.0,2.0,0.0,2.0,1.0,-44448.00000000749,-44448.000000007494,8.893943605013192,2.3626376297324896,2.277782879769802,0.0848547499626874,2.0,2.0,0.0,2.0,1.0
autocorr_bern60-30,-261368.0,-1066563.127,min,-259328.00000000748,-259328.00000000748,44.53403226006776,8.165006931871176,2.0,2.0,0.0,2.0,1.0,-259328.00000000748,-259328.00000000748,42.64129167981446,7.56465776450932,7.272596216760576,0.2920615477487445,2.0,2.0,0.0,2.0,1.0
autocorr_bern60-45,-479032.0,-3134463.0,min,-478640.0000000075,-478640.0009455506,86.00534799601883,31.656786937266588,2.0,2.0,0.0,2.0,0.0,-478640.0000000075,-478640.0009455506,84.74428155273199,17.744832350872457,17.279584983363748,0.4652473675087094,2.0,2.0,0.0,2.0,0.0
autocorr_bern60-60,-350640.0,-2627102.0,min,-350768.0000000075,-350768.0000000075,157.69945742189884,43.211752666160464,2.0,2.0,0.0,2.0,1.0,-350768.0000000075,-350768.0000000075,114.1414595656097,23.613132297061384,23.05737692676485,0.5557553702965379,2.0,2.0,0.0,2.0,1.0
batch0812_nc,2687026.784,2687026.682,min,2707562.1669900334,2692789.8503213134,6.370771378278732,0.6205921042710543,3.0,7.0,2.0,3.0,2.0,2707562.1669900334,2692789.6912496556,6.137644110247493,0.7689247597008944,0.5076939389109612,0.2612308207899332,3.0,7.0,2.0,3.0,2.0
batch_nc,285506.5082,285506.5055,min,285506.5078974896,282907.1143571367,0.04512680973857641,0.0984340254217386,2.0,2.0,0.0,2.0,1.0,285506.5078974896,282907.1143571367,0.045402878895401955,0.0644325464963913,0.0476427301764488,0.0167898163199424,2.0,2.0,0.0,2.0,1.0
beuster,116329.6706,105174.3544,min,inf,inf,,,,,,,,inf,inf,,,,,,,,,
casctanks,9.163479388,9.163320096,min,9.163479254022509,9.162795032863182,1.6435517827048898,9.410802361555398,3.0,4.0,0.0,3.0,2.0,9.163479254022509,9.162553091745933,0.9679973535239697,8.204104303382337,0.7960956757888198,7.408008627593517,3.0,4.0,0.0,3.0,2.0
case_1scv2,7888.565553,68936.95381,max,inf,inf,,,,,,,,inf,inf,,,,,,,,,
cecil_13,-115656.4997,-115656.4999,min,-94766.4240259945,-94766.42402599452,26.90326703619212,25.029360773041844,3.0,6.0,0.0,3.0,2.0,-94766.4240259945,-94766.4240259945,19.98258944414556,17.97437811549753,1.5690571209415791,16.40532099455595,3.0,8.0,0.0,3.0,2.0
chp_partload,23.29810754,20.54512031,min,25.83908980539238,25.83908980539238,26.028174960054457,193.1733423070982,2.0,5.0,2.0,2.0,1.0,inf,inf,,,,,,,,,
chp_shorttermplan1a,214.8424432,214.8391477,min,inf,inf,,,,,,,,216.95649074295656,229.1982058115727,326.03909911680967,258.5178948426619,93.22585907392204,165.29203576873988,18.0,19.0,17.0,18.0,2.0
chp_shorttermplan1b,254.1369842,252.5733089,min,inf,inf,,,,,,,,inf,inf,,,,,,,,,
chp_shorttermplan2a,245800.4121,245800.185,min,inf,inf,,,,,,,,inf,inf,,,,,,,,,
chp_shorttermplan2b,-162735.1963,-162751.4698,min,inf,inf,,,,,,,,inf,inf,,,,,,,,,
chp_shorttermplan2c,,415236.6569,min,inf,inf,,,,,,,,inf,inf,,,,,,,,,
chp_shorttermplan2d,481837.5709,468312.2133,min,inf,inf,,,,,,,,inf,inf,,,,,,,,,
contvar,809149.8272,560271.2759,min,809149.8125599765,769976.8599442414,1.5010195039212704,301.7381202550605,99.0,452.0,0.0,5.0,98.0,809679.594933076,769976.8599442414,1.4889185409992933,302.4181792559102,130.3466173587367,172.07156189717352,117.0,534.0,0.0,6.0,116.0
csched1,-30639.25785,-30639.25788,min,-29279.1675994476,-29279.1675994476,0.11692850198596716,0.122593973763287,2.0,2.0,0.0,2.0,1.0,-29279.1675994476,-29279.1675994476,0.1095280796289444,0.2294225022196769,0.0490129878744483,0.1804095143452286,2.0,2.0,0.0,2.0,1.0
csched1a,-30430.17682,-30430.177,min,-30279.747114268284,-30279.747114268284,0.042609686963260174,0.0317579880356788,2.0,2.0,0.0,2.0,1.0,-30279.747114268284,-30279.747114268284,0.03906537406146526,0.0304867895320057,0.0168957253918051,0.0135910641402006,2.0,2.0,0.0,2.0,1.0
csched2,-166101.9964,-229195.8069,min,-158092.77551309433,-166247.12660587113,3.4429408609867096,303.63206892088056,97.0,432.0,0.0,2.0,96.0,-158092.77551309433,-166247.12660587113,3.398980651050806,303.3065774748102,106.6853821091354,196.6211953656748,125.0,438.0,0.0,2.0,124.0
csched2a,-165398.7013,-303731.3272,min,-160216.23933133212,-161662.98249203694,0.48014221899211407,300.5397845553234,104.0,376.0,0.0,8.0,103.0,-159335.47548022488,-160480.64715678408,0.45260534528642893,92.92157500702888,24.382653114385903,68.53892189264297,101.0,229.0,0.0,6.0,100.0
deb10,209.4278116,0.0,min,209.42774290705364,209.42774290705364,0.7443188726902008,0.7543393662199378,2.0,2.0,0.0,2.0,1.0,209.42774290705364,209.42774290705364,0.425332548096776,0.5096769658848643,0.3192899823188782,0.1903869835659861,2.0,2.0,0.0,2.0,1.0
deb6,201.7393049,0.0,min,201.7392614417501,201.7392614417501,3.418748361058533,25.03615283034742,7.0,20.0,2.0,3.0,6.0,201.7392614417501,200.82556734649302,1.844790835864842,16.880395574495196,9.65818564593792,7.222209928557277,5.0,16.0,1.0,3.0,4.0
deb7,116.5845592,0.0,min,118.80932417703326,118.80932417703326,5.10154062975198,317.53271426446736,14.0,52.0,48.0,4.0,12.0,118.80932417703326,118.80932417703326,4.826902248896658,301.18839392159134,286.4973514555022,14.69104246608913,9.0,36.0,25.0,3.0,8.0
deb8,116.5845592,0.0,min,116.58353464182836,116.58353464182835,9.358035827055573,303.67983194533736,36.0,75.0,31.0,3.0,35.0,116.58353464182836,111.72908251299263,5.004240185022354,288.51620579790324,269.58102715574205,18.93517864216119,5.0,13.0,2.0,4.0,3.0
deb9,116.5845592,0.0,min,120.49059750714038,120.49059750714038,5.25278346799314,305.7342895241454,21.0,59.0,32.0,4.0,20.0,120.49059750714038,120.49059750714038,4.529023396782577,306.5513692051172,291.3919886732474,15.159380531869829,11.0,32.0,19.0,3.0,10.0
eg_all_s,7.657752093,0.0,min,9.147066204487247,9.191517262716959,18.3048247564584,50.01383217331022,5.0,13.0,3.0,3.0,4.0,9.147066204487247,9.147065211997539,16.96657457202673,40.58127482794225,39.86442726198584,0.7168475659564137,5.0,10.0,4.0,3.0,4.0
eg_disc2_s,5.64210058,-5.225776378,min,5.642100351878204,5.589901357189715,22.6896010376513,71.55203109234571,7.0,15.0,0.0,4.0,5.0,5.642100351878204,5.589901357189715,19.547343376092613,32.63154142629355,31.97166272159666,0.6598787046968937,5.0,10.0,0.0,3.0,4.0
eg_disc_s,5.760539616,-0.2567667014,min,5.760539611019829,5.760539611019829,24.031866885721684,28.252582277171317,3.0,4.0,1.0,2.0,2.0,5.760539611019829,5.760539611019829,19.80765334982425,19.2360126208514,18.853050659410652,0.382961961440742,3.0,3.0,1.0,2.0,2.0
eg_int_s,6.453103159,0.0,min,7.887242853518402,7.887242853518402,25.333247896283865,292.437182883732,21.0,24.0,19.0,3.0,20.0,7.887242853518402,7.887242853518402,18.230930158868432,212.66039921250197,210.461732105352,2.1986671071499586,21.0,23.0,19.0,3.0,20.0
eniplac,-132117.083,-132117.0,min,inf,inf,,,,,,,,inf,inf,,,,,,,,,
ex1221,7.667180069,7.667180069,min,7.667180068813135,7.667180061604739,0.13563635759055614,0.0233087120577693,2.0,2.0,0.0,2.0,0.0,7.667180068813135,7.667180061604739,0.24811408575624228,0.0219459934160113,0.0095116952434182,0.0124342981725931,2.0,2.0,0.0,2.0,0.0
ex1222,1.076543083,1.076543083,min,1.076543046303249,1.076543046303249,0.011804232373833656,0.0208585988730192,2.0,2.0,0.0,2.0,1.0,1.076543046303249,1.076543046303249,0.010887294076383114,0.0228531565517187,0.0095926551148295,0.0132605014368891,2.0,3.0,0.0,2.0,1.0
ex1224,-0.9434705,-0.9434705,min,-0.9049614980951736,-0.9049614980951736,0.01523185707628727,0.0452745174989104,3.0,4.0,0.0,2.0,2.0,-0.9049614980951736,-0.9049614980951736,0.014923002570867538,0.0407154681161046,0.0202031023800373,0.0205123657360672,3.0,3.0,0.0,2.0,2.0
ex1225,31.0,31.0,min,31.0,31.0,0.014593037776648998,0.0235356353223323,2.0,3.0,0.0,2.0,1.0,31.0,31.0,0.015137683600187302,0.0250381622463464,0.0096838334575295,0.0153543287888169,2.0,3.0,0.0,2.0,1.0
ex1226,-17.0,-17.0,min,-17.000000002485578,-17.000000002485578,0.01462284754961729,0.0217086700722575,2.0,2.0,0.0,2.0,1.0,-17.000000002485578,-17.000000036229075,0.013444783166050911,0.0178383672609925,0.007864293642342,0.0099740736186504,2.0,2.0,0.0,2.0,0.0
ex1233,155010.6713,154969.4416,min,155522.4621405268,155522.4621405268,0.04740526061505079,0.49353345669806,3.0,10.0,0.0,3.0,2.0,155522.4621405268,154696.23662199397,0.04451083764433861,0.4471543943509459,0.3921021539717912,0.0550522403791546,3.0,9.0,0.0,3.0,2.0
ex1243,83402.50641,83402.50638,min,98519.01147805208,98519.0062284475,0.06716758478432894,0.4440164072439074,2.0,6.0,0.0,2.0,1.0,98519.01147805208,98519.01147805208,0.06268124934285879,0.4531663414090872,0.4194821948185563,0.0336841465905308,2.0,6.0,0.0,2.0,1.0
ex1244,82042.90522,82042.90522,min,82042.90520973454,81945.39297864812,0.10276070516556501,1.3580175396054983,4.0,9.0,1.0,3.0,3.0,82042.90520973454,82042.90468407195,0.10191655345261097,1.4155836747959256,1.152011384256184,0.2635722905397415,6.0,12.0,1.0,3.0,5.0
ex1252,128893.741,128893.741,min,134471.56050035323,134471.56050035323,0.048291245475411415,0.594952660612762,7.0,19.0,11.0,3.0,6.0,134471.56050035323,134469.61446722626,0.04385185521095991,0.5052291797474027,0.4279882712289691,0.0772409085184335,7.0,15.0,11.0,3.0,6.0
ex1252a,128893.741,128893.741,min,134471.5605003532,134471.5605003532,0.038441008888185024,0.3235122002661228,6.0,13.0,6.0,4.0,5.0,134471.5605003532,134471.5605003532,0.03243807889521122,0.2415418419986963,0.1751253986731171,0.0664164433255791,6.0,11.0,6.0,4.0,5.0
ex3pb,68.00974405,68.009743,min,68.00974395350963,68.00974395350963,0.07475661393254995,0.8718929411843419,9.0,26.0,0.0,3.0,8.0,68.00974395350963,68.00945021773434,0.026202495209872723,0.3800043351948261,0.2361539360135793,0.1438503991812467,9.0,28.0,0.0,3.0,8.0
feedtray,-13.40599772,-65.57031214,min,-13.406005537297986,-13.406005549279207,0.3766836253926158,0.3116869917139411,2.0,2.0,0.0,2.0,0.0,-13.406005537297986,-13.406005549279207,0.25339513923972845,0.2406095508486032,0.1404262585565447,0.1001832922920584,2.0,2.0,0.0,2.0,0.0
fin2bb,9.142584466e-12,0.0,min,1.418180867612039e-16,1.5259023990765456e-15,5.167612752877176,39.62317798193544,2.0,4.0,0.0,2.0,1.0,9.735257085812623e-17,1.5259023990765456e-15,4.415280663408339,23.42244021128863,14.898566447198393,8.52387376409024,3.0,4.0,0.0,3.0,0.0
fuzzy,-0.5376997537,,min,inf,inf,,,,,,,,inf,inf,,,,,,,,,
gams02,89466860.66,87127954.23,min,inf,inf,,,,,,,,inf,inf,,,,,,,,,
gams04,418052.4345,418128.0626,max,inf,inf,,,,,,,,inf,inf,,,,,,,,,
gasnet,6999381.562,6417617.349,min,inf,inf,,,,,,,,inf,inf,,,,,,,,,
gastrans,89.08584,89.08584,min,89.08583979013146,89.08583978999103,0.0965254195034504,0.213714687153697,2.0,2.0,0.0,2.0,0.0,89.08583979013146,89.08583978999103,0.09861327707767487,0.3052194509655237,0.2051747515797615,0.1000446993857622,2.0,2.0,0.0,2.0,0.0
gastrans040,0.0,0.0,min,inf,inf,,,,,,,,0.0,0.0,0.6618129182606936,1.3912679683417082,0.3652489678934216,1.0260190004482863,2.0,4.0,0.0,2.0,1.0
gastrans135,0.0,0.0,min,inf,inf,,,,,,,,0.0,0.0,9.136629574932158,75.91542536765337,63.97616951260716,11.939255855046213,2.0,4.0,1.0,2.0,1.0
gastrans582_cold13,0.0,0.0,min,inf,inf,,,,,,,,inf,inf,,,,,,,,,
gastrans582_cold13_95,0.0,0.0,min,inf,inf,,,,,,,,inf,inf,,,,,,,,,
gastrans582_cold17,0.0,0.0,min,inf,inf,,,,,,,,inf,inf,,,,,,,,,
gastrans582_cold17_95,0.0,0.0,min,inf,inf,,,,,,,,inf,inf,,,,,,,,,
gastrans582_cool12,0.0,0.0,min,inf,inf,,,,,,,,inf,inf,,,,,,,,,
gastrans582_cool12_95,0.0,0.0,min,inf,inf,,,,,,,,inf,inf,,,,,,,,,
gastrans582_cool14,0.0,0.0,min,inf,inf,,,,,,,,inf,inf,,,,,,,,,
gastrans582_cool14_95,0.0,0.0,min,inf,inf,,,,,,,,inf,inf,,,,,,,,,
gastrans582_freezing27,,inf,min,inf,inf,,,,,,,,inf,inf,,,,,,,,,
gastrans582_freezing27_95,,inf,min,inf,inf,,,,,,,,inf,inf,,,,,,,,,
gastrans582_freezing30,0.0,0.0,min,inf,inf,,,,,,,,inf,inf,,,,,,,,,
gastrans582_freezing30_95,0.0,0.0,min,inf,inf,,,,,,,,inf,inf,,,,,,,,,
gastrans582_mild10,0.0,0.0,min,inf,inf,,,,,,,,inf,inf,,,,,,,,,
gastrans582_mild10_95,0.0,0.0,min,inf,inf,,,,,,,,inf,inf,,,,,,,,,
gastrans582_mild11,0.0,0.0,min,inf,inf,,,,,,,,inf,inf,,,,,,,,,
gastrans582_mild11_95,0.0,0.0,min,inf,inf,,,,,,,,inf,inf,,,,,,,,,
gastrans582_warm15,0.0,0.0,min,inf,inf,,,,,,,,inf,inf,,,,,,,,,
gastrans582_warm15_95,0.0,0.0,min,inf,inf,,,,,,,,inf,inf,,,,,,,,,
gastrans582_warm31,0.0,0.0,min,inf,inf,,,,,,,,inf,inf,,,,,,,,,
gastrans582_warm31_95,0.0,0.0,min,inf,inf,,,,,,,,inf,inf,,,,,,,,,
gear4,1.643428474,1.643428474,min,120.67522722248653,120.67522722248653,0.7678677421063185,0.0239371992647647,2.0,2.0,0.0,2.0,1.0,165.1196716669457,195.99143941060083,0.24629039596766233,0.1586614856496453,0.0905276015400886,0.0681338841095566,5.0,15.0,0.0,5.0,4.0
ghg_1veh,7.781634885,7.781633845,min,7.781634777411599,7.781634778727874,0.07280950713902712,0.0462170159444212,2.0,2.0,0.0,2.0,0.0,7.781634777411599,7.781634778727874,0.08255365677177906,0.0487448889762163,0.0348768206313252,0.013868068344891,2.0,2.0,0.0,2.0,0.0
ghg_2veh,7.770904543,7.211013447,min,7.770904507805553,7.770904502956747,0.19630933925509453,0.1905773375183344,2.0,2.0,0.0,2.0,1.0,7.770904507805553,7.770904502956747,0.2020229771733284,0.2035100748762488,0.178370775654912,0.0251392992213368,2.0,3.0,0.0,2.0,1.0
ghg_3veh,7.75400605,6.391782164,min,7.781124788229996,7.781123129834559,0.4105564095079899,1.1092738760635257,2.0,2.0,0.0,2.0,1.0,7.781124788229996,7.781123129834559,0.42819697596132755,1.3164219800382853,1.201576464809477,0.1148455152288079,2.0,3.0,0.0,2.0,1.0
gkocis,-1.923098738,-1.923098738,min,-1.9230988288847424,-1.9230988288847426,0.05192157346755266,0.0550368530675768,4.0,7.0,0.0,2.0,3.0,-1.9230988288847424,-1.9230988288847426,0.052004583179950714,0.0436632372438907,0.0209940932691097,0.022669143974781,3.0,5.0,0.0,3.0,2.0
hadamard_4,3.0,3.0,max,-7.494096406374967e-09,-7.494096406374967e-09,0.027487880550324917,0.0141351986676454,2.0,2.0,0.0,2.0,0.0,-7.494096406374967e-09,-7.494096406374967e-09,0.026326658204197884,0.0120458360761404,0.0048494758084416,0.0071963602676987,2.0,2.0,0.0,2.0,0.0
hadamard_5,5.0,5.0,max,-7.494096406374967e-09,-7.494096406374967e-09,0.14749340061098337,0.0194190526381135,2.0,2.0,0.0,2.0,0.0,-7.494096406374967e-09,-7.494096406374967e-09,0.1456012101843953,0.0178370345383882,0.0083182109519839,0.0095188235864043,2.0,2.0,0.0,2.0,0.0
hadamard_6,9.0,25.0,max,-7.494096406374967e-09,-7.494096406374967e-09,1.4595299400389194,0.0891970228403806,2.0,2.0,0.0,2.0,0.0,-7.494096406374967e-09,-7.494096406374967e-09,1.4536831518635154,0.0866761496290564,0.0628796955570578,0.0237964540719985,2.0,2.0,0.0,2.0,0.0
hadamard_7,32.0,721.0,max,-7.494096406374967e-09,-7.494096406374967e-09,16.69180858321488,0.8131433734670281,2.0,2.0,0.0,2.0,0.0,-7.494096406374967e-09,-7.494096406374967e-09,18.008165972307324,0.8220311775803566,0.6534944409504533,0.1685367366299033,2.0,2.0,0.0,2.0,0.0
hadamard_8,56.0,14267.56437,max,-7.494096406374967e-09,-7.494096406374967e-09,6.845220923423767e-07,9.963235394097865,2.0,2.0,0.0,2.0,0.0,-7.494096406374967e-09,-7.494096406374967e-09,204.43339285440743,10.326346299611032,8.391185652464628,1.935160647146404,2.0,2.0,0.0,2.0,0.0
hadamard_9,144.0,,max,inf,inf,,,,,,,,inf,inf,,,,,,,,,
hda,-5964.534084,-5964.534089,min,inf,inf,,,,,,,,inf,inf,,,,,,,,,
heatexch_gen1,154895.933,100552.1931,min,595268.5021631129,133547.63716999942,0.12420626543462276,302.43270097579807,131.0,391.0,261.0,2.0,130.0,595268.5021631129,43007.470147727276,0.12864834070205688,4.9887040462344885,4.866974223405123,0.1217298228293657,2.0,7.0,4.0,2.0,0.0
heatexch_gen2,635838.8464,583986.9098,min,inf,inf,,,,,,,,inf,inf,,,,,,,,,
heatexch_gen3,64843.69761,56002.61806,min,inf,inf,,,,,,,,inf,inf,,,,,,,,,
heatexch_spec1,154997.3349,154954.8189,min,154997.33363762926,154997.33363762926,0.11569001339375973,0.4571895292028785,3.0,9.0,0.0,3.0,2.0,154997.33363762926,154997.33281645726,0.0836683576926589,0.3097637044265866,0.2596746766939759,0.0500890277326107,3.0,9.0,0.0,3.0,2.0
heatexch_spec2,634977.8284,634977.7236,min,634976.3287780631,634976.3287780631,0.10389164462685585,0.717211727052927,2.0,4.0,0.0,2.0,1.0,634976.3287780631,634976.3287780631,0.0774730984121561,0.6698414459824562,0.4665357368066907,0.2033057091757655,2.0,5.0,0.0,2.0,1.0
heatexch_spec3,64141.64425,63595.49388,min,inf,inf,,,,,,,,inf,inf,,,,,,,,,
heatexch_trigen,1001973.081,1002030.768,max,inf,inf,,,,,,,,inf,inf,,,,,,,,,
hybriddynamic_var,1.536415162,1.536415126,min,1.536415142589554,1.536415142589554,0.1346644088625908,0.2969835894182324,2.0,2.0,0.0,2.0,1.0,1.536415142589554,1.536415142589554,0.08722782414406538,0.2214713832363486,0.0687820240855217,0.1526893591508269,2.0,3.0,0.0,2.0,1.0
johnall,-224.7301616,-224.7301616,min,-224.73016203509988,-224.73016203487933,17.383993060328066,3.704703510738909,2.0,3.0,0.0,2.0,0.0,-224.73016203509988,-224.73016203487933,15.755798200145364,3.059406696818769,1.9664577674120665,1.0929489294067023,2.0,3.0,0.0,2.0,0.0
kan_peaks_h1_n2_g24,-5.195664997,-5.195664997,min,0.7148756042678313,0.7871483054646816,8.479982963763177,18.21164203528315,2.0,3.0,0.0,2.0,1.0,0.7148756042678313,0.7871483054646816,5.2616266421973705,15.114802773110569,7.3812102023512125,7.733592570759356,2.0,5.0,0.0,2.0,1.0
kan_peaks_h1_n2_g3,-3.724299989,-3.724299989,min,-3.18619717825212,-3.132713756700046,0.9797913180664182,1.8391355443745847,2.0,2.0,0.0,2.0,0.0,-3.18619717825212,-3.132713756700046,0.6122606871649623,1.1458253543823955,0.7307665897533298,0.415058764629066,2.0,2.0,0.0,2.0,0.0
kan_peaks_h1_n5,-6.553108807,-6.553136808,min,0.3584775277017778,0.3584775277017778,21.767470101825893,34.405201585032046,2.0,2.0,0.0,2.0,1.0,0.3584775277017778,0.3584775277017778,13.836346287280321,49.59594985563308,31.275574675761163,18.32037517987192,2.0,5.0,0.0,2.0,1.0
kan_r3_h1_n3,-0.01365485993,-0.01365485993,min,1.299247400873648,2.034293782647905,5.923672213219106,15.452778968960049,2.0,2.0,0.0,2.0,0.0,1.299247400873648,2.034293782647905,6.1794388089329,19.696566010825336,10.848177201114597,8.848388809710741,2.0,5.0,0.0,2.0,0.0
kan_r3_h1_n4,0.002781237224,-68.849874,min,inf,inf,,,,,,,,inf,inf,,,,,,,,,
kan_r3_h1_n5,-0.01104267941,-27.14361166,min,inf,inf,,,,,,,,inf,inf,,,,,,,,,
kan_r3_h1_n9,0.01296366005,-107.4452405,min,0.6284150103688221,0.6284093432677109,123.44907071720809,117.11009532865135,2.0,2.0,0.0,2.0,0.0,0.6284150103688221,0.6284093432677109,96.81643574405462,104.6958279516548,67.61237554997206,37.083452401682734,2.0,3.0,0.0,2.0,0.0
kan_r5_h1_n3,-262.3058993,-5484.335905,min,65.0962356545122,65.09605704973688,8.134163048118353,16.92554694507271,2.0,2.0,0.0,2.0,1.0,65.0962356545122,65.09605704973688,6.054073731414974,17.826848570257425,8.523937808349729,9.302910761907697,2.0,3.0,0.0,2.0,0.0
kan_r5_h1_n5,0.2726545096,-10.80477537,min,1.9182417804727383,4.057763515796714,21.672603060491383,36.74111809860915,2.0,2.0,0.0,2.0,0.0,1.9182417804727383,4.057763515796714,18.386696632951498,30.39744211826473,13.187477530911565,17.20996458735317,2.0,3.0,0.0,2.0,1.0
kan_r5_h1_n8,0.3606212764,-140.61921,min,49.51383811020612,53.62325336764769,85.94429181423038,71.05625961627811,2.0,2.0,0.0,2.0,0.0,49.51383811020612,53.62325336764769,60.871910714544356,66.67612911295146,25.456678453832865,41.21945065911859,2.0,3.0,0.0,2.0,0.0
kport20,31.8092982,31.80929785,min,32.54491167263655,32.24894634409024,0.7654319209977984,238.41613440960649,56.0,264.0,261.0,8.0,50.0,34.82946508849911,32.13113422139306,0.5287343207746744,300.29393607284874,277.5700283478945,22.723907724954188,123.0,610.0,593.0,3.0,121.0
kport40,37.17581241,35.70087087,min,37.51509131238834,37.27833521420463,0.6963598756119609,10.824854782782497,4.0,15.0,6.0,3.0,3.0,37.62534754086224,37.37476519917892,0.44771555718034506,4.412215543910861,3.1307015558704734,1.2815139880403876,3.0,10.0,3.0,2.0,2.0
lip,5685067.877,5685067.881,max,-5510651.864471845,8.178702023161422e-08,0.1893521323800087,0.397395271807909,2.0,3.0,1.0,2.0,1.0,-5510651.864471845,8.178702023161422e-08,0.12335259653627872,0.2802066821604967,0.2526125609874725,0.0275941211730241,2.0,4.0,1.0,2.0,1.0
mbtd,4.666660034,3.515835946,min,9.25002936886184,7.424999925059089,486.3069824296981,338.35411781910807,6.0,22.0,1.0,5.0,5.0,9.666759520199708,9.708382713798587,417.98909471184015,234.5611689221114,229.90527055971324,4.655898362398148,4.0,13.0,0.0,3.0,3.0
milinfract,2.63389959,2.63389959,max,inf,inf,,,,,,,,inf,inf,,,,,,,,,
multiplants_mtg1a,391.6133684,391.6520411,max,-391.61336843816025,-391.6166057138439,6.891787052154541e-07,6.389690703712404,3.0,9.0,0.0,3.0,2.0,-391.6133684244194,-391.5350304344096,9.052455425262451e-07,4.38772897887975,3.809847586788237,0.5778813920915127,3.0,11.0,0.0,3.0,1.0
multiplants_mtg1b,450.5478177,458.4688915,max,-450.54781775446094,-450.6332504376984,0.5818832069635391,11.953102134168148,4.0,13.0,1.0,4.0,3.0,-450.3345265484692,-450.6880298668749,0.5848117657005787,11.701134732924402,11.197881545871496,0.5032531870529056,3.0,11.0,1.0,3.0,2.0
multiplants_mtg1c,683.9711885,931.1145178,max,-683.9711885667706,-683.9723629957218,0.8687785333022475,5.076319080777466,2.0,5.0,0.0,2.0,1.0,-683.971188563662,-683.9715233568129,0.9137666346505284,5.045344022102654,3.863877834752202,1.181466187350452,2.0,6.0,0.0,2.0,1.0
multiplants_mtg2,7099.186211,7099.186218,max,-7076.86408954794,-7076.86408954794,0.8502534069120884,4.96699517313391,2.0,6.0,0.0,2.0,1.0,-7086.189444826403,-7086.189444826403,0.8323275186121464,3.949357397854328,3.135323330760002,0.814034067094326,2.0,6.0,0.0,2.0,1.0
multiplants_mtg5,5924.649301,5924.699043,max,-5923.459408774158,-5923.459408774158,0.5237065060064197,9.74728742428124,3.0,7.0,0.0,3.0,2.0,-5922.519457502908,-5922.519457502908,0.5250364914536476,18.890053232200444,18.360354584641755,0.5296986475586891,3.0,11.0,1.0,3.0,2.0
multiplants_mtg6,5314.431182,5338.499052,max,-5298.807317435962,-5304.32014886936,1.8491746513172984,81.3803332876414,2.0,5.0,0.0,2.0,1.0,-5269.566423850366,-5305.326713046252,2.4420327926054597,88.62571586668491,85.06764467060566,3.558071196079254,2.0,6.0,1.0,2.0,1.0
multiplants_stg1,355.0866387,1245.219831,max,-355.0866389775255,-358.3058083352259,1.4555556569248438,295.6675472361967,25.0,100.0,0.0,6.0,24.0,-354.6631870753053,-358.1831249381034,1.4479885315522552,115.37121219653636,107.72979939356446,7.6414128029718995,6.0,24.0,0.0,4.0,5.0
multiplants_stg1a,390.9655223,705.8314237,max,-390.9655226479611,-394.78647496965766,1.636630172841251,219.4048295756802,34.0,135.0,0.0,4.0,33.0,-390.9655226479612,-394.81331806565373,1.6055362848564982,213.9116707853973,195.07880216278136,18.832868622615933,36.0,164.0,0.0,3.0,35.0
multiplants_stg1b,471.7496464,706.1541906,max,-471.5813241293698,-471.5813514645422,2.2542634420096874,109.66485275235028,5.0,19.0,0.0,5.0,4.0,-467.7725265051672,-471.65260106715715,2.6520766085013747,59.107062907889485,49.27750444225967,9.829558465629816,4.0,16.0,0.0,4.0,3.0
multiplants_stg1c,708.4403348,1238.314243,max,-699.3600968998159,-705.5182224252482,2.389014187268913,102.071561566554,12.0,45.0,0.0,3.0,11.0,-698.3604878765979,-705.0959401035495,2.3445839202031493,50.68446788471192,42.93532339762896,7.749144487082958,8.0,31.0,0.0,3.0,7.0
multiplants_stg5,5843.272951,6173.257582,max,-5843.272951927086,-5871.325234930231,1.7118915254250169,164.05805338546634,7.0,26.0,0.0,4.0,6.0,-5833.936975794329,-5891.392261958192,1.6815237225964665,97.10927246231586,91.55253010615706,5.556742356158793,5.0,17.0,0.0,3.0,4.0
multiplants_stg6,5166.121303,5166.126466,max,inf,inf,,,,,,,,-5166.121304475787,-5206.468424305333,10.348517408594489,114.51586892362684,108.42986774817108,6.086001175455749,2.0,4.0,0.0,2.0,1.0
nvs01,12.46966882,12.46966882,min,12.46966882156821,12.46966882156821,63.24923898931593,0.044996865093708,3.0,5.0,2.0,3.0,1.0,12.46966882156821,12.46966882156821,0.056128548458218575,0.0437488993629813,0.0219958191737532,0.021753080189228,3.0,5.0,2.0,3.0,1.0
nvs05,5.470934108,5.470934108,min,16.8266994600507,7.377317748195004,0.02220203634351492,300.1683878628537,866.0,1730.0,865.0,2.0,865.0,16.8266994600507,7.377317748195004,0.02105118613690138,0.369528423063457,0.3540673051029444,0.0154611179605126,2.0,3.0,2.0,2.0,1.0
nvs08,23.44972735,23.44972732,min,23.4497273467636,23.4497273467636,0.029951117001473904,0.0278210071846842,2.0,5.0,0.0,2.0,1.0,23.4497273467636,23.4497273467636,0.02180740237236023,0.0300368163734674,0.0133981071412563,0.0166387092322111,2.0,5.0,0.0,2.0,1.0
nvs21,-5.6847825,-5.6847825,min,-4.952077315682856,-4.952077315682856,0.01701882667839527,0.0655550202354788,4.0,8.0,1.0,3.0,3.0,-4.952077315682856,-4.952077315682856,0.01256522536277771,0.058797332458198,0.0277408296242356,0.0310565028339624,4.0,6.0,1.0,3.0,3.0
nvs22,6.05822,6.05822,min,6.05822,6.05822,0.02092023380100727,0.0791025105863809,3.0,6.0,2.0,2.0,2.0,6.05822,6.05822,0.02140470501035452,0.0856725824996829,0.0613102549687027,0.0243623275309801,3.0,6.0,2.0,2.0,2.0
oaer,-1.923098514,-1.923098522,min,inf,inf,,,,,,,,inf,inf,,,,,,,,,
oil,-0.9325081663,-0.9325081663,min,inf,inf,,,,,,,,inf,inf,,,,,,,,,
oil2,-0.7332600119,-0.7332600129,min,inf,inf,,,,,,,,inf,inf,,,,,,,,,
ortez,-9532.039053,-9532.039057,min,inf,inf,,,,,,,,inf,inf,,,,,,,,,
parallel,924.2955507,924.295,min,924.2915486852484,924.290930116088,0.2673187432810664,0.9574711034074426,2.0,3.0,0.0,2.0,1.0,924.2915486852484,924.2915486852482,0.27746161818504333,1.883733025752008,0.450090161524713,1.433642864227295,2.0,6.0,0.0,2.0,1.0
pooling_epa1,-280.8056329,-280.8057003,min,-280.8056029557971,169.2148144620819,0.4767887620255351,1.7636131141334772,2.0,2.0,0.0,2.0,1.0,-280.8056029557971,169.2148144620819,0.4734782185405493,1.9795453930273648,1.4729489935562017,0.5065963994711637,2.0,3.0,0.0,2.0,1.0
pooling_epa2,-4567.355812,-4567.408211,min,-3433.6788485297084,-1384.0154195402029,1.0022098338231444,14.421466019004583,2.0,3.0,1.0,2.0,1.0,-3433.6788485297084,-1384.0154195402029,1.0118939708918333,20.081375093199316,16.950668891891837,3.130706201307476,2.0,4.0,1.0,2.0,1.0
pooling_epa3,-14965.25886,-14998.6,min,-14010.520185836383,-12965.804410009407,8.059384577907622,46.02197150979191,3.0,4.0,0.0,3.0,2.0,-14010.520185836383,-12965.80441907105,11.106182556599379,55.79552369844168,33.61603814922273,22.179485549218956,3.0,5.0,0.0,3.0,2.0
primary,-1.28796692,-1.288003071,min,inf,inf,,,,,,,,inf,inf,,,,,,,,,
procsel,-1.923098738,-1.923098738,min,-1.411002128193271,-1.411002128193271,0.05931795109063387,0.0189999332651495,2.0,2.0,0.0,2.0,1.0,-1.411002128193271,-1.411002128193271,0.059864562936127186,0.019871219061315,0.0086094066500663,0.0112618124112486,2.0,2.0,0.0,2.0,1.0
saa_2,12.1613089,1.995487518,min,12.18366523749161,12.18366523749161,346.5834628837183,303.2418911587447,3.0,7.0,0.0,3.0,2.0,12.191509788496791,12.191509788496791,345.2517723767087,306.9860550677404,184.1807463951409,122.8053086725995,3.0,7.0,0.0,3.0,2.0
sepasequ_complex,368.7616155,343.2876264,min,401.0426497359288,401.04264973592876,10.93858995102346,63.81502100452781,3.0,8.0,0.0,3.0,2.0,368.73442054428114,417.77429531869524,11.705761431716383,59.03136116825044,51.43663602229208,7.594725145958364,3.0,10.0,0.0,3.0,2.0
sepasequ_convent,482.4997971,482.4997952,min,429.7275661819858,429.7275661819858,2.7998901093378663,17.112963144667447,2.0,2.0,0.0,2.0,1.0,429.7275661819858,429.7275661819858,2.8110516937449574,19.648431707173582,12.661308521404862,6.987123185768724,2.0,2.0,0.0,2.0,1.0
sfacloc1_2_80,12.75206232,8.559182845,min,12.918564130008528,12.918564130008527,2.0472769420593977,4.444762486964464,3.0,7.0,0.0,3.0,2.0,12.918564130008528,12.918564130008527,2.110718809068203,5.023882617242634,3.6986734457314014,1.3252091715112329,3.0,7.0,0.0,3.0,2.0
sfacloc1_2_90,17.89155452,13.40914165,min,18.008884377132507,18.008884377132507,0.39823662023991346,0.5560765778645873,2.0,5.0,0.0,2.0,1.0,17.984155621599637,17.963400129523787,0.40885058511048555,0.9678114466369152,0.4594807745888829,0.5083306720480323,2.0,5.0,0.0,2.0,1.0
sfacloc1_2_95,18.8500827,15.77308569,min,18.85007017544136,18.85007020949694,0.1716679185628891,0.3360707275569439,2.0,2.0,0.0,2.0,0.0,18.85007017544136,18.85007020949694,0.2910659583285451,0.7811812628060579,0.2590637849643826,0.5221174778416753,2.0,2.0,0.0,2.0,0.0
sfacloc1_3_80,8.523067051,2.039726769,min,8.608684691592169,8.608684691592169,2.246761188842356,10.338838105089962,3.0,8.0,0.0,3.0,2.0,8.608684691592169,8.608684691592169,2.7263824427500367,8.622461143881083,5.627275072969496,2.9951860709115863,3.0,7.0,0.0,3.0,2.0
sfacloc1_3_90,11.62198856,4.234573713,min,11.900051431868311,11.900051431868313,0.504717412404716,1.327357804402709,2.0,2.0,0.0,2.0,1.0,11.900051431868311,11.900051431868313,0.5251026842743158,1.6218531569465997,0.3510200576856732,1.2708330992609262,2.0,2.0,0.0,2.0,1.0
sfacloc1_3_95,12.30250678,4.997653396,min,12.456719378172272,12.456719419609989,0.2797293597832322,0.7743656449019909,2.0,2.0,0.0,2.0,0.0,12.456719378172272,12.456719419609989,0.2891453793272376,1.380305739119649,0.311711698770523,1.068594040349126,2.0,2.0,0.0,2.0,0.0
sfacloc1_4_80,7.879100964,0.2349042076,min,8.059589175388963,8.399754200906413,2.5200351886451244,15.936919389292598,3.0,8.0,0.0,3.0,1.0,8.076885174530148,8.413667482827234,2.5491304909810424,23.857940707355738,17.763952103443444,6.093988603912294,3.0,9.0,0.0,3.0,1.0
sfacloc1_4_90,10.45745824,1.181527202,min,11.145754337157246,11.859855241614245,0.62178501393646,2.037895404733717,2.0,2.0,0.0,2.0,0.0,11.145754337157246,11.859855241614245,0.647418444044888,2.6371014518663287,0.7544662663713098,1.882635185495019,2.0,2.0,0.0,2.0,0.0
sfacloc1_4_95,11.18412235,1.337228704,min,11.256016108211243,11.682879156374616,0.3787077469751239,1.901757223531604,2.0,2.0,0.0,2.0,0.0,11.256016108211243,11.682879156374616,0.3825474167242646,3.1111429361626506,0.7198669081553817,2.391276028007269,2.0,2.0,0.0,2.0,0.0
sfacloc2_2_80,13.27950736,13.27950734,min,13.301607921648436,13.301607921648436,2.2611153619363904,2.495905041694641,2.0,5.0,0.0,2.0,1.0,13.301607921648436,13.301607921648436,2.323952072300017,4.290862467139959,2.308903562836349,1.9819589043036103,2.0,6.0,0.0,2.0,1.0
sfacloc2_2_90,18.59410919,18.59410919,min,18.755627629238926,18.662413575606116,0.5181978829205036,0.6723580695688725,2.0,4.0,0.0,2.0,1.0,18.755627629238926,18.662413575606116,0.5442434651777148,1.134364703670144,0.5025006243959069,0.6318640792742372,2.0,5.0,0.0,2.0,1.0
sfacloc2_2_95,19.57755165,19.57755165,min,19.63578311934752,19.575916864948354,0.25505656749010086,0.4322876455262303,2.0,4.0,0.0,2.0,1.0,19.63578311934752,19.575916864948354,0.3639786811545491,0.825059911236167,0.4000683454796672,0.4249915657564997,2.0,4.0,0.0,2.0,1.0
sfacloc2_3_80,11.05851806,11.05851805,min,11.34626204073862,11.346262040738619,2.7750602066516876,4.721476047299802,3.0,5.0,0.0,3.0,2.0,11.34626204073862,11.346262040738619,3.774332784116268,6.724711617454886,3.1786898588761687,3.5460217585787177,3.0,9.0,0.0,3.0,2.0
sfacloc2_3_90,15.09450105,15.09450105,min,15.80347036590109,15.796934833880789,0.7978952955454588,1.5537964515388012,2.0,4.0,0.0,2.0,1.0,15.80347036590109,15.79693484424389,1.140653409063816,2.183358133770525,0.623699483461678,1.5596586503088474,2.0,4.0,0.0,2.0,1.0
sfacloc2_3_95,16.15112012,16.15112012,min,16.729037141363168,16.711225118388857,0.4614879908040166,2.5773738073185086,2.0,2.0,0.0,2.0,1.0,16.729037141363168,16.711225121882414,0.48492079321295023,4.358952174894512,3.0923293558880687,1.266622819006443,2.0,3.0,0.0,2.0,1.0
sfacloc2_4_80,9.953071413,9.953071403,min,13.2719960686983,13.305571373031851,3.376190855167806,6.52675137296319,3.0,6.0,0.0,3.0,1.0,13.2719960686983,13.305571526494868,3.9665244044736028,11.143121035769582,3.597415101714432,7.545705934055149,3.0,8.0,0.0,3.0,1.0
sfacloc2_4_90,13.41150335,13.41150335,min,20.48164595283984,20.599235182668878,1.0018436666578054,4.129223862662911,3.0,5.0,0.0,3.0,1.0,20.410820069452235,20.565096022129943,1.2316066697239876,6.111779382452369,0.8511075098067522,5.2606718726456165,3.0,7.0,0.0,3.0,1.0
sfacloc2_4_95,14.29917733,14.29917733,min,25.17408792934857,25.174087929348566,0.6509190546348691,1.878428053110838,2.0,2.0,0.0,2.0,1.0,17.365270952992635,17.290326712056327,0.7293489733710885,3.5334398923441768,0.2969421446323395,3.2364977477118373,2.0,2.0,0.0,2.0,1.0
spring,0.8462441005,0.8462456656,min,1.019707956821128,1.019707956821128,0.05514152999967337,0.1570675726979971,4.0,7.0,2.0,3.0,3.0,1.019707956821128,1.019707956821128,0.06053079478442669,0.1828114408999681,0.1302916724234819,0.0525197684764862,4.0,10.0,2.0,3.0,3.0
st_e15,7.667180069,7.667180069,min,7.667180068813135,7.667180061604702,0.02271142043173313,0.018048420548439,2.0,2.0,0.0,2.0,0.0,7.667180068813135,7.667180061604702,0.02494254894554615,0.0188274728134274,0.0095560075715184,0.009271465241909,2.0,2.0,0.0,2.0,0.0
st_e29,-0.9434705,-0.9434705,min,-0.9049614980951736,-0.9049614980951736,0.016566773876547813,0.0434881104156374,3.0,4.0,0.0,2.0,2.0,-0.9049614980951736,-0.9049614980951736,0.018390633165836334,0.0404669716954231,0.0207913061603903,0.0196756655350327,3.0,3.0,0.0,2.0,2.0
st_e32,-1.430407283,-1.430407285,min,-1.4304072818874314,-1.4304072819251408,0.07846326753497124,0.175453670322895,2.0,2.0,0.0,2.0,1.0,-1.4304072818874314,-1.4304072819422575,0.08181857503950596,0.22694534342736,0.2052927259355783,0.0216526174917817,2.0,3.0,0.0,2.0,1.0
st_e35,64868.07684,64868.07684,min,inf,inf,,,,,,,,inf,inf,,,,,,,,,
st_e36,-246.0,-246.0,min,-244.84344322500849,-198.7880000000055,0.027651785872876644,0.0406564492732286,2.0,2.0,0.0,2.0,0.0,-244.84344322500849,-198.7880000000055,0.032235853374004364,0.0458990493789315,0.0356558673083782,0.0102431820705533,2.0,2.0,0.0,2.0,0.0
st_e38,7197.727149,7197.727149,min,7197.7271168279385,7197.7271122335715,0.014417469501495361,0.0166373495012521,2.0,2.0,0.0,2.0,0.0,7197.7271168279385,7197.7271122335715,0.016926403157413006,0.0184567579999566,0.0082213897258043,0.0102353682741522,2.0,2.0,0.0,2.0,0.0
st_e40,30.4142135,30.41421347,min,inf,inf,,,,,,,,inf,inf,,,,,,,,,
super3t,-0.6859653973,-1.0,min,inf,inf,,,,,,,,inf,inf,,,,,,,,,
supplychainp1_020306,437551.6764,437551.6764,min,437551.6425904805,437551.6425904803,0.27792590390890837,0.5761078242212534,2.0,3.0,0.0,2.0,1.0,437551.6425904805,437551.6425904803,302.1566722569987,0.8797077909111977,0.2213095808401703,0.6583982100710273,2.0,6.0,0.0,2.0,1.0
supplychainp1_022020,1776977.122,1776977.118,min,1784498.1401788709,1783547.575986808,45.065847938880324,90.53063418902455,2.0,5.0,0.0,2.0,1.0,1784498.1401788709,1783546.3953183044,54.09426893759519,122.0394907714799,61.05171080492437,60.987779966555536,2.0,6.0,0.0,2.0,1.0
supplychainp1_030510,860440.9195,860440.9195,min,860440.8575779061,860440.8575779061,1.3103687465190887,4.464653144590557,2.0,4.0,0.0,2.0,1.0,860440.8575779061,860440.8575779061,1.3631106410175562,8.291588940657675,1.444085143506527,6.847503797151148,2.0,6.0,0.0,2.0,1.0
supplychainp1_053050,3728032.756,2956038.568,min,inf,inf,,,,,,,,inf,inf,,,,,,,,,
supplychainr1_020306,437551.183,437551.1825,min,593974.6145859534,643866.67177979,7.133930921554565e-07,1.0351791335269809,5.0,9.0,5.0,4.0,3.0,593974.6145857285,625745.9242028785,8.940696716308594e-07,1.4303917484357953,1.0853170910850167,0.3450746573507786,4.0,12.0,6.0,4.0,2.0
supplychainr1_022020,1776970.202,1776970.2,min,4293439.305411207,4293439.305411207,20.692755503579974,307.37295541074127,27.0,88.0,87.0,13.0,14.0,2458364.21989613,2458364.21989613,28.989742099307477,308.4535549907014,217.4746241159737,90.97893087472768,17.0,69.0,52.0,8.0,10.0
supplychainr1_030510,860440.1578,860440.1578,min,886799.9006097147,886799.9006097141,0.3800462344661355,1.9207324758172035,2.0,4.0,0.0,2.0,1.0,886799.9006097147,886799.9006097141,0.39116851799190044,2.4441765444353223,0.7910983376204967,1.6530782068148255,2.0,5.0,0.0,2.0,1.0
supplychainr1_053050,3728021.355,3685990.705,min,inf,inf,,,,,,,,inf,inf,,,,,,,,,
synheat,154997.3349,154961.2314,min,154997.33365824624,154997.33303675154,0.7402363764122128,0.6714314250275493,5.0,17.0,0.0,3.0,4.0,154997.33365824624,154997.33172104735,1.062639057636261e-06,0.5453284876421094,0.4473287621513009,0.0979997254908084,4.0,14.0,0.0,3.0,3.0
tanksize,1.268643754,1.268643735,min,1.2686437708644465,1.2686437708644465,0.07978654932230711,0.222340052947402,3.0,4.0,1.0,2.0,2.0,1.2686437708644465,1.2686437708644465,0.08442946709692478,0.2026511654257774,0.1617809375748038,0.0408702278509736,3.0,4.0,1.0,2.0,2.0
transswitch0009p,5296.686204,3203.686856,min,inf,inf,,,,,,,,inf,inf,,,,,,,,,
transswitch0009r,5296.686204,5183.482883,min,inf,inf,,,,,,,,inf,inf,,,,,,,,,
transswitch0014p,8082.58169,0.0,min,8082.581682062387,8082.581682062386,0.3962190682068467,0.2470210436731577,2.0,2.0,0.0,2.0,1.0,8082.581682062387,8082.581682062386,0.4128320785239339,0.5181985227391124,0.2460846416652202,0.2721138810738921,2.0,2.0,0.0,2.0,1.0
transswitch0014r,8082.58169,0.0,min,inf,inf,,,,,,,,inf,inf,,,,,,,,,
transswitch0030p,573.9181324,0.0,min,573.9181315327788,573.9181315327788,1.1876700725406408,0.7065773466601968,2.0,2.0,0.0,2.0,1.0,573.9181315327788,573.9181315327788,1.2653544917702675,2.3761732382699847,0.7020292524248362,1.6741439858451486,2.0,2.0,0.0,2.0,1.0
transswitch0030r,573.9181324,0.0,min,inf,inf,,,,,,,,inf,inf,,,,,,,,,
transswitch0039p,41866.12319,2.000000014,min,41866.12316908696,41866.12316908696,1.5229901978746057,0.8875975217670202,2.0,2.0,0.0,2.0,1.0,41866.12316908696,41866.12316908696,1.6607620557770133,2.967453168705106,0.872204408980906,2.0952487597242,2.0,2.0,0.0,2.0,1.0
transswitch0039r,41866.12319,26939.54817,min,inf,inf,,,,,,,,inf,inf,,,,,,,,,
transswitch0057p,,0.0,min,inf,inf,,,,,,,,inf,inf,,,,,,,,,
transswitch0057r,,0.0,min,inf,inf,,,,,,,,inf,inf,,,,,,,,,
transswitch0118p,129466.7953,0.0,min,129467.74661174262,129467.7466117426,14.917051422409713,7.359794571064413,2.0,2.0,0.0,2.0,1.0,129467.74661174262,129467.7466117426,15.907575722783804,21.46858302503824,8.049928724765778,13.418654300272465,2.0,3.0,0.0,2.0,1.0
transswitch0118r,129466.7953,0.0,min,inf,inf,,,,,,,,inf,inf,,,,,,,,,
transswitch0300p,,2.672411677e-09,min,inf,inf,,,,,,,,inf,inf,,,,,,,,,
transswitch0300r,,1.818989404e-12,min,inf,inf,,,,,,,,inf,inf,,,,,,,,,
transswitch2383wpp,,558251.65,min,inf,inf,,,,,,,,inf,inf,,,,,,,,,
transswitch2383wpr,,558251.65,min,inf,inf,,,,,,,,inf,inf,,,,,,,,,
transswitch2736spp,1316355.168,945969.06,min,inf,inf,,,,,,,,inf,inf,,,,,,,,,
transswitch2736spr,1316362.36,945969.06,min,inf,inf,,,,,,,,inf,inf,,,,,,,,,
tspn05,191.2552078,191.2540844,min,191.25520765854355,191.25520765854355,7.580965757369995e-07,0.0577280633151531,2.0,2.0,0.0,2.0,1.0,191.25520765854355,191.25520765854355,9.136274456977844e-07,0.0540133286267519,0.0247935010120272,0.0292198276147246,2.0,2.0,0.0,2.0,1.0
tspn08,290.5668539,288.6896641,min,290.56685370649546,290.6202936106877,0.04970301873981953,0.5130717353895307,2.0,2.0,1.0,2.0,1.0,290.56685370649546,290.6202936106877,0.05767682287842035,0.5203105742111802,0.4921025345101952,0.0282080397009849,2.0,2.0,1.0,2.0,1.0
tspn10,225.1260716,222.4932607,min,235.1562074342253,235.15620074900096,0.07982114795595407,0.1267327452078461,2.0,2.0,0.0,2.0,0.0,235.1562074342253,235.15620743422534,0.08360331505537033,0.1291232956573367,0.1051411647349596,0.0239821309223771,2.0,2.0,0.0,2.0,1.0
tspn12,262.6473957,255.1101615,min,265.85789403710646,265.85789403710646,0.1282371999695897,0.1050144368782639,2.0,2.0,0.0,2.0,1.0,265.85789403710646,265.85789403710646,0.13236380275338888,0.3270153272897005,0.0802011685445904,0.24681415874511,2.0,2.0,0.0,2.0,1.0
tspn15,327.1390621,314.1315695,min,328.90696436131043,332.0459907567525,0.27167580742388964,1.4787994530051949,2.0,2.0,1.0,2.0,1.0,328.90696436131043,332.0459907567525,0.28050599806010723,2.689377075061202,2.251512549817562,0.4378645252436399,2.0,2.0,1.0,2.0,1.0
unitcommit2,578176.639,578176.6384,min,582467.3080278181,536740.7930249259,86.73300900775939,301.15202097501606,24.0,111.0,0.0,7.0,23.0,584837.0462219605,584837.0462219605,118.86140515562147,302.7711893497035,247.22489563934505,55.54629371035844,22.0,105.0,0.0,6.0,21.0
uselinear,-1050.335879,,min,inf,inf,,,,,,,,inf,inf,,,,,,,,,
var_con10,444.213954,0.0,min,444.2137949070794,440.1265916692425,2.956792355515063,3.922212220728397,4.0,9.0,0.0,2.0,3.0,444.2137949070794,442.50093449858673,3.3018221836537123,11.350532897748051,5.245742538012564,6.104790359735489,5.0,12.0,0.0,2.0,4.0
var_con5,278.1448937,0.0,min,278.1447507913739,275.78560674845096,2.4301743945106864,5.698173638433218,5.0,14.0,1.0,2.0,4.0,278.1447507913739,275.67335297621463,2.698268354870379,20.179693932645023,12.767203193157911,7.412490739487112,8.0,26.0,2.0,2.0,7.0
wager,20339.43184,20339.43182,min,inf,inf,,,,,,,,inf,inf,,,,,,,,,
wastepaper3,0.01891836798,0.01891824207,min,0.1865438687766763,0.18654386910763734,0.06494550965726376,0.3324363464489579,7.0,13.0,8.0,5.0,4.0,0.6489999508915237,0.6489999508915237,0.10324806440621614,1.1516678426414728,0.9890438485890628,0.1626239940524101,9.0,26.0,17.0,9.0,2.0
wastepaper4,0.003479162687,0.00347913949,min,0.1865438714210491,0.1865138562775731,0.06718833185732365,0.604710160754621,7.0,13.0,11.0,7.0,2.0,0.1865438699387116,0.1865438550957833,0.12662454135715961,1.4598603006452322,0.679393757134676,0.7804665435105562,5.0,14.0,9.0,5.0,2.0
wastepaper5,0.0008212036779,2.365036897e-05,min,0.0906121756804859,0.2191127971201782,0.13064317218959332,1.3440659679472446,11.0,23.0,14.0,7.0,7.0,0.1865438681988545,0.18649889366697886,0.18688581604510546,2.559446073137224,1.7583851180970669,0.8010609550401568,7.0,23.0,17.0,7.0,2.0
wastepaper6,0.0001263745072,0.0,min,0.0244822494898723,0.08850158351841277,0.17988642305135727,3.795622446574271,17.0,44.0,31.0,12.0,8.0,0.046391274513307,0.08532985496865704,0.3177782064303756,7.087891977280378,5.599127132445574,1.4887648448348043,12.0,43.0,31.0,10.0,5.0
water3,907.0169959,796.4438847,min,inf,inf,,,,,,,,inf,inf,,,,,,,,,
water4,907.0169959,907.0168053,min,972.5457163594988,774.4341329602485,0.3685357542708516,301.6429884089157,129.0,544.0,125.0,2.0,128.0,972.5457163594988,757.4554846933684,0.6102939993143082,301.59007531031966,183.6150818131864,117.97499349713326,110.0,546.0,96.0,2.0,109.0
waterful2,933.1243953,466.8534217,min,inf,inf,,,,,,,,inf,inf,,,,,,,,,
waternd1,606763.1675,606763.1675,min,691650.6952466364,691650.6952466363,0.07793719414621592,0.1835344126448035,2.0,2.0,0.0,2.0,1.0,691650.6952466364,691650.6952466363,0.12392707262188196,0.5129681378602982,0.3069399669766426,0.2060281708836555,2.0,4.0,0.0,2.0,1.0
waternd2,1062685.084,1059307.033,min,1062715.0833730968,1062895.2439441467,0.3709731074050069,0.9500504266470672,2.0,2.0,0.0,2.0,0.0,1062715.0833730968,1062895.2439441467,0.6156972451135516,2.083716301247477,1.1461026538163424,0.9376136474311352,2.0,2.0,0.0,2.0,0.0
waterno2_01,19.45668046,19.45667979,min,133.10741963763584,133.10741963763584,0.1665839347988367,0.1073815701529383,2.0,2.0,0.0,2.0,1.0,133.10741963763584,133.10741963763584,0.2603380298241973,0.4969397680833936,0.1539882915094494,0.3429514765739441,2.0,3.0,0.0,2.0,1.0
waterno2_02,39.57142193,39.57141794,min,266.3193998145,267.24114726819454,0.47489244397729635,0.3700170675292611,3.0,4.0,0.0,3.0,1.0,266.3193998145,267.2411786503483,0.7565659945830703,4.311789381317794,0.2904627779498696,4.021326603367925,3.0,3.0,0.0,3.0,1.0
waterno2_03,115.0045167,115.0017607,min,399.0836980652857,399.0836980652857,0.9251024732366204,0.7279621958732605,3.0,4.0,0.0,3.0,2.0,399.0836980652857,399.0836980652857,1.352653469890356,9.174138575792313,0.9108350640162826,8.26330351177603,3.0,5.0,0.0,3.0,2.0
waterno2_04,145.4397918,145.4392103,min,651.4256227645496,651.425622764548,1.4873288627713919,1.0722491713240745,4.0,4.0,2.0,4.0,2.0,651.4256227645496,651.425622764548,1.870616571046412,25.116089344024655,2.548612982966006,22.56747636105865,5.0,9.0,4.0,5.0,2.0
waterno2_06,282.8880374,108.4043018,min,580.9053833085991,576.1075976094785,2.9383395090699196,9.426831726916134,11.0,19.0,7.0,10.0,4.0,375.89890471007135,375.89890471007135,3.8136439928784966,249.20970982778817,59.55827298667282,189.65143684111536,28.0,76.0,25.0,28.0,4.0
waterno2_09,922.5952898,134.2240446,min,1719.4580233102372,1719.4580233102372,6.3184846779331565,94.15123673994094,49.0,49.0,47.0,49.0,2.0,inf,inf,,,,,,,,,
waterno2_12,2263.358374,280.5539705,min,2528.5410279820258,2486.710557689206,11.05599716398865,300.19346961192787,71.0,128.0,48.0,52.0,23.0,inf,inf,,,,,,,,,
waterno2_18,5269.638815,383.6649097,min,inf,inf,,,,,,,,inf,inf,,,,,,,,,
waterno2_24,7332.721691,474.8317637,min,inf,inf,,,,,,,,inf,inf,,,,,,,,,
waters,907.0169959,220.0215765,min,inf,inf,,,,,,,,inf,inf,,,,,,,,,
watersbp,907.0169959,335.9366372,min,inf,inf,,,,,,,,inf,inf,,,,,,,,,
watersym1,913.7757328,913.7715241,min,inf,inf,,,,,,,,inf,inf,,,,,,,,,
watersym2,940.918868,940.8989509,min,inf,inf,,,,,,,,inf,inf,,,,,,,,,
watertreatnd_conc,348336.7614,348336.7614,min,inf,inf,,,,,,,,inf,inf,,,,,,,,,
watertreatnd_flow,348337.0417,348337.04,min,inf,inf,,,,,,,,inf,inf,,,,,,,,,
waterx,909.0278626,807.0073387,min,968.2052847706104,963.9148519128746,0.09117108955979347,0.2493400461971759,2.0,2.0,0.0,2.0,1.0,968.2052847706104,963.9148519128746,0.09107180964201689,0.2470344835892319,0.2280032616108656,0.0190312219783663,2.0,2.0,0.0,2.0,1.0
waterz,907.0169959,484.9586856,min,1086.306080061576,1129.0131663998716,0.3497609421610832,6.689972731284797,5.0,18.0,7.0,5.0,3.0,inf,inf,,,,,,,,,
windfac,0.2544872983,0.2544872983,min,0.7499999911057013,0.11826203285836179,0.03792997915297747,300.09188687521964,975.0,1950.0,975.0,2.0,974.0,0.7499999911057013,0.11826203285836179,0.04069140832871199,300.21954145561904,52.28094441071153,247.9385970449075,1741.0,3482.0,1741.0,2.0,1740.0
